date,outlet,product,category,units_sold,unit_price,revenue,day_of_week,is_weekend,is_festival,festival_name,days_to_festival,is_wedding_season,is_promotion,temperature_c
2023-01-01,Station Road,Rasgulla,Sweet,78,280,21840,Sunday,1,0,None,60,1,0,16.8
2023-01-01,Station Road,Gulab Jamun,Sweet,83,300,24900,Sunday,1,0,None,60,1,0,16.8
2023-01-01,Station Road,Kaju Katli,Sweet,45,900,40500,Sunday,1,0,None,60,1,0,16.8
2023-01-01,Station Road,Besan Barfi,Sweet,65,420,27300,Sunday,1,0,None,60,1,0,16.8
2023-01-01,Station Road,Motichoor Laddu,Sweet,54,380,20520,Sunday,1,0,None,60,1,0,16.8
2023-01-01,Station Road,Ghewar,Sweet,5,500,2500,Sunday,1,0,None,60,1,0,16.8
2023-01-01,Station Road,Gajak,Sweet,66,320,21120,Sunday,1,0,None,60,1,0,16.8
2023-01-01,Station Road,Soan Papdi,Sweet,37,300,11100,Sunday,1,0,None,60,1,0,16.8
2023-01-01,Station Road,Bikaneri Bhujia,Namkeen,145,360,52200,Sunday,1,0,None,60,1,0,16.8
2023-01-01,Station Road,Aloo Bhujia,Namkeen,53,300,15900,Sunday,1,0,None,60,1,0,16.8
2023-01-02,Station Road,Rasgulla,Sweet,48,280,13440,Monday,0,0,None,60,1,0,13.9
2023-01-02,Station Road,Gulab Jamun,Sweet,54,300,16200,Monday,0,0,None,60,1,0,13.9
2023-01-02,Station Road,Kaju Katli,Sweet,37,900,33300,Monday,0,0,None,60,1,0,13.9
2023-01-02,Station Road,Besan Barfi,Sweet,41,420,17220,Monday,0,0,None,60,1,0,13.9
2023-01-02,Station Road,Motichoor Laddu,Sweet,38,380,14440,Monday,0,0,None,60,1,0,13.9
2023-01-02,Station Road,Ghewar,Sweet,1,500,500,Monday,0,0,None,60,1,0,13.9
2023-01-02,Station Road,Gajak,Sweet,34,320,10880,Monday,0,0,None,60,1,0,13.9
2023-01-02,Station Road,Soan Papdi,Sweet,23,300,6900,Monday,0,0,None,60,1,0,13.9
2023-01-02,Station Road,Bikaneri Bhujia,Namkeen,101,360,36360,Monday,0,0,None,60,1,0,13.9
2023-01-02,Station Road,Aloo Bhujia,Namkeen,34,300,10200,Monday,0,0,None,60,1,0,13.9
2023-01-03,Station Road,Rasgulla,Sweet,30,280,8400,Tuesday,0,0,None,60,1,0,12.8
2023-01-03,Station Road,Gulab Jamun,Sweet,52,300,15600,Tuesday,0,0,None,60,1,0,12.8
2023-01-03,Station Road,Kaju Katli,Sweet,33,900,29700,Tuesday,0,0,None,60,1,0,12.8
2023-01-03,Station Road,Besan Barfi,Sweet,30,420,12600,Tuesday,0,0,None,60,1,0,12.8
2023-01-03,Station Road,Motichoor Laddu,Sweet,38,380,14440,Tuesday,0,0,None,60,1,0,12.8
2023-01-03,Station Road,Ghewar,Sweet,1,500,500,Tuesday,0,0,None,60,1,0,12.8
2023-01-03,Station Road,Gajak,Sweet,42,320,13440,Tuesday,0,0,None,60,1,0,12.8
2023-01-03,Station Road,Soan Papdi,Sweet,24,300,7200,Tuesday,0,0,None,60,1,0,12.8
2023-01-03,Station Road,Bikaneri Bhujia,Namkeen,84,360,30240,Tuesday,0,0,None,60,1,0,12.8
2023-01-03,Station Road,Aloo Bhujia,Namkeen,43,300,12900,Tuesday,0,0,None,60,1,0,12.8
2023-01-04,Station Road,Rasgulla,Sweet,51,280,14280,Wednesday,0,0,None,60,1,0,19.2
2023-01-04,Station Road,Gulab Jamun,Sweet,50,300,15000,Wednesday,0,0,None,60,1,0,19.2
2023-01-04,Station Road,Kaju Katli,Sweet,33,900,29700,Wednesday,0,0,None,60,1,0,19.2
2023-01-04,Station Road,Besan Barfi,Sweet,43,420,18060,Wednesday,0,0,None,60,1,0,19.2
2023-01-04,Station Road,Motichoor Laddu,Sweet,38,380,14440,Wednesday,0,0,None,60,1,0,19.2
2023-01-04,Station Road,Ghewar,Sweet,0,500,0,Wednesday,0,0,None,60,1,0,19.2
2023-01-04,Station Road,Gajak,Sweet,42,320,13440,Wednesday,0,0,None,60,1,0,19.2
2023-01-04,Station Road,Soan Papdi,Sweet,24,300,7200,Wednesday,0,0,None,60,1,0,19.2
2023-01-04,Station Road,Bikaneri Bhujia,Namkeen,105,360,37800,Wednesday,0,0,None,60,1,0,19.2
2023-01-04,Station Road,Aloo Bhujia,Namkeen,41,300,12300,Wednesday,0,0,None,60,1,0,19.2
2023-01-05,Station Road,Rasgulla,Sweet,47,280,13160,Thursday,0,0,None,60,1,0,18.1
2023-01-05,Station Road,Gulab Jamun,Sweet,52,300,15600,Thursday,0,0,None,60,1,0,18.1
2023-01-05,Station Road,Kaju Katli,Sweet,33,900,29700,Thursday,0,0,None,60,1,0,18.1
2023-01-05,Station Road,Besan Barfi,Sweet,41,378,15498,Thursday,0,0,None,60,1,1,18.1
2023-01-05,Station Road,Motichoor Laddu,Sweet,40,380,15200,Thursday,0,0,None,60,1,0,18.1
2023-01-05,Station Road,Ghewar,Sweet,2,500,1000,Thursday,0,0,None,60,1,0,18.1
2023-01-05,Station Road,Gajak,Sweet,41,320,13120,Thursday,0,0,None,60,1,0,18.1
2023-01-05,Station Road,Soan Papdi,Sweet,22,300,6600,Thursday,0,0,None,60,1,0,18.1
2023-01-05,Station Road,Bikaneri Bhujia,Namkeen,99,360,35640,Thursday,0,0,None,60,1,0,18.1
2023-01-05,Station Road,Aloo Bhujia,Namkeen,55,300,16500,Thursday,0,0,None,60,1,0,18.1
2023-01-06,Station Road,Rasgulla,Sweet,64,280,17920,Friday,0,0,None,60,1,0,14.9
2023-01-06,Station Road,Gulab Jamun,Sweet,66,300,19800,Friday,0,0,None,60,1,0,14.9
2023-01-06,Station Road,Kaju Katli,Sweet,27,900,24300,Friday,0,0,None,60,1,0,14.9
2023-01-06,Station Road,Besan Barfi,Sweet,58,420,24360,Friday,0,0,None,60,1,0,14.9
2023-01-06,Station Road,Motichoor Laddu,Sweet,49,380,18620,Friday,0,0,None,60,1,0,14.9
2023-01-06,Station Road,Ghewar,Sweet,2,500,1000,Friday,0,0,None,60,1,0,14.9
2023-01-06,Station Road,Gajak,Sweet,52,320,16640,Friday,0,0,None,60,1,0,14.9
2023-01-06,Station Road,Soan Papdi,Sweet,28,270,7560,Friday,0,0,None,60,1,1,14.9
2023-01-06,Station Road,Bikaneri Bhujia,Namkeen,104,360,37440,Friday,0,0,None,60,1,0,14.9
2023-01-06,Station Road,Aloo Bhujia,Namkeen,49,300,14700,Friday,0,0,None,60,1,0,14.9
2023-01-07,Station Road,Rasgulla,Sweet,69,280,19320,Saturday,1,0,None,60,1,0,15.2
2023-01-07,Station Road,Gulab Jamun,Sweet,85,300,25500,Saturday,1,0,None,60,1,0,15.2
2023-01-07,Station Road,Kaju Katli,Sweet,44,900,39600,Saturday,1,0,None,60,1,0,15.2
2023-01-07,Station Road,Besan Barfi,Sweet,48,420,20160,Saturday,1,0,None,60,1,0,15.2
2023-01-07,Station Road,Motichoor Laddu,Sweet,63,342,21546,Saturday,1,0,None,60,1,1,15.2
2023-01-07,Station Road,Ghewar,Sweet,0,500,0,Saturday,1,0,None,60,1,0,15.2
2023-01-07,Station Road,Gajak,Sweet,77,320,24640,Saturday,1,0,None,60,1,0,15.2
2023-01-07,Station Road,Soan Papdi,Sweet,37,300,11100,Saturday,1,0,None,60,1,0,15.2
2023-01-07,Station Road,Bikaneri Bhujia,Namkeen,153,360,55080,Saturday,1,0,None,60,1,0,15.2
2023-01-07,Station Road,Aloo Bhujia,Namkeen,57,300,17100,Saturday,1,0,None,60,1,0,15.2
2023-01-08,Station Road,Rasgulla,Sweet,83,280,23240,Sunday,1,0,pre-Makar Sankranti,59,1,0,14.7
2023-01-08,Station Road,Gulab Jamun,Sweet,96,300,28800,Sunday,1,0,pre-Makar Sankranti,59,1,0,14.7
2023-01-08,Station Road,Kaju Katli,Sweet,70,900,63000,Sunday,1,0,pre-Makar Sankranti,59,1,0,14.7
2023-01-08,Station Road,Besan Barfi,Sweet,58,420,24360,Sunday,1,0,pre-Makar Sankranti,59,1,0,14.7
2023-01-08,Station Road,Motichoor Laddu,Sweet,80,380,30400,Sunday,1,0,pre-Makar Sankranti,59,1,0,14.7
2023-01-08,Station Road,Ghewar,Sweet,2,500,1000,Sunday,1,0,pre-Makar Sankranti,59,1,0,14.7
2023-01-08,Station Road,Gajak,Sweet,64,320,20480,Sunday,1,0,pre-Makar Sankranti,59,1,0,14.7
2023-01-08,Station Road,Soan Papdi,Sweet,38,300,11400,Sunday,1,0,pre-Makar Sankranti,59,1,0,14.7
2023-01-08,Station Road,Bikaneri Bhujia,Namkeen,191,360,68760,Sunday,1,0,pre-Makar Sankranti,59,1,0,14.7
2023-01-08,Station Road,Aloo Bhujia,Namkeen,71,300,21300,Sunday,1,0,pre-Makar Sankranti,59,1,0,14.7
2023-01-09,Station Road,Rasgulla,Sweet,58,280,16240,Monday,0,0,pre-Makar Sankranti,58,1,0,14.2
2023-01-09,Station Road,Gulab Jamun,Sweet,80,300,24000,Monday,0,0,pre-Makar Sankranti,58,1,0,14.2
2023-01-09,Station Road,Kaju Katli,Sweet,50,900,45000,Monday,0,0,pre-Makar Sankranti,58,1,0,14.2
2023-01-09,Station Road,Besan Barfi,Sweet,70,420,29400,Monday,0,0,pre-Makar Sankranti,58,1,0,14.2
2023-01-09,Station Road,Motichoor Laddu,Sweet,66,380,25080,Monday,0,0,pre-Makar Sankranti,58,1,0,14.2
2023-01-09,Station Road,Ghewar,Sweet,1,500,500,Monday,0,0,pre-Makar Sankranti,58,1,0,14.2
2023-01-09,Station Road,Gajak,Sweet,56,320,17920,Monday,0,0,pre-Makar Sankranti,58,1,0,14.2
2023-01-09,Station Road,Soan Papdi,Sweet,35,300,10500,Monday,0,0,pre-Makar Sankranti,58,1,0,14.2
2023-01-09,Station Road,Bikaneri Bhujia,Namkeen,127,360,45720,Monday,0,0,pre-Makar Sankranti,58,1,0,14.2
2023-01-09,Station Road,Aloo Bhujia,Namkeen,48,300,14400,Monday,0,0,pre-Makar Sankranti,58,1,0,14.2
2023-01-10,Station Road,Rasgulla,Sweet,73,280,20440,Tuesday,0,0,pre-Makar Sankranti,57,1,0,18.2
2023-01-10,Station Road,Gulab Jamun,Sweet,89,300,26700,Tuesday,0,0,pre-Makar Sankranti,57,1,0,18.2
2023-01-10,Station Road,Kaju Katli,Sweet,72,900,64800,Tuesday,0,0,pre-Makar Sankranti,57,1,0,18.2
2023-01-10,Station Road,Besan Barfi,Sweet,72,420,30240,Tuesday,0,0,pre-Makar Sankranti,57,1,0,18.2
2023-01-10,Station Road,Motichoor Laddu,Sweet,74,380,28120,Tuesday,0,0,pre-Makar Sankranti,57,1,0,18.2
2023-01-10,Station Road,Ghewar,Sweet,1,500,500,Tuesday,0,0,pre-Makar Sankranti,57,1,0,18.2
2023-01-10,Station Road,Gajak,Sweet,49,320,15680,Tuesday,0,0,pre-Makar Sankranti,57,1,0,18.2
2023-01-10,Station Road,Soan Papdi,Sweet,55,300,16500,Tuesday,0,0,pre-Makar Sankranti,57,1,0,18.2
2023-01-10,Station Road,Bikaneri Bhujia,Namkeen,171,360,61560,Tuesday,0,0,pre-Makar Sankranti,57,1,0,18.2
2023-01-10,Station Road,Aloo Bhujia,Namkeen,54,300,16200,Tuesday,0,0,pre-Makar Sankranti,57,1,0,18.2
2023-01-11,Station Road,Rasgulla,Sweet,82,280,22960,Wednesday,0,0,pre-Makar Sankranti,56,1,0,14.3
2023-01-11,Station Road,Gulab Jamun,Sweet,108,300,32400,Wednesday,0,0,pre-Makar Sankranti,56,1,0,14.3
2023-01-11,Station Road,Kaju Katli,Sweet,86,900,77400,Wednesday,0,0,pre-Makar Sankranti,56,1,0,14.3
2023-01-11,Station Road,Besan Barfi,Sweet,105,420,44100,Wednesday,0,0,pre-Makar Sankranti,56,1,0,14.3
2023-01-11,Station Road,Motichoor Laddu,Sweet,69,380,26220,Wednesday,0,0,pre-Makar Sankranti,56,1,0,14.3
2023-01-11,Station Road,Ghewar,Sweet,5,500,2500,Wednesday,0,0,pre-Makar Sankranti,56,1,0,14.3
2023-01-11,Station Road,Gajak,Sweet,66,320,21120,Wednesday,0,0,pre-Makar Sankranti,56,1,0,14.3
2023-01-11,Station Road,Soan Papdi,Sweet,67,300,20100,Wednesday,0,0,pre-Makar Sankranti,56,1,0,14.3
2023-01-11,Station Road,Bikaneri Bhujia,Namkeen,200,360,72000,Wednesday,0,0,pre-Makar Sankranti,56,1,0,14.3
2023-01-11,Station Road,Aloo Bhujia,Namkeen,78,300,23400,Wednesday,0,0,pre-Makar Sankranti,56,1,0,14.3
2023-01-12,Station Road,Rasgulla,Sweet,92,280,25760,Thursday,0,0,pre-Makar Sankranti,55,1,0,16.0
2023-01-12,Station Road,Gulab Jamun,Sweet,113,300,33900,Thursday,0,0,pre-Makar Sankranti,55,1,0,16.0
2023-01-12,Station Road,Kaju Katli,Sweet,102,900,91800,Thursday,0,0,pre-Makar Sankranti,55,1,0,16.0
2023-01-12,Station Road,Besan Barfi,Sweet,101,420,42420,Thursday,0,0,pre-Makar Sankranti,55,1,0,16.0
2023-01-12,Station Road,Motichoor Laddu,Sweet,108,380,41040,Thursday,0,0,pre-Makar Sankranti,55,1,0,16.0
2023-01-12,Station Road,Ghewar,Sweet,3,500,1500,Thursday,0,0,pre-Makar Sankranti,55,1,0,16.0
2023-01-12,Station Road,Gajak,Sweet,84,320,26880,Thursday,0,0,pre-Makar Sankranti,55,1,0,16.0
2023-01-12,Station Road,Soan Papdi,Sweet,74,300,22200,Thursday,0,0,pre-Makar Sankranti,55,1,0,16.0
2023-01-12,Station Road,Bikaneri Bhujia,Namkeen,200,360,72000,Thursday,0,0,pre-Makar Sankranti,55,1,0,16.0
2023-01-12,Station Road,Aloo Bhujia,Namkeen,94,300,28200,Thursday,0,0,pre-Makar Sankranti,55,1,0,16.0
2023-01-13,Station Road,Rasgulla,Sweet,138,252,34776,Friday,0,0,pre-Makar Sankranti,54,1,1,15.3
2023-01-13,Station Road,Gulab Jamun,Sweet,150,300,45000,Friday,0,0,pre-Makar Sankranti,54,1,0,15.3
2023-01-13,Station Road,Kaju Katli,Sweet,125,900,112500,Friday,0,0,pre-Makar Sankranti,54,1,0,15.3
2023-01-13,Station Road,Besan Barfi,Sweet,101,420,42420,Friday,0,0,pre-Makar Sankranti,54,1,0,15.3
2023-01-13,Station Road,Motichoor Laddu,Sweet,126,380,47880,Friday,0,0,pre-Makar Sankranti,54,1,0,15.3
2023-01-13,Station Road,Ghewar,Sweet,3,500,1500,Friday,0,0,pre-Makar Sankranti,54,1,0,15.3
2023-01-13,Station Road,Gajak,Sweet,100,320,32000,Friday,0,0,pre-Makar Sankranti,54,1,0,15.3
2023-01-13,Station Road,Soan Papdi,Sweet,84,300,25200,Friday,0,0,pre-Makar Sankranti,54,1,0,15.3
2023-01-13,Station Road,Bikaneri Bhujia,Namkeen,269,360,96840,Friday,0,0,pre-Makar Sankranti,54,1,0,15.3
2023-01-13,Station Road,Aloo Bhujia,Namkeen,100,300,30000,Friday,0,0,pre-Makar Sankranti,54,1,0,15.3
2023-01-14,Station Road,Rasgulla,Sweet,287,280,80360,Saturday,1,1,Makar Sankranti,53,1,0,19.3
2023-01-14,Station Road,Gulab Jamun,Sweet,387,300,116100,Saturday,1,1,Makar Sankranti,53,1,0,19.3
2023-01-14,Station Road,Kaju Katli,Sweet,257,900,231300,Saturday,1,1,Makar Sankranti,53,1,0,19.3
2023-01-14,Station Road,Besan Barfi,Sweet,266,420,111720,Saturday,1,1,Makar Sankranti,53,1,0,19.3
2023-01-14,Station Road,Motichoor Laddu,Sweet,277,380,105260,Saturday,1,1,Makar Sankranti,53,1,0,19.3
2023-01-14,Station Road,Ghewar,Sweet,5,500,2500,Saturday,1,1,Makar Sankranti,53,1,0,19.3
2023-01-14,Station Road,Gajak,Sweet,184,320,58880,Saturday,1,1,Makar Sankranti,53,1,0,19.3
2023-01-14,Station Road,Soan Papdi,Sweet,175,300,52500,Saturday,1,1,Makar Sankranti,53,1,0,19.3
2023-01-14,Station Road,Bikaneri Bhujia,Namkeen,569,360,204840,Saturday,1,1,Makar Sankranti,53,1,0,19.3
2023-01-14,Station Road,Aloo Bhujia,Namkeen,198,300,59400,Saturday,1,1,Makar Sankranti,53,1,0,19.3
2023-01-15,Station Road,Rasgulla,Sweet,68,280,19040,Sunday,1,0,None,52,1,0,16.0
2023-01-15,Station Road,Gulab Jamun,Sweet,91,300,27300,Sunday,1,0,None,52,1,0,16.0
2023-01-15,Station Road,Kaju Katli,Sweet,54,900,48600,Sunday,1,0,None,52,1,0,16.0
2023-01-15,Station Road,Besan Barfi,Sweet,57,420,23940,Sunday,1,0,None,52,1,0,16.0
2023-01-15,Station Road,Motichoor Laddu,Sweet,61,380,23180,Sunday,1,0,None,52,1,0,16.0
2023-01-15,Station Road,Ghewar,Sweet,1,500,500,Sunday,1,0,None,52,1,0,16.0
2023-01-15,Station Road,Gajak,Sweet,73,320,23360,Sunday,1,0,None,52,1,0,16.0
2023-01-15,Station Road,Soan Papdi,Sweet,41,300,12300,Sunday,1,0,None,52,1,0,16.0
2023-01-15,Station Road,Bikaneri Bhujia,Namkeen,155,360,55800,Sunday,1,0,None,52,1,0,16.0
2023-01-15,Station Road,Aloo Bhujia,Namkeen,67,300,20100,Sunday,1,0,None,52,1,0,16.0
2023-01-16,Station Road,Rasgulla,Sweet,43,280,12040,Monday,0,0,None,51,1,0,17.2
2023-01-16,Station Road,Gulab Jamun,Sweet,55,270,14850,Monday,0,0,None,51,1,1,17.2
2023-01-16,Station Road,Kaju Katli,Sweet,25,900,22500,Monday,0,0,None,51,1,0,17.2
2023-01-16,Station Road,Besan Barfi,Sweet,38,420,15960,Monday,0,0,None,51,1,0,17.2
2023-01-16,Station Road,Motichoor Laddu,Sweet,27,380,10260,Monday,0,0,None,51,1,0,17.2
2023-01-16,Station Road,Ghewar,Sweet,0,500,0,Monday,0,0,None,51,1,0,17.2
2023-01-16,Station Road,Gajak,Sweet,42,320,13440,Monday,0,0,None,51,1,0,17.2
2023-01-16,Station Road,Soan Papdi,Sweet,11,300,3300,Monday,0,0,None,51,1,0,17.2
2023-01-16,Station Road,Bikaneri Bhujia,Namkeen,99,360,35640,Monday,0,0,None,51,1,0,17.2
2023-01-16,Station Road,Aloo Bhujia,Namkeen,29,300,8700,Monday,0,0,None,51,1,0,17.2
2023-01-17,Station Road,Rasgulla,Sweet,47,280,13160,Tuesday,0,0,None,50,1,0,13.9
2023-01-17,Station Road,Gulab Jamun,Sweet,34,300,10200,Tuesday,0,0,None,50,1,0,13.9
2023-01-17,Station Road,Kaju Katli,Sweet,28,900,25200,Tuesday,0,0,None,50,1,0,13.9
2023-01-17,Station Road,Besan Barfi,Sweet,37,420,15540,Tuesday,0,0,None,50,1,0,13.9
2023-01-17,Station Road,Motichoor Laddu,Sweet,41,380,15580,Tuesday,0,0,None,50,1,0,13.9
2023-01-17,Station Road,Ghewar,Sweet,1,500,500,Tuesday,0,0,None,50,1,0,13.9
2023-01-17,Station Road,Gajak,Sweet,54,320,17280,Tuesday,0,0,None,50,1,0,13.9
2023-01-17,Station Road,Soan Papdi,Sweet,20,300,6000,Tuesday,0,0,None,50,1,0,13.9
2023-01-17,Station Road,Bikaneri Bhujia,Namkeen,142,324,46008,Tuesday,0,0,None,50,1,1,13.9
2023-01-17,Station Road,Aloo Bhujia,Namkeen,41,300,12300,Tuesday,0,0,None,50,1,0,13.9
2023-01-18,Station Road,Rasgulla,Sweet,49,280,13720,Wednesday,0,0,None,49,1,0,16.7
2023-01-18,Station Road,Gulab Jamun,Sweet,63,300,18900,Wednesday,0,0,None,49,1,0,16.7
2023-01-18,Station Road,Kaju Katli,Sweet,24,900,21600,Wednesday,0,0,None,49,1,0,16.7
2023-01-18,Station Road,Besan Barfi,Sweet,40,420,16800,Wednesday,0,0,None,49,1,0,16.7
2023-01-18,Station Road,Motichoor Laddu,Sweet,40,380,15200,Wednesday,0,0,None,49,1,0,16.7
2023-01-18,Station Road,Ghewar,Sweet,0,500,0,Wednesday,0,0,None,49,1,0,16.7
2023-01-18,Station Road,Gajak,Sweet,51,320,16320,Wednesday,0,0,None,49,1,0,16.7
2023-01-18,Station Road,Soan Papdi,Sweet,22,300,6600,Wednesday,0,0,None,49,1,0,16.7
2023-01-18,Station Road,Bikaneri Bhujia,Namkeen,105,360,37800,Wednesday,0,0,None,49,1,0,16.7
2023-01-18,Station Road,Aloo Bhujia,Namkeen,48,300,14400,Wednesday,0,0,None,49,1,0,16.7
2023-01-19,Station Road,Rasgulla,Sweet,38,280,10640,Thursday,0,0,None,48,1,0,11.8
2023-01-19,Station Road,Gulab Jamun,Sweet,59,300,17700,Thursday,0,0,None,48,1,0,11.8
2023-01-19,Station Road,Kaju Katli,Sweet,39,900,35100,Thursday,0,0,None,48,1,0,11.8
2023-01-19,Station Road,Besan Barfi,Sweet,42,420,17640,Thursday,0,0,None,48,1,0,11.8
2023-01-19,Station Road,Motichoor Laddu,Sweet,47,342,16074,Thursday,0,0,None,48,1,1,11.8
2023-01-19,Station Road,Ghewar,Sweet,3,450,1350,Thursday,0,0,None,48,1,1,11.8
2023-01-19,Station Road,Gajak,Sweet,44,320,14080,Thursday,0,0,None,48,1,0,11.8
2023-01-19,Station Road,Soan Papdi,Sweet,25,300,7500,Thursday,0,0,None,48,1,0,11.8
2023-01-19,Station Road,Bikaneri Bhujia,Namkeen,121,360,43560,Thursday,0,0,None,48,1,0,11.8
2023-01-19,Station Road,Aloo Bhujia,Namkeen,39,300,11700,Thursday,0,0,None,48,1,0,11.8
2023-01-20,Station Road,Rasgulla,Sweet,49,280,13720,Friday,0,0,None,47,1,0,17.7
2023-01-20,Station Road,Gulab Jamun,Sweet,64,300,19200,Friday,0,0,None,47,1,0,17.7
2023-01-20,Station Road,Kaju Katli,Sweet,47,900,42300,Friday,0,0,None,47,1,0,17.7
2023-01-20,Station Road,Besan Barfi,Sweet,42,420,17640,Friday,0,0,None,47,1,0,17.7
2023-01-20,Station Road,Motichoor Laddu,Sweet,44,380,16720,Friday,0,0,None,47,1,0,17.7
2023-01-20,Station Road,Ghewar,Sweet,3,500,1500,Friday,0,0,None,47,1,0,17.7
2023-01-20,Station Road,Gajak,Sweet,46,320,14720,Friday,0,0,None,47,1,0,17.7
2023-01-20,Station Road,Soan Papdi,Sweet,27,300,8100,Friday,0,0,None,47,1,0,17.7
2023-01-20,Station Road,Bikaneri Bhujia,Namkeen,124,360,44640,Friday,0,0,None,47,1,0,17.7
2023-01-20,Station Road,Aloo Bhujia,Namkeen,44,300,13200,Friday,0,0,None,47,1,0,17.7
2023-01-21,Station Road,Rasgulla,Sweet,71,280,19880,Saturday,1,0,None,46,1,0,22.0
2023-01-21,Station Road,Gulab Jamun,Sweet,75,300,22500,Saturday,1,0,None,46,1,0,22.0
2023-01-21,Station Road,Kaju Katli,Sweet,50,900,45000,Saturday,1,0,None,46,1,0,22.0
2023-01-21,Station Road,Besan Barfi,Sweet,42,420,17640,Saturday,1,0,None,46,1,0,22.0
2023-01-21,Station Road,Motichoor Laddu,Sweet,50,380,19000,Saturday,1,0,None,46,1,0,22.0
2023-01-21,Station Road,Ghewar,Sweet,2,450,900,Saturday,1,0,None,46,1,1,22.0
2023-01-21,Station Road,Gajak,Sweet,47,320,15040,Saturday,1,0,None,46,1,0,22.0
2023-01-21,Station Road,Soan Papdi,Sweet,28,300,8400,Saturday,1,0,None,46,1,0,22.0
2023-01-21,Station Road,Bikaneri Bhujia,Namkeen,137,360,49320,Saturday,1,0,None,46,1,0,22.0
2023-01-21,Station Road,Aloo Bhujia,Namkeen,49,300,14700,Saturday,1,0,None,46,1,0,22.0
2023-01-22,Station Road,Rasgulla,Sweet,79,280,22120,Sunday,1,0,None,45,1,0,15.4
2023-01-22,Station Road,Gulab Jamun,Sweet,76,300,22800,Sunday,1,0,None,45,1,0,15.4
2023-01-22,Station Road,Kaju Katli,Sweet,42,900,37800,Sunday,1,0,None,45,1,0,15.4
2023-01-22,Station Road,Besan Barfi,Sweet,56,420,23520,Sunday,1,0,None,45,1,0,15.4
2023-01-22,Station Road,Motichoor Laddu,Sweet,49,380,18620,Sunday,1,0,None,45,1,0,15.4
2023-01-22,Station Road,Ghewar,Sweet,2,500,1000,Sunday,1,0,None,45,1,0,15.4
2023-01-22,Station Road,Gajak,Sweet,42,320,13440,Sunday,1,0,None,45,1,0,15.4
2023-01-22,Station Road,Soan Papdi,Sweet,29,300,8700,Sunday,1,0,None,45,1,0,15.4
2023-01-22,Station Road,Bikaneri Bhujia,Namkeen,166,360,59760,Sunday,1,0,None,45,1,0,15.4
2023-01-22,Station Road,Aloo Bhujia,Namkeen,63,300,18900,Sunday,1,0,None,45,1,0,15.4
2023-01-23,Station Road,Rasgulla,Sweet,40,280,11200,Monday,0,0,None,44,1,0,15.1
2023-01-23,Station Road,Gulab Jamun,Sweet,47,300,14100,Monday,0,0,None,44,1,0,15.1
2023-01-23,Station Road,Kaju Katli,Sweet,37,900,33300,Monday,0,0,None,44,1,0,15.1
2023-01-23,Station Road,Besan Barfi,Sweet,36,420,15120,Monday,0,0,None,44,1,0,15.1
2023-01-23,Station Road,Motichoor Laddu,Sweet,39,380,14820,Monday,0,0,None,44,1,0,15.1
2023-01-23,Station Road,Ghewar,Sweet,2,500,1000,Monday,0,0,None,44,1,0,15.1
2023-01-23,Station Road,Gajak,Sweet,36,320,11520,Monday,0,0,None,44,1,0,15.1
2023-01-23,Station Road,Soan Papdi,Sweet,29,300,8700,Monday,0,0,None,44,1,0,15.1
2023-01-23,Station Road,Bikaneri Bhujia,Namkeen,93,360,33480,Monday,0,0,None,44,1,0,15.1
2023-01-23,Station Road,Aloo Bhujia,Namkeen,36,300,10800,Monday,0,0,None,44,1,0,15.1
2023-01-24,Station Road,Rasgulla,Sweet,57,252,14364,Tuesday,0,0,None,43,1,1,11.5
2023-01-24,Station Road,Gulab Jamun,Sweet,43,300,12900,Tuesday,0,0,None,43,1,0,11.5
2023-01-24,Station Road,Kaju Katli,Sweet,29,900,26100,Tuesday,0,0,None,43,1,0,11.5
2023-01-24,Station Road,Besan Barfi,Sweet,38,420,15960,Tuesday,0,0,None,43,1,0,11.5
2023-01-24,Station Road,Motichoor Laddu,Sweet,33,380,12540,Tuesday,0,0,None,43,1,0,11.5
2023-01-24,Station Road,Ghewar,Sweet,2,450,900,Tuesday,0,0,None,43,1,1,11.5
2023-01-24,Station Road,Gajak,Sweet,52,320,16640,Tuesday,0,0,None,43,1,0,11.5
2023-01-24,Station Road,Soan Papdi,Sweet,17,300,5100,Tuesday,0,0,None,43,1,0,11.5
2023-01-24,Station Road,Bikaneri Bhujia,Namkeen,114,360,41040,Tuesday,0,0,None,43,1,0,11.5
2023-01-24,Station Road,Aloo Bhujia,Namkeen,37,300,11100,Tuesday,0,0,None,43,1,0,11.5
2023-01-25,Station Road,Rasgulla,Sweet,52,280,14560,Wednesday,0,0,None,42,1,0,19.0
2023-01-25,Station Road,Gulab Jamun,Sweet,58,300,17400,Wednesday,0,0,None,42,1,0,19.0
2023-01-25,Station Road,Kaju Katli,Sweet,36,900,32400,Wednesday,0,0,None,42,1,0,19.0
2023-01-25,Station Road,Besan Barfi,Sweet,36,420,15120,Wednesday,0,0,None,42,1,0,19.0
2023-01-25,Station Road,Motichoor Laddu,Sweet,34,380,12920,Wednesday,0,0,None,42,1,0,19.0
2023-01-25,Station Road,Ghewar,Sweet,1,500,500,Wednesday,0,0,None,42,1,0,19.0
2023-01-25,Station Road,Gajak,Sweet,58,320,18560,Wednesday,0,0,None,42,1,0,19.0
2023-01-25,Station Road,Soan Papdi,Sweet,21,300,6300,Wednesday,0,0,None,42,1,0,19.0
2023-01-25,Station Road,Bikaneri Bhujia,Namkeen,92,360,33120,Wednesday,0,0,None,42,1,0,19.0
2023-01-25,Station Road,Aloo Bhujia,Namkeen,56,300,16800,Wednesday,0,0,None,42,1,0,19.0
2023-01-26,Station Road,Rasgulla,Sweet,57,280,15960,Thursday,0,0,None,41,1,0,12.4
2023-01-26,Station Road,Gulab Jamun,Sweet,46,300,13800,Thursday,0,0,None,41,1,0,12.4
2023-01-26,Station Road,Kaju Katli,Sweet,29,900,26100,Thursday,0,0,None,41,1,0,12.4
2023-01-26,Station Road,Besan Barfi,Sweet,40,420,16800,Thursday,0,0,None,41,1,0,12.4
2023-01-26,Station Road,Motichoor Laddu,Sweet,33,380,12540,Thursday,0,0,None,41,1,0,12.4
2023-01-26,Station Road,Ghewar,Sweet,4,500,2000,Thursday,0,0,None,41,1,0,12.4
2023-01-26,Station Road,Gajak,Sweet,43,320,13760,Thursday,0,0,None,41,1,0,12.4
2023-01-26,Station Road,Soan Papdi,Sweet,30,300,9000,Thursday,0,0,None,41,1,0,12.4
2023-01-26,Station Road,Bikaneri Bhujia,Namkeen,95,360,34200,Thursday,0,0,None,41,1,0,12.4
2023-01-26,Station Road,Aloo Bhujia,Namkeen,50,300,15000,Thursday,0,0,None,41,1,0,12.4
2023-01-27,Station Road,Rasgulla,Sweet,51,280,14280,Friday,0,0,None,40,1,0,13.8
2023-01-27,Station Road,Gulab Jamun,Sweet,66,300,19800,Friday,0,0,None,40,1,0,13.8
2023-01-27,Station Road,Kaju Katli,Sweet,29,900,26100,Friday,0,0,None,40,1,0,13.8
2023-01-27,Station Road,Besan Barfi,Sweet,40,420,16800,Friday,0,0,None,40,1,0,13.8
2023-01-27,Station Road,Motichoor Laddu,Sweet,40,380,15200,Friday,0,0,None,40,1,0,13.8
2023-01-27,Station Road,Ghewar,Sweet,3,500,1500,Friday,0,0,None,40,1,0,13.8
2023-01-27,Station Road,Gajak,Sweet,47,320,15040,Friday,0,0,None,40,1,0,13.8
2023-01-27,Station Road,Soan Papdi,Sweet,37,300,11100,Friday,0,0,None,40,1,0,13.8
2023-01-27,Station Road,Bikaneri Bhujia,Namkeen,120,360,43200,Friday,0,0,None,40,1,0,13.8
2023-01-27,Station Road,Aloo Bhujia,Namkeen,48,300,14400,Friday,0,0,None,40,1,0,13.8
2023-01-28,Station Road,Rasgulla,Sweet,82,280,22960,Saturday,1,0,None,39,1,0,16.2
2023-01-28,Station Road,Gulab Jamun,Sweet,61,300,18300,Saturday,1,0,None,39,1,0,16.2
2023-01-28,Station Road,Kaju Katli,Sweet,39,900,35100,Saturday,1,0,None,39,1,0,16.2
2023-01-28,Station Road,Besan Barfi,Sweet,65,420,27300,Saturday,1,0,None,39,1,0,16.2
2023-01-28,Station Road,Motichoor Laddu,Sweet,49,380,18620,Saturday,1,0,None,39,1,0,16.2
2023-01-28,Station Road,Ghewar,Sweet,3,500,1500,Saturday,1,0,None,39,1,0,16.2
2023-01-28,Station Road,Gajak,Sweet,58,320,18560,Saturday,1,0,None,39,1,0,16.2
2023-01-28,Station Road,Soan Papdi,Sweet,37,300,11100,Saturday,1,0,None,39,1,0,16.2
2023-01-28,Station Road,Bikaneri Bhujia,Namkeen,152,360,54720,Saturday,1,0,None,39,1,0,16.2
2023-01-28,Station Road,Aloo Bhujia,Namkeen,55,300,16500,Saturday,1,0,None,39,1,0,16.2
2023-01-29,Station Road,Rasgulla,Sweet,63,280,17640,Sunday,1,0,None,38,1,0,15.9
2023-01-29,Station Road,Gulab Jamun,Sweet,65,300,19500,Sunday,1,0,None,38,1,0,15.9
2023-01-29,Station Road,Kaju Katli,Sweet,45,900,40500,Sunday,1,0,None,38,1,0,15.9
2023-01-29,Station Road,Besan Barfi,Sweet,62,420,26040,Sunday,1,0,None,38,1,0,15.9
2023-01-29,Station Road,Motichoor Laddu,Sweet,55,380,20900,Sunday,1,0,None,38,1,0,15.9
2023-01-29,Station Road,Ghewar,Sweet,1,500,500,Sunday,1,0,None,38,1,0,15.9
2023-01-29,Station Road,Gajak,Sweet,76,320,24320,Sunday,1,0,None,38,1,0,15.9
2023-01-29,Station Road,Soan Papdi,Sweet,43,300,12900,Sunday,1,0,None,38,1,0,15.9
2023-01-29,Station Road,Bikaneri Bhujia,Namkeen,153,360,55080,Sunday,1,0,None,38,1,0,15.9
2023-01-29,Station Road,Aloo Bhujia,Namkeen,78,300,23400,Sunday,1,0,None,38,1,0,15.9
2023-01-30,Station Road,Rasgulla,Sweet,46,280,12880,Monday,0,0,None,37,1,0,19.3
2023-01-30,Station Road,Gulab Jamun,Sweet,61,300,18300,Monday,0,0,None,37,1,0,19.3
2023-01-30,Station Road,Kaju Katli,Sweet,29,900,26100,Monday,0,0,None,37,1,0,19.3
2023-01-30,Station Road,Besan Barfi,Sweet,29,420,12180,Monday,0,0,None,37,1,0,19.3
2023-01-30,Station Road,Motichoor Laddu,Sweet,38,380,14440,Monday,0,0,None,37,1,0,19.3
2023-01-30,Station Road,Ghewar,Sweet,1,450,450,Monday,0,0,None,37,1,1,19.3
2023-01-30,Station Road,Gajak,Sweet,52,320,16640,Monday,0,0,None,37,1,0,19.3
2023-01-30,Station Road,Soan Papdi,Sweet,16,300,4800,Monday,0,0,None,37,1,0,19.3
2023-01-30,Station Road,Bikaneri Bhujia,Namkeen,93,360,33480,Monday,0,0,None,37,1,0,19.3
2023-01-30,Station Road,Aloo Bhujia,Namkeen,34,300,10200,Monday,0,0,None,37,1,0,19.3
2023-01-31,Station Road,Rasgulla,Sweet,46,280,12880,Tuesday,0,0,None,36,1,0,10.7
2023-01-31,Station Road,Gulab Jamun,Sweet,47,300,14100,Tuesday,0,0,None,36,1,0,10.7
2023-01-31,Station Road,Kaju Katli,Sweet,36,810,29160,Tuesday,0,0,None,36,1,1,10.7
2023-01-31,Station Road,Besan Barfi,Sweet,36,420,15120,Tuesday,0,0,None,36,1,0,10.7
2023-01-31,Station Road,Motichoor Laddu,Sweet,31,380,11780,Tuesday,0,0,None,36,1,0,10.7
2023-01-31,Station Road,Ghewar,Sweet,1,500,500,Tuesday,0,0,None,36,1,0,10.7
2023-01-31,Station Road,Gajak,Sweet,48,320,15360,Tuesday,0,0,None,36,1,0,10.7
2023-01-31,Station Road,Soan Papdi,Sweet,22,300,6600,Tuesday,0,0,None,36,1,0,10.7
2023-01-31,Station Road,Bikaneri Bhujia,Namkeen,102,360,36720,Tuesday,0,0,None,36,1,0,10.7
2023-01-31,Station Road,Aloo Bhujia,Namkeen,41,300,12300,Tuesday,0,0,None,36,1,0,10.7
2023-02-01,Station Road,Rasgulla,Sweet,55,280,15400,Wednesday,0,0,None,35,1,0,23.6
2023-02-01,Station Road,Gulab Jamun,Sweet,61,270,16470,Wednesday,0,0,None,35,1,1,23.6
2023-02-01,Station Road,Kaju Katli,Sweet,25,900,22500,Wednesday,0,0,None,35,1,0,23.6
2023-02-01,Station Road,Besan Barfi,Sweet,32,420,13440,Wednesday,0,0,None,35,1,0,23.6
2023-02-01,Station Road,Motichoor Laddu,Sweet,38,380,14440,Wednesday,0,0,None,35,1,0,23.6
2023-02-01,Station Road,Ghewar,Sweet,0,500,0,Wednesday,0,0,None,35,1,0,23.6
2023-02-01,Station Road,Gajak,Sweet,33,320,10560,Wednesday,0,0,None,35,1,0,23.6
2023-02-01,Station Road,Soan Papdi,Sweet,26,300,7800,Wednesday,0,0,None,35,1,0,23.6
2023-02-01,Station Road,Bikaneri Bhujia,Namkeen,92,360,33120,Wednesday,0,0,None,35,1,0,23.6
2023-02-01,Station Road,Aloo Bhujia,Namkeen,41,300,12300,Wednesday,0,0,None,35,1,0,23.6
2023-02-02,Station Road,Rasgulla,Sweet,37,280,10360,Thursday,0,0,None,34,1,0,20.5
2023-02-02,Station Road,Gulab Jamun,Sweet,49,300,14700,Thursday,0,0,None,34,1,0,20.5
2023-02-02,Station Road,Kaju Katli,Sweet,21,900,18900,Thursday,0,0,None,34,1,0,20.5
2023-02-02,Station Road,Besan Barfi,Sweet,47,420,19740,Thursday,0,0,None,34,1,0,20.5
2023-02-02,Station Road,Motichoor Laddu,Sweet,42,380,15960,Thursday,0,0,None,34,1,0,20.5
2023-02-02,Station Road,Ghewar,Sweet,1,500,500,Thursday,0,0,None,34,1,0,20.5
2023-02-02,Station Road,Gajak,Sweet,21,320,6720,Thursday,0,0,None,34,1,0,20.5
2023-02-02,Station Road,Soan Papdi,Sweet,15,300,4500,Thursday,0,0,None,34,1,0,20.5
2023-02-02,Station Road,Bikaneri Bhujia,Namkeen,131,324,42444,Thursday,0,0,None,34,1,1,20.5
2023-02-02,Station Road,Aloo Bhujia,Namkeen,57,270,15390,Thursday,0,0,None,34,1,1,20.5
2023-02-03,Station Road,Rasgulla,Sweet,63,280,17640,Friday,0,0,None,33,1,0,19.8
2023-02-03,Station Road,Gulab Jamun,Sweet,68,300,20400,Friday,0,0,None,33,1,0,19.8
2023-02-03,Station Road,Kaju Katli,Sweet,42,900,37800,Friday,0,0,None,33,1,0,19.8
2023-02-03,Station Road,Besan Barfi,Sweet,45,420,18900,Friday,0,0,None,33,1,0,19.8
2023-02-03,Station Road,Motichoor Laddu,Sweet,39,380,14820,Friday,0,0,None,33,1,0,19.8
2023-02-03,Station Road,Ghewar,Sweet,1,500,500,Friday,0,0,None,33,1,0,19.8
2023-02-03,Station Road,Gajak,Sweet,27,320,8640,Friday,0,0,None,33,1,0,19.8
2023-02-03,Station Road,Soan Papdi,Sweet,20,300,6000,Friday,0,0,None,33,1,0,19.8
2023-02-03,Station Road,Bikaneri Bhujia,Namkeen,116,360,41760,Friday,0,0,None,33,1,0,19.8
2023-02-03,Station Road,Aloo Bhujia,Namkeen,57,300,17100,Friday,0,0,None,33,1,0,19.8
2023-02-04,Station Road,Rasgulla,Sweet,58,280,16240,Saturday,1,0,None,32,1,0,17.0
2023-02-04,Station Road,Gulab Jamun,Sweet,72,300,21600,Saturday,1,0,None,32,1,0,17.0
2023-02-04,Station Road,Kaju Katli,Sweet,46,900,41400,Saturday,1,0,None,32,1,0,17.0
2023-02-04,Station Road,Besan Barfi,Sweet,51,420,21420,Saturday,1,0,None,32,1,0,17.0
2023-02-04,Station Road,Motichoor Laddu,Sweet,51,380,19380,Saturday,1,0,None,32,1,0,17.0
2023-02-04,Station Road,Ghewar,Sweet,2,500,1000,Saturday,1,0,None,32,1,0,17.0
2023-02-04,Station Road,Gajak,Sweet,27,320,8640,Saturday,1,0,None,32,1,0,17.0
2023-02-04,Station Road,Soan Papdi,Sweet,40,300,12000,Saturday,1,0,None,32,1,0,17.0
2023-02-04,Station Road,Bikaneri Bhujia,Namkeen,159,360,57240,Saturday,1,0,None,32,1,0,17.0
2023-02-04,Station Road,Aloo Bhujia,Namkeen,71,300,21300,Saturday,1,0,None,32,1,0,17.0
2023-02-05,Station Road,Rasgulla,Sweet,60,280,16800,Sunday,1,0,None,31,1,0,24.8
2023-02-05,Station Road,Gulab Jamun,Sweet,63,300,18900,Sunday,1,0,None,31,1,0,24.8
2023-02-05,Station Road,Kaju Katli,Sweet,40,900,36000,Sunday,1,0,None,31,1,0,24.8
2023-02-05,Station Road,Besan Barfi,Sweet,53,420,22260,Sunday,1,0,None,31,1,0,24.8
2023-02-05,Station Road,Motichoor Laddu,Sweet,50,380,19000,Sunday,1,0,None,31,1,0,24.8
2023-02-05,Station Road,Ghewar,Sweet,3,500,1500,Sunday,1,0,None,31,1,0,24.8
2023-02-05,Station Road,Gajak,Sweet,33,320,10560,Sunday,1,0,None,31,1,0,24.8
2023-02-05,Station Road,Soan Papdi,Sweet,41,300,12300,Sunday,1,0,None,31,1,0,24.8
2023-02-05,Station Road,Bikaneri Bhujia,Namkeen,122,360,43920,Sunday,1,0,None,31,1,0,24.8
2023-02-05,Station Road,Aloo Bhujia,Namkeen,78,300,23400,Sunday,1,0,None,31,1,0,24.8
2023-02-06,Station Road,Rasgulla,Sweet,43,280,12040,Monday,0,0,None,30,1,0,21.4
2023-02-06,Station Road,Gulab Jamun,Sweet,41,300,12300,Monday,0,0,None,30,1,0,21.4
2023-02-06,Station Road,Kaju Katli,Sweet,23,900,20700,Monday,0,0,None,30,1,0,21.4
2023-02-06,Station Road,Besan Barfi,Sweet,35,420,14700,Monday,0,0,None,30,1,0,21.4
2023-02-06,Station Road,Motichoor Laddu,Sweet,37,380,14060,Monday,0,0,None,30,1,0,21.4
2023-02-06,Station Road,Ghewar,Sweet,1,500,500,Monday,0,0,None,30,1,0,21.4
2023-02-06,Station Road,Gajak,Sweet,29,320,9280,Monday,0,0,None,30,1,0,21.4
2023-02-06,Station Road,Soan Papdi,Sweet,23,300,6900,Monday,0,0,None,30,1,0,21.4
2023-02-06,Station Road,Bikaneri Bhujia,Namkeen,96,360,34560,Monday,0,0,None,30,1,0,21.4
2023-02-06,Station Road,Aloo Bhujia,Namkeen,44,300,13200,Monday,0,0,None,30,1,0,21.4
2023-02-07,Station Road,Rasgulla,Sweet,49,280,13720,Tuesday,0,0,None,29,1,0,22.0
2023-02-07,Station Road,Gulab Jamun,Sweet,62,300,18600,Tuesday,0,0,None,29,1,0,22.0
2023-02-07,Station Road,Kaju Katli,Sweet,29,900,26100,Tuesday,0,0,None,29,1,0,22.0
2023-02-07,Station Road,Besan Barfi,Sweet,40,420,16800,Tuesday,0,0,None,29,1,0,22.0
2023-02-07,Station Road,Motichoor Laddu,Sweet,43,342,14706,Tuesday,0,0,None,29,1,1,22.0
2023-02-07,Station Road,Ghewar,Sweet,3,450,1350,Tuesday,0,0,None,29,1,1,22.0
2023-02-07,Station Road,Gajak,Sweet,23,320,7360,Tuesday,0,0,None,29,1,0,22.0
2023-02-07,Station Road,Soan Papdi,Sweet,22,300,6600,Tuesday,0,0,None,29,1,0,22.0
2023-02-07,Station Road,Bikaneri Bhujia,Namkeen,88,360,31680,Tuesday,0,0,None,29,1,0,22.0
2023-02-07,Station Road,Aloo Bhujia,Namkeen,37,300,11100,Tuesday,0,0,None,29,1,0,22.0
2023-02-08,Station Road,Rasgulla,Sweet,49,280,13720,Wednesday,0,0,None,28,1,0,21.5
2023-02-08,Station Road,Gulab Jamun,Sweet,50,300,15000,Wednesday,0,0,None,28,1,0,21.5
2023-02-08,Station Road,Kaju Katli,Sweet,39,900,35100,Wednesday,0,0,None,28,1,0,21.5
2023-02-08,Station Road,Besan Barfi,Sweet,47,420,19740,Wednesday,0,0,None,28,1,0,21.5
2023-02-08,Station Road,Motichoor Laddu,Sweet,35,380,13300,Wednesday,0,0,None,28,1,0,21.5
2023-02-08,Station Road,Ghewar,Sweet,2,500,1000,Wednesday,0,0,None,28,1,0,21.5
2023-02-08,Station Road,Gajak,Sweet,28,320,8960,Wednesday,0,0,None,28,1,0,21.5
2023-02-08,Station Road,Soan Papdi,Sweet,17,300,5100,Wednesday,0,0,None,28,1,0,21.5
2023-02-08,Station Road,Bikaneri Bhujia,Namkeen,88,360,31680,Wednesday,0,0,None,28,1,0,21.5
2023-02-08,Station Road,Aloo Bhujia,Namkeen,30,300,9000,Wednesday,0,0,None,28,1,0,21.5
2023-02-09,Station Road,Rasgulla,Sweet,47,280,13160,Thursday,0,0,None,27,1,0,26.8
2023-02-09,Station Road,Gulab Jamun,Sweet,87,270,23490,Thursday,0,0,None,27,1,1,26.8
2023-02-09,Station Road,Kaju Katli,Sweet,30,900,27000,Thursday,0,0,None,27,1,0,26.8
2023-02-09,Station Road,Besan Barfi,Sweet,52,420,21840,Thursday,0,0,None,27,1,0,26.8
2023-02-09,Station Road,Motichoor Laddu,Sweet,30,380,11400,Thursday,0,0,None,27,1,0,26.8
2023-02-09,Station Road,Ghewar,Sweet,1,500,500,Thursday,0,0,None,27,1,0,26.8
2023-02-09,Station Road,Gajak,Sweet,26,320,8320,Thursday,0,0,None,27,1,0,26.8
2023-02-09,Station Road,Soan Papdi,Sweet,37,300,11100,Thursday,0,0,None,27,1,0,26.8
2023-02-09,Station Road,Bikaneri Bhujia,Namkeen,113,360,40680,Thursday,0,0,None,27,1,0,26.8
2023-02-09,Station Road,Aloo Bhujia,Namkeen,34,300,10200,Thursday,0,0,None,27,1,0,26.8
2023-02-10,Station Road,Rasgulla,Sweet,58,280,16240,Friday,0,0,None,26,1,0,21.4
2023-02-10,Station Road,Gulab Jamun,Sweet,57,300,17100,Friday,0,0,None,26,1,0,21.4
2023-02-10,Station Road,Kaju Katli,Sweet,27,900,24300,Friday,0,0,None,26,1,0,21.4
2023-02-10,Station Road,Besan Barfi,Sweet,44,420,18480,Friday,0,0,None,26,1,0,21.4
2023-02-10,Station Road,Motichoor Laddu,Sweet,24,380,9120,Friday,0,0,None,26,1,0,21.4
2023-02-10,Station Road,Ghewar,Sweet,2,500,1000,Friday,0,0,None,26,1,0,21.4
2023-02-10,Station Road,Gajak,Sweet,20,320,6400,Friday,0,0,None,26,1,0,21.4
2023-02-10,Station Road,Soan Papdi,Sweet,22,300,6600,Friday,0,0,None,26,1,0,21.4
2023-02-10,Station Road,Bikaneri Bhujia,Namkeen,121,360,43560,Friday,0,0,None,26,1,0,21.4
2023-02-10,Station Road,Aloo Bhujia,Namkeen,55,300,16500,Friday,0,0,None,26,1,0,21.4
2023-02-11,Station Road,Rasgulla,Sweet,60,280,16800,Saturday,1,0,None,25,1,0,16.1
2023-02-11,Station Road,Gulab Jamun,Sweet,69,300,20700,Saturday,1,0,None,25,1,0,16.1
2023-02-11,Station Road,Kaju Katli,Sweet,50,900,45000,Saturday,1,0,None,25,1,0,16.1
2023-02-11,Station Road,Besan Barfi,Sweet,49,420,20580,Saturday,1,0,None,25,1,0,16.1
2023-02-11,Station Road,Motichoor Laddu,Sweet,48,380,18240,Saturday,1,0,None,25,1,0,16.1
2023-02-11,Station Road,Ghewar,Sweet,2,500,1000,Saturday,1,0,None,25,1,0,16.1
2023-02-11,Station Road,Gajak,Sweet,39,320,12480,Saturday,1,0,None,25,1,0,16.1
2023-02-11,Station Road,Soan Papdi,Sweet,32,300,9600,Saturday,1,0,None,25,1,0,16.1
2023-02-11,Station Road,Bikaneri Bhujia,Namkeen,119,360,42840,Saturday,1,0,None,25,1,0,16.1
2023-02-11,Station Road,Aloo Bhujia,Namkeen,60,300,18000,Saturday,1,0,None,25,1,0,16.1
2023-02-12,Station Road,Rasgulla,Sweet,81,280,22680,Sunday,1,0,None,24,1,0,25.8
2023-02-12,Station Road,Gulab Jamun,Sweet,85,300,25500,Sunday,1,0,None,24,1,0,25.8
2023-02-12,Station Road,Kaju Katli,Sweet,46,900,41400,Sunday,1,0,None,24,1,0,25.8
2023-02-12,Station Road,Besan Barfi,Sweet,60,420,25200,Sunday,1,0,None,24,1,0,25.8
2023-02-12,Station Road,Motichoor Laddu,Sweet,51,380,19380,Sunday,1,0,None,24,1,0,25.8
2023-02-12,Station Road,Ghewar,Sweet,3,500,1500,Sunday,1,0,None,24,1,0,25.8
2023-02-12,Station Road,Gajak,Sweet,33,320,10560,Sunday,1,0,None,24,1,0,25.8
2023-02-12,Station Road,Soan Papdi,Sweet,30,300,9000,Sunday,1,0,None,24,1,0,25.8
2023-02-12,Station Road,Bikaneri Bhujia,Namkeen,138,360,49680,Sunday,1,0,None,24,1,0,25.8
2023-02-12,Station Road,Aloo Bhujia,Namkeen,62,300,18600,Sunday,1,0,None,24,1,0,25.8
2023-02-13,Station Road,Rasgulla,Sweet,38,280,10640,Monday,0,0,None,23,1,0,20.8
2023-02-13,Station Road,Gulab Jamun,Sweet,41,300,12300,Monday,0,0,None,23,1,0,20.8
2023-02-13,Station Road,Kaju Katli,Sweet,24,900,21600,Monday,0,0,None,23,1,0,20.8
2023-02-13,Station Road,Besan Barfi,Sweet,26,420,10920,Monday,0,0,None,23,1,0,20.8
2023-02-13,Station Road,Motichoor Laddu,Sweet,34,380,12920,Monday,0,0,None,23,1,0,20.8
2023-02-13,Station Road,Ghewar,Sweet,1,500,500,Monday,0,0,None,23,1,0,20.8
2023-02-13,Station Road,Gajak,Sweet,26,320,8320,Monday,0,0,None,23,1,0,20.8
2023-02-13,Station Road,Soan Papdi,Sweet,20,300,6000,Monday,0,0,None,23,1,0,20.8
2023-02-13,Station Road,Bikaneri Bhujia,Namkeen,98,360,35280,Monday,0,0,None,23,1,0,20.8
2023-02-13,Station Road,Aloo Bhujia,Namkeen,35,300,10500,Monday,0,0,None,23,1,0,20.8
2023-02-14,Station Road,Rasgulla,Sweet,47,280,13160,Tuesday,0,0,None,22,1,0,18.2
2023-02-14,Station Road,Gulab Jamun,Sweet,51,300,15300,Tuesday,0,0,None,22,1,0,18.2
2023-02-14,Station Road,Kaju Katli,Sweet,36,900,32400,Tuesday,0,0,None,22,1,0,18.2
2023-02-14,Station Road,Besan Barfi,Sweet,37,420,15540,Tuesday,0,0,None,22,1,0,18.2
2023-02-14,Station Road,Motichoor Laddu,Sweet,35,380,13300,Tuesday,0,0,None,22,1,0,18.2
2023-02-14,Station Road,Ghewar,Sweet,0,500,0,Tuesday,0,0,None,22,1,0,18.2
2023-02-14,Station Road,Gajak,Sweet,24,320,7680,Tuesday,0,0,None,22,1,0,18.2
2023-02-14,Station Road,Soan Papdi,Sweet,20,300,6000,Tuesday,0,0,None,22,1,0,18.2
2023-02-14,Station Road,Bikaneri Bhujia,Namkeen,87,360,31320,Tuesday,0,0,None,22,1,0,18.2
2023-02-14,Station Road,Aloo Bhujia,Namkeen,53,300,15900,Tuesday,0,0,None,22,1,0,18.2
2023-02-15,Station Road,Rasgulla,Sweet,40,280,11200,Wednesday,0,0,None,21,1,0,16.6
2023-02-15,Station Road,Gulab Jamun,Sweet,43,300,12900,Wednesday,0,0,None,21,1,0,16.6
2023-02-15,Station Road,Kaju Katli,Sweet,28,900,25200,Wednesday,0,0,None,21,1,0,16.6
2023-02-15,Station Road,Besan Barfi,Sweet,34,420,14280,Wednesday,0,0,None,21,1,0,16.6
2023-02-15,Station Road,Motichoor Laddu,Sweet,32,380,12160,Wednesday,0,0,None,21,1,0,16.6
2023-02-15,Station Road,Ghewar,Sweet,2,500,1000,Wednesday,0,0,None,21,1,0,16.6
2023-02-15,Station Road,Gajak,Sweet,20,288,5760,Wednesday,0,0,None,21,1,1,16.6
2023-02-15,Station Road,Soan Papdi,Sweet,28,300,8400,Wednesday,0,0,None,21,1,0,16.6
2023-02-15,Station Road,Bikaneri Bhujia,Namkeen,111,360,39960,Wednesday,0,0,None,21,1,0,16.6
2023-02-15,Station Road,Aloo Bhujia,Namkeen,35,300,10500,Wednesday,0,0,None,21,1,0,16.6
2023-02-16,Station Road,Rasgulla,Sweet,51,280,14280,Thursday,0,0,None,20,1,0,16.5
2023-02-16,Station Road,Gulab Jamun,Sweet,51,300,15300,Thursday,0,0,None,20,1,0,16.5
2023-02-16,Station Road,Kaju Katli,Sweet,29,900,26100,Thursday,0,0,None,20,1,0,16.5
2023-02-16,Station Road,Besan Barfi,Sweet,30,420,12600,Thursday,0,0,None,20,1,0,16.5
2023-02-16,Station Road,Motichoor Laddu,Sweet,31,380,11780,Thursday,0,0,None,20,1,0,16.5
2023-02-16,Station Road,Ghewar,Sweet,3,500,1500,Thursday,0,0,None,20,1,0,16.5
2023-02-16,Station Road,Gajak,Sweet,25,320,8000,Thursday,0,0,None,20,1,0,16.5
2023-02-16,Station Road,Soan Papdi,Sweet,23,300,6900,Thursday,0,0,None,20,1,0,16.5
2023-02-16,Station Road,Bikaneri Bhujia,Namkeen,104,360,37440,Thursday,0,0,None,20,1,0,16.5
2023-02-16,Station Road,Aloo Bhujia,Namkeen,45,300,13500,Thursday,0,0,None,20,1,0,16.5
2023-02-17,Station Road,Rasgulla,Sweet,48,280,13440,Friday,0,0,None,19,1,0,22.9
2023-02-17,Station Road,Gulab Jamun,Sweet,55,300,16500,Friday,0,0,None,19,1,0,22.9
2023-02-17,Station Road,Kaju Katli,Sweet,29,900,26100,Friday,0,0,None,19,1,0,22.9
2023-02-17,Station Road,Besan Barfi,Sweet,50,420,21000,Friday,0,0,None,19,1,0,22.9
2023-02-17,Station Road,Motichoor Laddu,Sweet,42,380,15960,Friday,0,0,None,19,1,0,22.9
2023-02-17,Station Road,Ghewar,Sweet,2,500,1000,Friday,0,0,None,19,1,0,22.9
2023-02-17,Station Road,Gajak,Sweet,33,320,10560,Friday,0,0,None,19,1,0,22.9
2023-02-17,Station Road,Soan Papdi,Sweet,25,300,7500,Friday,0,0,None,19,1,0,22.9
2023-02-17,Station Road,Bikaneri Bhujia,Namkeen,111,360,39960,Friday,0,0,None,19,1,0,22.9
2023-02-17,Station Road,Aloo Bhujia,Namkeen,48,300,14400,Friday,0,0,None,19,1,0,22.9
2023-02-18,Station Road,Rasgulla,Sweet,67,280,18760,Saturday,1,0,None,18,1,0,21.0
2023-02-18,Station Road,Gulab Jamun,Sweet,58,300,17400,Saturday,1,0,None,18,1,0,21.0
2023-02-18,Station Road,Kaju Katli,Sweet,40,900,36000,Saturday,1,0,None,18,1,0,21.0
2023-02-18,Station Road,Besan Barfi,Sweet,49,420,20580,Saturday,1,0,None,18,1,0,21.0
2023-02-18,Station Road,Motichoor Laddu,Sweet,52,380,19760,Saturday,1,0,None,18,1,0,21.0
2023-02-18,Station Road,Ghewar,Sweet,0,500,0,Saturday,1,0,None,18,1,0,21.0
2023-02-18,Station Road,Gajak,Sweet,43,320,13760,Saturday,1,0,None,18,1,0,21.0
2023-02-18,Station Road,Soan Papdi,Sweet,20,300,6000,Saturday,1,0,None,18,1,0,21.0
2023-02-18,Station Road,Bikaneri Bhujia,Namkeen,167,360,60120,Saturday,1,0,None,18,1,0,21.0
2023-02-18,Station Road,Aloo Bhujia,Namkeen,51,300,15300,Saturday,1,0,None,18,1,0,21.0
2023-02-19,Station Road,Rasgulla,Sweet,69,280,19320,Sunday,1,0,None,17,1,0,18.7
2023-02-19,Station Road,Gulab Jamun,Sweet,69,300,20700,Sunday,1,0,None,17,1,0,18.7
2023-02-19,Station Road,Kaju Katli,Sweet,52,900,46800,Sunday,1,0,None,17,1,0,18.7
2023-02-19,Station Road,Besan Barfi,Sweet,58,420,24360,Sunday,1,0,None,17,1,0,18.7
2023-02-19,Station Road,Motichoor Laddu,Sweet,56,380,21280,Sunday,1,0,None,17,1,0,18.7
2023-02-19,Station Road,Ghewar,Sweet,3,500,1500,Sunday,1,0,None,17,1,0,18.7
2023-02-19,Station Road,Gajak,Sweet,39,320,12480,Sunday,1,0,None,17,1,0,18.7
2023-02-19,Station Road,Soan Papdi,Sweet,25,300,7500,Sunday,1,0,None,17,1,0,18.7
2023-02-19,Station Road,Bikaneri Bhujia,Namkeen,137,360,49320,Sunday,1,0,None,17,1,0,18.7
2023-02-19,Station Road,Aloo Bhujia,Namkeen,68,300,20400,Sunday,1,0,None,17,1,0,18.7
2023-02-20,Station Road,Rasgulla,Sweet,46,280,12880,Monday,0,0,None,16,1,0,19.8
2023-02-20,Station Road,Gulab Jamun,Sweet,47,300,14100,Monday,0,0,None,16,1,0,19.8
2023-02-20,Station Road,Kaju Katli,Sweet,37,900,33300,Monday,0,0,None,16,1,0,19.8
2023-02-20,Station Road,Besan Barfi,Sweet,33,420,13860,Monday,0,0,None,16,1,0,19.8
2023-02-20,Station Road,Motichoor Laddu,Sweet,38,380,14440,Monday,0,0,None,16,1,0,19.8
2023-02-20,Station Road,Ghewar,Sweet,1,500,500,Monday,0,0,None,16,1,0,19.8
2023-02-20,Station Road,Gajak,Sweet,24,320,7680,Monday,0,0,None,16,1,0,19.8
2023-02-20,Station Road,Soan Papdi,Sweet,23,300,6900,Monday,0,0,None,16,1,0,19.8
2023-02-20,Station Road,Bikaneri Bhujia,Namkeen,104,360,37440,Monday,0,0,None,16,1,0,19.8
2023-02-20,Station Road,Aloo Bhujia,Namkeen,43,300,12900,Monday,0,0,None,16,1,0,19.8
2023-02-21,Station Road,Rasgulla,Sweet,42,280,11760,Tuesday,0,0,None,15,1,0,17.4
2023-02-21,Station Road,Gulab Jamun,Sweet,48,300,14400,Tuesday,0,0,None,15,1,0,17.4
2023-02-21,Station Road,Kaju Katli,Sweet,37,900,33300,Tuesday,0,0,None,15,1,0,17.4
2023-02-21,Station Road,Besan Barfi,Sweet,36,420,15120,Tuesday,0,0,None,15,1,0,17.4
2023-02-21,Station Road,Motichoor Laddu,Sweet,45,380,17100,Tuesday,0,0,None,15,1,0,17.4
2023-02-21,Station Road,Ghewar,Sweet,2,500,1000,Tuesday,0,0,None,15,1,0,17.4
2023-02-21,Station Road,Gajak,Sweet,27,320,8640,Tuesday,0,0,None,15,1,0,17.4
2023-02-21,Station Road,Soan Papdi,Sweet,21,300,6300,Tuesday,0,0,None,15,1,0,17.4
2023-02-21,Station Road,Bikaneri Bhujia,Namkeen,83,360,29880,Tuesday,0,0,None,15,1,0,17.4
2023-02-21,Station Road,Aloo Bhujia,Namkeen,45,300,13500,Tuesday,0,0,None,15,1,0,17.4
2023-02-22,Station Road,Rasgulla,Sweet,39,280,10920,Wednesday,0,0,None,14,1,0,19.2
2023-02-22,Station Road,Gulab Jamun,Sweet,55,300,16500,Wednesday,0,0,None,14,1,0,19.2
2023-02-22,Station Road,Kaju Katli,Sweet,31,900,27900,Wednesday,0,0,None,14,1,0,19.2
2023-02-22,Station Road,Besan Barfi,Sweet,49,420,20580,Wednesday,0,0,None,14,1,0,19.2
2023-02-22,Station Road,Motichoor Laddu,Sweet,31,380,11780,Wednesday,0,0,None,14,1,0,19.2
2023-02-22,Station Road,Ghewar,Sweet,1,500,500,Wednesday,0,0,None,14,1,0,19.2
2023-02-22,Station Road,Gajak,Sweet,31,320,9920,Wednesday,0,0,None,14,1,0,19.2
2023-02-22,Station Road,Soan Papdi,Sweet,19,300,5700,Wednesday,0,0,None,14,1,0,19.2
2023-02-22,Station Road,Bikaneri Bhujia,Namkeen,98,360,35280,Wednesday,0,0,None,14,1,0,19.2
2023-02-22,Station Road,Aloo Bhujia,Namkeen,48,300,14400,Wednesday,0,0,None,14,1,0,19.2
2023-02-23,Station Road,Rasgulla,Sweet,49,280,13720,Thursday,0,0,None,13,1,0,17.2
2023-02-23,Station Road,Gulab Jamun,Sweet,51,300,15300,Thursday,0,0,None,13,1,0,17.2
2023-02-23,Station Road,Kaju Katli,Sweet,30,900,27000,Thursday,0,0,None,13,1,0,17.2
2023-02-23,Station Road,Besan Barfi,Sweet,48,420,20160,Thursday,0,0,None,13,1,0,17.2
2023-02-23,Station Road,Motichoor Laddu,Sweet,42,380,15960,Thursday,0,0,None,13,1,0,17.2
2023-02-23,Station Road,Ghewar,Sweet,1,450,450,Thursday,0,0,None,13,1,1,17.2
2023-02-23,Station Road,Gajak,Sweet,26,320,8320,Thursday,0,0,None,13,1,0,17.2
2023-02-23,Station Road,Soan Papdi,Sweet,25,300,7500,Thursday,0,0,None,13,1,0,17.2
2023-02-23,Station Road,Bikaneri Bhujia,Namkeen,95,360,34200,Thursday,0,0,None,13,1,0,17.2
2023-02-23,Station Road,Aloo Bhujia,Namkeen,42,300,12600,Thursday,0,0,None,13,1,0,17.2
2023-02-24,Station Road,Rasgulla,Sweet,65,280,18200,Friday,0,0,None,12,1,0,22.6
2023-02-24,Station Road,Gulab Jamun,Sweet,53,300,15900,Friday,0,0,None,12,1,0,22.6
2023-02-24,Station Road,Kaju Katli,Sweet,37,900,33300,Friday,0,0,None,12,1,0,22.6
2023-02-24,Station Road,Besan Barfi,Sweet,42,420,17640,Friday,0,0,None,12,1,0,22.6
2023-02-24,Station Road,Motichoor Laddu,Sweet,39,380,14820,Friday,0,0,None,12,1,0,22.6
2023-02-24,Station Road,Ghewar,Sweet,4,450,1800,Friday,0,0,None,12,1,1,22.6
2023-02-24,Station Road,Gajak,Sweet,24,320,7680,Friday,0,0,None,12,1,0,22.6
2023-02-24,Station Road,Soan Papdi,Sweet,23,300,6900,Friday,0,0,None,12,1,0,22.6
2023-02-24,Station Road,Bikaneri Bhujia,Namkeen,119,360,42840,Friday,0,0,None,12,1,0,22.6
2023-02-24,Station Road,Aloo Bhujia,Namkeen,64,300,19200,Friday,0,0,None,12,1,0,22.6
2023-02-25,Station Road,Rasgulla,Sweet,65,280,18200,Saturday,1,0,None,11,1,0,20.4
2023-02-25,Station Road,Gulab Jamun,Sweet,74,300,22200,Saturday,1,0,None,11,1,0,20.4
2023-02-25,Station Road,Kaju Katli,Sweet,46,900,41400,Saturday,1,0,None,11,1,0,20.4
2023-02-25,Station Road,Besan Barfi,Sweet,40,420,16800,Saturday,1,0,None,11,1,0,20.4
2023-02-25,Station Road,Motichoor Laddu,Sweet,49,380,18620,Saturday,1,0,None,11,1,0,20.4
2023-02-25,Station Road,Ghewar,Sweet,3,500,1500,Saturday,1,0,None,11,1,0,20.4
2023-02-25,Station Road,Gajak,Sweet,38,320,12160,Saturday,1,0,None,11,1,0,20.4
2023-02-25,Station Road,Soan Papdi,Sweet,27,300,8100,Saturday,1,0,None,11,1,0,20.4
2023-02-25,Station Road,Bikaneri Bhujia,Namkeen,156,360,56160,Saturday,1,0,None,11,1,0,20.4
2023-02-25,Station Road,Aloo Bhujia,Namkeen,70,300,21000,Saturday,1,0,None,11,1,0,20.4
2023-02-26,Station Road,Rasgulla,Sweet,59,280,16520,Sunday,1,0,None,10,1,0,16.9
2023-02-26,Station Road,Gulab Jamun,Sweet,72,300,21600,Sunday,1,0,None,10,1,0,16.9
2023-02-26,Station Road,Kaju Katli,Sweet,53,900,47700,Sunday,1,0,None,10,1,0,16.9
2023-02-26,Station Road,Besan Barfi,Sweet,66,420,27720,Sunday,1,0,None,10,1,0,16.9
2023-02-26,Station Road,Motichoor Laddu,Sweet,52,380,19760,Sunday,1,0,None,10,1,0,16.9
2023-02-26,Station Road,Ghewar,Sweet,0,500,0,Sunday,1,0,None,10,1,0,16.9
2023-02-26,Station Road,Gajak,Sweet,42,320,13440,Sunday,1,0,None,10,1,0,16.9
2023-02-26,Station Road,Soan Papdi,Sweet,38,300,11400,Sunday,1,0,None,10,1,0,16.9
2023-02-26,Station Road,Bikaneri Bhujia,Namkeen,137,360,49320,Sunday,1,0,None,10,1,0,16.9
2023-02-26,Station Road,Aloo Bhujia,Namkeen,62,300,18600,Sunday,1,0,None,10,1,0,16.9
2023-02-27,Station Road,Rasgulla,Sweet,43,280,12040,Monday,0,0,None,9,1,0,20.3
2023-02-27,Station Road,Gulab Jamun,Sweet,49,300,14700,Monday,0,0,None,9,1,0,20.3
2023-02-27,Station Road,Kaju Katli,Sweet,29,900,26100,Monday,0,0,None,9,1,0,20.3
2023-02-27,Station Road,Besan Barfi,Sweet,35,420,14700,Monday,0,0,None,9,1,0,20.3
2023-02-27,Station Road,Motichoor Laddu,Sweet,40,380,15200,Monday,0,0,None,9,1,0,20.3
2023-02-27,Station Road,Ghewar,Sweet,3,500,1500,Monday,0,0,None,9,1,0,20.3
2023-02-27,Station Road,Gajak,Sweet,28,320,8960,Monday,0,0,None,9,1,0,20.3
2023-02-27,Station Road,Soan Papdi,Sweet,22,300,6600,Monday,0,0,None,9,1,0,20.3
2023-02-27,Station Road,Bikaneri Bhujia,Namkeen,100,360,36000,Monday,0,0,None,9,1,0,20.3
2023-02-27,Station Road,Aloo Bhujia,Namkeen,32,300,9600,Monday,0,0,None,9,1,0,20.3
2023-02-28,Station Road,Rasgulla,Sweet,44,280,12320,Tuesday,0,0,None,8,1,0,24.0
2023-02-28,Station Road,Gulab Jamun,Sweet,62,300,18600,Tuesday,0,0,None,8,1,0,24.0
2023-02-28,Station Road,Kaju Katli,Sweet,26,900,23400,Tuesday,0,0,None,8,1,0,24.0
2023-02-28,Station Road,Besan Barfi,Sweet,36,420,15120,Tuesday,0,0,None,8,1,0,24.0
2023-02-28,Station Road,Motichoor Laddu,Sweet,32,380,12160,Tuesday,0,0,None,8,1,0,24.0
2023-02-28,Station Road,Ghewar,Sweet,0,500,0,Tuesday,0,0,None,8,1,0,24.0
2023-02-28,Station Road,Gajak,Sweet,22,320,7040,Tuesday,0,0,None,8,1,0,24.0
2023-02-28,Station Road,Soan Papdi,Sweet,25,300,7500,Tuesday,0,0,None,8,1,0,24.0
2023-02-28,Station Road,Bikaneri Bhujia,Namkeen,94,360,33840,Tuesday,0,0,None,8,1,0,24.0
2023-02-28,Station Road,Aloo Bhujia,Namkeen,37,300,11100,Tuesday,0,0,None,8,1,0,24.0
2023-03-01,Station Road,Rasgulla,Sweet,53,280,14840,Wednesday,0,0,None,7,0,0,27.7
2023-03-01,Station Road,Gulab Jamun,Sweet,60,270,16200,Wednesday,0,0,None,7,0,1,27.7
2023-03-01,Station Road,Kaju Katli,Sweet,28,900,25200,Wednesday,0,0,None,7,0,0,27.7
2023-03-01,Station Road,Besan Barfi,Sweet,39,420,16380,Wednesday,0,0,None,7,0,0,27.7
2023-03-01,Station Road,Motichoor Laddu,Sweet,24,380,9120,Wednesday,0,0,None,7,0,0,27.7
2023-03-01,Station Road,Ghewar,Sweet,1,500,500,Wednesday,0,0,None,7,0,0,27.7
2023-03-01,Station Road,Gajak,Sweet,3,320,960,Wednesday,0,0,None,7,0,0,27.7
2023-03-01,Station Road,Soan Papdi,Sweet,14,300,4200,Wednesday,0,0,None,7,0,0,27.7
2023-03-01,Station Road,Bikaneri Bhujia,Namkeen,90,324,29160,Wednesday,0,0,None,7,0,1,27.7
2023-03-01,Station Road,Aloo Bhujia,Namkeen,36,300,10800,Wednesday,0,0,None,7,0,0,27.7
2023-03-02,Station Road,Rasgulla,Sweet,74,280,20720,Thursday,0,0,pre-Holi,6,0,0,23.7
2023-03-02,Station Road,Gulab Jamun,Sweet,64,300,19200,Thursday,0,0,pre-Holi,6,0,0,23.7
2023-03-02,Station Road,Kaju Katli,Sweet,36,900,32400,Thursday,0,0,pre-Holi,6,0,0,23.7
2023-03-02,Station Road,Besan Barfi,Sweet,39,420,16380,Thursday,0,0,pre-Holi,6,0,0,23.7
2023-03-02,Station Road,Motichoor Laddu,Sweet,30,380,11400,Thursday,0,0,pre-Holi,6,0,0,23.7
2023-03-02,Station Road,Ghewar,Sweet,4,450,1800,Thursday,0,0,pre-Holi,6,0,1,23.7
2023-03-02,Station Road,Gajak,Sweet,9,320,2880,Thursday,0,0,pre-Holi,6,0,0,23.7
2023-03-02,Station Road,Soan Papdi,Sweet,22,300,6600,Thursday,0,0,pre-Holi,6,0,0,23.7
2023-03-02,Station Road,Bikaneri Bhujia,Namkeen,116,360,41760,Thursday,0,0,pre-Holi,6,0,0,23.7
2023-03-02,Station Road,Aloo Bhujia,Namkeen,48,300,14400,Thursday,0,0,pre-Holi,6,0,0,23.7
2023-03-03,Station Road,Rasgulla,Sweet,77,280,21560,Friday,0,0,pre-Holi,5,0,0,26.1
2023-03-03,Station Road,Gulab Jamun,Sweet,94,300,28200,Friday,0,0,pre-Holi,5,0,0,26.1
2023-03-03,Station Road,Kaju Katli,Sweet,63,900,56700,Friday,0,0,pre-Holi,5,0,0,26.1
2023-03-03,Station Road,Besan Barfi,Sweet,71,420,29820,Friday,0,0,pre-Holi,5,0,0,26.1
2023-03-03,Station Road,Motichoor Laddu,Sweet,51,380,19380,Friday,0,0,pre-Holi,5,0,0,26.1
2023-03-03,Station Road,Ghewar,Sweet,2,500,1000,Friday,0,0,pre-Holi,5,0,0,26.1
2023-03-03,Station Road,Gajak,Sweet,16,320,5120,Friday,0,0,pre-Holi,5,0,0,26.1
2023-03-03,Station Road,Soan Papdi,Sweet,44,300,13200,Friday,0,0,pre-Holi,5,0,0,26.1
2023-03-03,Station Road,Bikaneri Bhujia,Namkeen,132,360,47520,Friday,0,0,pre-Holi,5,0,0,26.1
2023-03-03,Station Road,Aloo Bhujia,Namkeen,58,300,17400,Friday,0,0,pre-Holi,5,0,0,26.1
2023-03-04,Station Road,Rasgulla,Sweet,117,280,32760,Saturday,1,0,pre-Holi,4,0,0,24.0
2023-03-04,Station Road,Gulab Jamun,Sweet,158,300,47400,Saturday,1,0,pre-Holi,4,0,0,24.0
2023-03-04,Station Road,Kaju Katli,Sweet,66,900,59400,Saturday,1,0,pre-Holi,4,0,0,24.0
2023-03-04,Station Road,Besan Barfi,Sweet,112,420,47040,Saturday,1,0,pre-Holi,4,0,0,24.0
2023-03-04,Station Road,Motichoor Laddu,Sweet,86,380,32680,Saturday,1,0,pre-Holi,4,0,0,24.0
2023-03-04,Station Road,Ghewar,Sweet,3,500,1500,Saturday,1,0,pre-Holi,4,0,0,24.0
2023-03-04,Station Road,Gajak,Sweet,25,288,7200,Saturday,1,0,pre-Holi,4,0,1,24.0
2023-03-04,Station Road,Soan Papdi,Sweet,45,300,13500,Saturday,1,0,pre-Holi,4,0,0,24.0
2023-03-04,Station Road,Bikaneri Bhujia,Namkeen,198,360,71280,Saturday,1,0,pre-Holi,4,0,0,24.0
2023-03-04,Station Road,Aloo Bhujia,Namkeen,87,300,26100,Saturday,1,0,pre-Holi,4,0,0,24.0
2023-03-05,Station Road,Rasgulla,Sweet,141,280,39480,Sunday,1,0,pre-Holi,3,0,0,26.4
2023-03-05,Station Road,Gulab Jamun,Sweet,174,300,52200,Sunday,1,0,pre-Holi,3,0,0,26.4
2023-03-05,Station Road,Kaju Katli,Sweet,100,900,90000,Sunday,1,0,pre-Holi,3,0,0,26.4
2023-03-05,Station Road,Besan Barfi,Sweet,117,420,49140,Sunday,1,0,pre-Holi,3,0,0,26.4
2023-03-05,Station Road,Motichoor Laddu,Sweet,91,380,34580,Sunday,1,0,pre-Holi,3,0,0,26.4
2023-03-05,Station Road,Ghewar,Sweet,4,500,2000,Sunday,1,0,pre-Holi,3,0,0,26.4
2023-03-05,Station Road,Gajak,Sweet,22,320,7040,Sunday,1,0,pre-Holi,3,0,0,26.4
2023-03-05,Station Road,Soan Papdi,Sweet,73,300,21900,Sunday,1,0,pre-Holi,3,0,0,26.4
2023-03-05,Station Road,Bikaneri Bhujia,Namkeen,231,360,83160,Sunday,1,0,pre-Holi,3,0,0,26.4
2023-03-05,Station Road,Aloo Bhujia,Namkeen,109,300,32700,Sunday,1,0,pre-Holi,3,0,0,26.4
2023-03-06,Station Road,Rasgulla,Sweet,103,280,28840,Monday,0,0,pre-Holi,2,0,0,22.8
2023-03-06,Station Road,Gulab Jamun,Sweet,146,300,43800,Monday,0,0,pre-Holi,2,0,0,22.8
2023-03-06,Station Road,Kaju Katli,Sweet,82,900,73800,Monday,0,0,pre-Holi,2,0,0,22.8
2023-03-06,Station Road,Besan Barfi,Sweet,66,420,27720,Monday,0,0,pre-Holi,2,0,0,22.8
2023-03-06,Station Road,Motichoor Laddu,Sweet,106,380,40280,Monday,0,0,pre-Holi,2,0,0,22.8
2023-03-06,Station Road,Ghewar,Sweet,3,500,1500,Monday,0,0,pre-Holi,2,0,0,22.8
2023-03-06,Station Road,Gajak,Sweet,17,320,5440,Monday,0,0,pre-Holi,2,0,0,22.8
2023-03-06,Station Road,Soan Papdi,Sweet,40,300,12000,Monday,0,0,pre-Holi,2,0,0,22.8
2023-03-06,Station Road,Bikaneri Bhujia,Namkeen,177,360,63720,Monday,0,0,pre-Holi,2,0,0,22.8
2023-03-06,Station Road,Aloo Bhujia,Namkeen,90,300,27000,Monday,0,0,pre-Holi,2,0,0,22.8
2023-03-07,Station Road,Rasgulla,Sweet,131,252,33012,Tuesday,0,0,pre-Holi,1,0,1,24.9
2023-03-07,Station Road,Gulab Jamun,Sweet,140,300,42000,Tuesday,0,0,pre-Holi,1,0,0,24.9
2023-03-07,Station Road,Kaju Katli,Sweet,89,900,80100,Tuesday,0,0,pre-Holi,1,0,0,24.9
2023-03-07,Station Road,Besan Barfi,Sweet,109,420,45780,Tuesday,0,0,pre-Holi,1,0,0,24.9
2023-03-07,Station Road,Motichoor Laddu,Sweet,101,380,38380,Tuesday,0,0,pre-Holi,1,0,0,24.9
2023-03-07,Station Road,Ghewar,Sweet,1,500,500,Tuesday,0,0,pre-Holi,1,0,0,24.9
2023-03-07,Station Road,Gajak,Sweet,10,320,3200,Tuesday,0,0,pre-Holi,1,0,0,24.9
2023-03-07,Station Road,Soan Papdi,Sweet,64,300,19200,Tuesday,0,0,pre-Holi,1,0,0,24.9
2023-03-07,Station Road,Bikaneri Bhujia,Namkeen,215,360,77400,Tuesday,0,0,pre-Holi,1,0,0,24.9
2023-03-07,Station Road,Aloo Bhujia,Namkeen,103,270,27810,Tuesday,0,0,pre-Holi,1,0,1,24.9
2023-03-08,Station Road,Rasgulla,Sweet,248,280,69440,Wednesday,0,1,Holi,0,0,0,26.9
2023-03-08,Station Road,Gulab Jamun,Sweet,287,300,86100,Wednesday,0,1,Holi,0,0,0,26.9
2023-03-08,Station Road,Kaju Katli,Sweet,186,900,167400,Wednesday,0,1,Holi,0,0,0,26.9
2023-03-08,Station Road,Besan Barfi,Sweet,212,420,89040,Wednesday,0,1,Holi,0,0,0,26.9
2023-03-08,Station Road,Motichoor Laddu,Sweet,194,380,73720,Wednesday,0,1,Holi,0,0,0,26.9
2023-03-08,Station Road,Ghewar,Sweet,4,500,2000,Wednesday,0,1,Holi,0,0,0,26.9
2023-03-08,Station Road,Gajak,Sweet,33,320,10560,Wednesday,0,1,Holi,0,0,0,26.9
2023-03-08,Station Road,Soan Papdi,Sweet,136,300,40800,Wednesday,0,1,Holi,0,0,0,26.9
2023-03-08,Station Road,Bikaneri Bhujia,Namkeen,353,360,127080,Wednesday,0,1,Holi,0,0,0,26.9
2023-03-08,Station Road,Aloo Bhujia,Namkeen,163,300,48900,Wednesday,0,1,Holi,0,0,0,26.9
2023-03-09,Station Road,Rasgulla,Sweet,40,280,11200,Thursday,0,0,None,60,0,0,28.0
2023-03-09,Station Road,Gulab Jamun,Sweet,51,300,15300,Thursday,0,0,None,60,0,0,28.0
2023-03-09,Station Road,Kaju Katli,Sweet,30,900,27000,Thursday,0,0,None,60,0,0,28.0
2023-03-09,Station Road,Besan Barfi,Sweet,26,420,10920,Thursday,0,0,None,60,0,0,28.0
2023-03-09,Station Road,Motichoor Laddu,Sweet,26,380,9880,Thursday,0,0,None,60,0,0,28.0
2023-03-09,Station Road,Ghewar,Sweet,0,500,0,Thursday,0,0,None,60,0,0,28.0
2023-03-09,Station Road,Gajak,Sweet,6,320,1920,Thursday,0,0,None,60,0,0,28.0
2023-03-09,Station Road,Soan Papdi,Sweet,21,300,6300,Thursday,0,0,None,60,0,0,28.0
2023-03-09,Station Road,Bikaneri Bhujia,Namkeen,83,360,29880,Thursday,0,0,None,60,0,0,28.0
2023-03-09,Station Road,Aloo Bhujia,Namkeen,44,300,13200,Thursday,0,0,None,60,0,0,28.0
2023-03-10,Station Road,Rasgulla,Sweet,67,280,18760,Friday,0,0,None,60,0,0,24.7
2023-03-10,Station Road,Gulab Jamun,Sweet,54,300,16200,Friday,0,0,None,60,0,0,24.7
2023-03-10,Station Road,Kaju Katli,Sweet,22,900,19800,Friday,0,0,None,60,0,0,24.7
2023-03-10,Station Road,Besan Barfi,Sweet,33,420,13860,Friday,0,0,None,60,0,0,24.7
2023-03-10,Station Road,Motichoor Laddu,Sweet,30,380,11400,Friday,0,0,None,60,0,0,24.7
2023-03-10,Station Road,Ghewar,Sweet,4,500,2000,Friday,0,0,None,60,0,0,24.7
2023-03-10,Station Road,Gajak,Sweet,9,320,2880,Friday,0,0,None,60,0,0,24.7
2023-03-10,Station Road,Soan Papdi,Sweet,21,300,6300,Friday,0,0,None,60,0,0,24.7
2023-03-10,Station Road,Bikaneri Bhujia,Namkeen,88,360,31680,Friday,0,0,None,60,0,0,24.7
2023-03-10,Station Road,Aloo Bhujia,Namkeen,45,300,13500,Friday,0,0,None,60,0,0,24.7
2023-03-11,Station Road,Rasgulla,Sweet,52,280,14560,Saturday,1,0,None,60,0,0,24.9
2023-03-11,Station Road,Gulab Jamun,Sweet,66,300,19800,Saturday,1,0,None,60,0,0,24.9
2023-03-11,Station Road,Kaju Katli,Sweet,30,900,27000,Saturday,1,0,None,60,0,0,24.9
2023-03-11,Station Road,Besan Barfi,Sweet,45,420,18900,Saturday,1,0,None,60,0,0,24.9
2023-03-11,Station Road,Motichoor Laddu,Sweet,35,380,13300,Saturday,1,0,None,60,0,0,24.9
2023-03-11,Station Road,Ghewar,Sweet,3,500,1500,Saturday,1,0,None,60,0,0,24.9
2023-03-11,Station Road,Gajak,Sweet,12,320,3840,Saturday,1,0,None,60,0,0,24.9
2023-03-11,Station Road,Soan Papdi,Sweet,20,300,6000,Saturday,1,0,None,60,0,0,24.9
2023-03-11,Station Road,Bikaneri Bhujia,Namkeen,126,360,45360,Saturday,1,0,None,60,0,0,24.9
2023-03-11,Station Road,Aloo Bhujia,Namkeen,52,300,15600,Saturday,1,0,None,60,0,0,24.9
2023-03-12,Station Road,Rasgulla,Sweet,57,280,15960,Sunday,1,0,None,60,0,0,21.4
2023-03-12,Station Road,Gulab Jamun,Sweet,64,300,19200,Sunday,1,0,None,60,0,0,21.4
2023-03-12,Station Road,Kaju Katli,Sweet,29,900,26100,Sunday,1,0,None,60,0,0,21.4
2023-03-12,Station Road,Besan Barfi,Sweet,45,420,18900,Sunday,1,0,None,60,0,0,21.4
2023-03-12,Station Road,Motichoor Laddu,Sweet,47,380,17860,Sunday,1,0,None,60,0,0,21.4
2023-03-12,Station Road,Ghewar,Sweet,2,500,1000,Sunday,1,0,None,60,0,0,21.4
2023-03-12,Station Road,Gajak,Sweet,13,320,4160,Sunday,1,0,None,60,0,0,21.4
2023-03-12,Station Road,Soan Papdi,Sweet,26,300,7800,Sunday,1,0,None,60,0,0,21.4
2023-03-12,Station Road,Bikaneri Bhujia,Namkeen,105,360,37800,Sunday,1,0,None,60,0,0,21.4
2023-03-12,Station Road,Aloo Bhujia,Namkeen,80,300,24000,Sunday,1,0,None,60,0,0,21.4
2023-03-13,Station Road,Rasgulla,Sweet,43,280,12040,Monday,0,0,None,60,0,0,27.9
2023-03-13,Station Road,Gulab Jamun,Sweet,62,300,18600,Monday,0,0,None,60,0,0,27.9
2023-03-13,Station Road,Kaju Katli,Sweet,23,900,20700,Monday,0,0,None,60,0,0,27.9
2023-03-13,Station Road,Besan Barfi,Sweet,31,420,13020,Monday,0,0,None,60,0,0,27.9
2023-03-13,Station Road,Motichoor Laddu,Sweet,28,380,10640,Monday,0,0,None,60,0,0,27.9
2023-03-13,Station Road,Ghewar,Sweet,0,500,0,Monday,0,0,None,60,0,0,27.9
2023-03-13,Station Road,Gajak,Sweet,9,320,2880,Monday,0,0,None,60,0,0,27.9
2023-03-13,Station Road,Soan Papdi,Sweet,10,300,3000,Monday,0,0,None,60,0,0,27.9
2023-03-13,Station Road,Bikaneri Bhujia,Namkeen,92,324,29808,Monday,0,0,None,60,0,1,27.9
2023-03-13,Station Road,Aloo Bhujia,Namkeen,36,300,10800,Monday,0,0,None,60,0,0,27.9
2023-03-14,Station Road,Rasgulla,Sweet,44,280,12320,Tuesday,0,0,None,60,0,0,26.6
2023-03-14,Station Road,Gulab Jamun,Sweet,57,300,17100,Tuesday,0,0,None,60,0,0,26.6
2023-03-14,Station Road,Kaju Katli,Sweet,22,900,19800,Tuesday,0,0,None,60,0,0,26.6
2023-03-14,Station Road,Besan Barfi,Sweet,32,420,13440,Tuesday,0,0,None,60,0,0,26.6
2023-03-14,Station Road,Motichoor Laddu,Sweet,27,380,10260,Tuesday,0,0,None,60,0,0,26.6
2023-03-14,Station Road,Ghewar,Sweet,2,500,1000,Tuesday,0,0,None,60,0,0,26.6
2023-03-14,Station Road,Gajak,Sweet,13,320,4160,Tuesday,0,0,None,60,0,0,26.6
2023-03-14,Station Road,Soan Papdi,Sweet,14,300,4200,Tuesday,0,0,None,60,0,0,26.6
2023-03-14,Station Road,Bikaneri Bhujia,Namkeen,73,360,26280,Tuesday,0,0,None,60,0,0,26.6
2023-03-14,Station Road,Aloo Bhujia,Namkeen,37,300,11100,Tuesday,0,0,None,60,0,0,26.6
2023-03-15,Station Road,Rasgulla,Sweet,50,280,14000,Wednesday,0,0,None,60,0,0,23.6
2023-03-15,Station Road,Gulab Jamun,Sweet,54,300,16200,Wednesday,0,0,None,60,0,0,23.6
2023-03-15,Station Road,Kaju Katli,Sweet,21,900,18900,Wednesday,0,0,None,60,0,0,23.6
2023-03-15,Station Road,Besan Barfi,Sweet,34,420,14280,Wednesday,0,0,None,60,0,0,23.6
2023-03-15,Station Road,Motichoor Laddu,Sweet,32,380,12160,Wednesday,0,0,None,60,0,0,23.6
2023-03-15,Station Road,Ghewar,Sweet,2,500,1000,Wednesday,0,0,None,60,0,0,23.6
2023-03-15,Station Road,Gajak,Sweet,8,320,2560,Wednesday,0,0,None,60,0,0,23.6
2023-03-15,Station Road,Soan Papdi,Sweet,17,300,5100,Wednesday,0,0,None,60,0,0,23.6
2023-03-15,Station Road,Bikaneri Bhujia,Namkeen,74,360,26640,Wednesday,0,0,None,60,0,0,23.6
2023-03-15,Station Road,Aloo Bhujia,Namkeen,39,300,11700,Wednesday,0,0,None,60,0,0,23.6
2023-03-16,Station Road,Rasgulla,Sweet,42,280,11760,Thursday,0,0,None,60,0,0,24.1
2023-03-16,Station Road,Gulab Jamun,Sweet,41,300,12300,Thursday,0,0,None,60,0,0,24.1
2023-03-16,Station Road,Kaju Katli,Sweet,29,900,26100,Thursday,0,0,None,60,0,0,24.1
2023-03-16,Station Road,Besan Barfi,Sweet,26,420,10920,Thursday,0,0,None,60,0,0,24.1
2023-03-16,Station Road,Motichoor Laddu,Sweet,26,380,9880,Thursday,0,0,None,60,0,0,24.1
2023-03-16,Station Road,Ghewar,Sweet,1,500,500,Thursday,0,0,None,60,0,0,24.1
2023-03-16,Station Road,Gajak,Sweet,10,320,3200,Thursday,0,0,None,60,0,0,24.1
2023-03-16,Station Road,Soan Papdi,Sweet,14,300,4200,Thursday,0,0,None,60,0,0,24.1
2023-03-16,Station Road,Bikaneri Bhujia,Namkeen,91,360,32760,Thursday,0,0,None,60,0,0,24.1
2023-03-16,Station Road,Aloo Bhujia,Namkeen,41,300,12300,Thursday,0,0,None,60,0,0,24.1
2023-03-17,Station Road,Rasgulla,Sweet,48,280,13440,Friday,0,0,None,60,0,0,27.1
2023-03-17,Station Road,Gulab Jamun,Sweet,63,300,18900,Friday,0,0,None,60,0,0,27.1
2023-03-17,Station Road,Kaju Katli,Sweet,36,900,32400,Friday,0,0,None,60,0,0,27.1
2023-03-17,Station Road,Besan Barfi,Sweet,34,420,14280,Friday,0,0,None,60,0,0,27.1
2023-03-17,Station Road,Motichoor Laddu,Sweet,31,380,11780,Friday,0,0,None,60,0,0,27.1
2023-03-17,Station Road,Ghewar,Sweet,2,500,1000,Friday,0,0,None,60,0,0,27.1
2023-03-17,Station Road,Gajak,Sweet,7,320,2240,Friday,0,0,None,60,0,0,27.1
2023-03-17,Station Road,Soan Papdi,Sweet,23,300,6900,Friday,0,0,None,60,0,0,27.1
2023-03-17,Station Road,Bikaneri Bhujia,Namkeen,102,360,36720,Friday,0,0,None,60,0,0,27.1
2023-03-17,Station Road,Aloo Bhujia,Namkeen,49,300,14700,Friday,0,0,None,60,0,0,27.1
2023-03-18,Station Road,Rasgulla,Sweet,86,280,24080,Saturday,1,0,pre-Gangaur,60,0,0,26.4
2023-03-18,Station Road,Gulab Jamun,Sweet,80,300,24000,Saturday,1,0,pre-Gangaur,60,0,0,26.4
2023-03-18,Station Road,Kaju Katli,Sweet,40,900,36000,Saturday,1,0,pre-Gangaur,60,0,0,26.4
2023-03-18,Station Road,Besan Barfi,Sweet,45,420,18900,Saturday,1,0,pre-Gangaur,60,0,0,26.4
2023-03-18,Station Road,Motichoor Laddu,Sweet,37,380,14060,Saturday,1,0,pre-Gangaur,60,0,0,26.4
2023-03-18,Station Road,Ghewar,Sweet,2,500,1000,Saturday,1,0,pre-Gangaur,60,0,0,26.4
2023-03-18,Station Road,Gajak,Sweet,20,320,6400,Saturday,1,0,pre-Gangaur,60,0,0,26.4
2023-03-18,Station Road,Soan Papdi,Sweet,20,300,6000,Saturday,1,0,pre-Gangaur,60,0,0,26.4
2023-03-18,Station Road,Bikaneri Bhujia,Namkeen,137,360,49320,Saturday,1,0,pre-Gangaur,60,0,0,26.4
2023-03-18,Station Road,Aloo Bhujia,Namkeen,57,300,17100,Saturday,1,0,pre-Gangaur,60,0,0,26.4
2023-03-19,Station Road,Rasgulla,Sweet,90,280,25200,Sunday,1,0,pre-Gangaur,60,0,0,25.4
2023-03-19,Station Road,Gulab Jamun,Sweet,90,300,27000,Sunday,1,0,pre-Gangaur,60,0,0,25.4
2023-03-19,Station Road,Kaju Katli,Sweet,61,900,54900,Sunday,1,0,pre-Gangaur,60,0,0,25.4
2023-03-19,Station Road,Besan Barfi,Sweet,70,420,29400,Sunday,1,0,pre-Gangaur,60,0,0,25.4
2023-03-19,Station Road,Motichoor Laddu,Sweet,79,342,27018,Sunday,1,0,pre-Gangaur,60,0,1,25.4
2023-03-19,Station Road,Ghewar,Sweet,3,500,1500,Sunday,1,0,pre-Gangaur,60,0,0,25.4
2023-03-19,Station Road,Gajak,Sweet,18,320,5760,Sunday,1,0,pre-Gangaur,60,0,0,25.4
2023-03-19,Station Road,Soan Papdi,Sweet,45,300,13500,Sunday,1,0,pre-Gangaur,60,0,0,25.4
2023-03-19,Station Road,Bikaneri Bhujia,Namkeen,152,360,54720,Sunday,1,0,pre-Gangaur,60,0,0,25.4
2023-03-19,Station Road,Aloo Bhujia,Namkeen,78,300,23400,Sunday,1,0,pre-Gangaur,60,0,0,25.4
2023-03-20,Station Road,Rasgulla,Sweet,64,280,17920,Monday,0,0,pre-Gangaur,60,0,0,25.6
2023-03-20,Station Road,Gulab Jamun,Sweet,77,300,23100,Monday,0,0,pre-Gangaur,60,0,0,25.6
2023-03-20,Station Road,Kaju Katli,Sweet,37,900,33300,Monday,0,0,pre-Gangaur,60,0,0,25.6
2023-03-20,Station Road,Besan Barfi,Sweet,47,420,19740,Monday,0,0,pre-Gangaur,60,0,0,25.6
2023-03-20,Station Road,Motichoor Laddu,Sweet,55,380,20900,Monday,0,0,pre-Gangaur,60,0,0,25.6
2023-03-20,Station Road,Ghewar,Sweet,4,500,2000,Monday,0,0,pre-Gangaur,60,0,0,25.6
2023-03-20,Station Road,Gajak,Sweet,11,320,3520,Monday,0,0,pre-Gangaur,60,0,0,25.6
2023-03-20,Station Road,Soan Papdi,Sweet,29,300,8700,Monday,0,0,pre-Gangaur,60,0,0,25.6
2023-03-20,Station Road,Bikaneri Bhujia,Namkeen,115,360,41400,Monday,0,0,pre-Gangaur,60,0,0,25.6
2023-03-20,Station Road,Aloo Bhujia,Namkeen,70,270,18900,Monday,0,0,pre-Gangaur,60,0,1,25.6
2023-03-21,Station Road,Rasgulla,Sweet,63,280,17640,Tuesday,0,0,pre-Gangaur,60,0,0,26.7
2023-03-21,Station Road,Gulab Jamun,Sweet,85,300,25500,Tuesday,0,0,pre-Gangaur,60,0,0,26.7
2023-03-21,Station Road,Kaju Katli,Sweet,53,810,42930,Tuesday,0,0,pre-Gangaur,60,0,1,26.7
2023-03-21,Station Road,Besan Barfi,Sweet,52,420,21840,Tuesday,0,0,pre-Gangaur,60,0,0,26.7
2023-03-21,Station Road,Motichoor Laddu,Sweet,43,380,16340,Tuesday,0,0,pre-Gangaur,60,0,0,26.7
2023-03-21,Station Road,Ghewar,Sweet,4,500,2000,Tuesday,0,0,pre-Gangaur,60,0,0,26.7
2023-03-21,Station Road,Gajak,Sweet,8,320,2560,Tuesday,0,0,pre-Gangaur,60,0,0,26.7
2023-03-21,Station Road,Soan Papdi,Sweet,32,300,9600,Tuesday,0,0,pre-Gangaur,60,0,0,26.7
2023-03-21,Station Road,Bikaneri Bhujia,Namkeen,126,360,45360,Tuesday,0,0,pre-Gangaur,60,0,0,26.7
2023-03-21,Station Road,Aloo Bhujia,Namkeen,58,300,17400,Tuesday,0,0,pre-Gangaur,60,0,0,26.7
2023-03-22,Station Road,Rasgulla,Sweet,80,280,22400,Wednesday,0,0,pre-Gangaur,60,0,0,28.4
2023-03-22,Station Road,Gulab Jamun,Sweet,136,270,36720,Wednesday,0,0,pre-Gangaur,60,0,1,28.4
2023-03-22,Station Road,Kaju Katli,Sweet,63,900,56700,Wednesday,0,0,pre-Gangaur,60,0,0,28.4
2023-03-22,Station Road,Besan Barfi,Sweet,72,420,30240,Wednesday,0,0,pre-Gangaur,60,0,0,28.4
2023-03-22,Station Road,Motichoor Laddu,Sweet,66,380,25080,Wednesday,0,0,pre-Gangaur,60,0,0,28.4
2023-03-22,Station Road,Ghewar,Sweet,2,500,1000,Wednesday,0,0,pre-Gangaur,60,0,0,28.4
2023-03-22,Station Road,Gajak,Sweet,10,320,3200,Wednesday,0,0,pre-Gangaur,60,0,0,28.4
2023-03-22,Station Road,Soan Papdi,Sweet,36,300,10800,Wednesday,0,0,pre-Gangaur,60,0,0,28.4
2023-03-22,Station Road,Bikaneri Bhujia,Namkeen,160,360,57600,Wednesday,0,0,pre-Gangaur,60,0,0,28.4
2023-03-22,Station Road,Aloo Bhujia,Namkeen,57,300,17100,Wednesday,0,0,pre-Gangaur,60,0,0,28.4
2023-03-23,Station Road,Rasgulla,Sweet,88,280,24640,Thursday,0,0,pre-Gangaur,60,0,0,25.2
2023-03-23,Station Road,Gulab Jamun,Sweet,137,300,41100,Thursday,0,0,pre-Gangaur,60,0,0,25.2
2023-03-23,Station Road,Kaju Katli,Sweet,56,900,50400,Thursday,0,0,pre-Gangaur,60,0,0,25.2
2023-03-23,Station Road,Besan Barfi,Sweet,78,420,32760,Thursday,0,0,pre-Gangaur,60,0,0,25.2
2023-03-23,Station Road,Motichoor Laddu,Sweet,76,380,28880,Thursday,0,0,pre-Gangaur,60,0,0,25.2
2023-03-23,Station Road,Ghewar,Sweet,2,500,1000,Thursday,0,0,pre-Gangaur,60,0,0,25.2
2023-03-23,Station Road,Gajak,Sweet,19,320,6080,Thursday,0,0,pre-Gangaur,60,0,0,25.2
2023-03-23,Station Road,Soan Papdi,Sweet,50,300,15000,Thursday,0,0,pre-Gangaur,60,0,0,25.2
2023-03-23,Station Road,Bikaneri Bhujia,Namkeen,154,360,55440,Thursday,0,0,pre-Gangaur,60,0,0,25.2
2023-03-23,Station Road,Aloo Bhujia,Namkeen,58,300,17400,Thursday,0,0,pre-Gangaur,60,0,0,25.2
2023-03-24,Station Road,Rasgulla,Sweet,177,280,49560,Friday,0,1,Gangaur,60,0,0,28.3
2023-03-24,Station Road,Gulab Jamun,Sweet,253,300,75900,Friday,0,1,Gangaur,60,0,0,28.3
2023-03-24,Station Road,Kaju Katli,Sweet,143,900,128700,Friday,0,1,Gangaur,60,0,0,28.3
2023-03-24,Station Road,Besan Barfi,Sweet,137,420,57540,Friday,0,1,Gangaur,60,0,0,28.3
2023-03-24,Station Road,Motichoor Laddu,Sweet,142,380,53960,Friday,0,1,Gangaur,60,0,0,28.3
2023-03-24,Station Road,Ghewar,Sweet,3,500,1500,Friday,0,1,Gangaur,60,0,0,28.3
2023-03-24,Station Road,Gajak,Sweet,30,320,9600,Friday,0,1,Gangaur,60,0,0,28.3
2023-03-24,Station Road,Soan Papdi,Sweet,78,300,23400,Friday,0,1,Gangaur,60,0,0,28.3
2023-03-24,Station Road,Bikaneri Bhujia,Namkeen,302,360,108720,Friday,0,1,Gangaur,60,0,0,28.3
2023-03-24,Station Road,Aloo Bhujia,Namkeen,138,300,41400,Friday,0,1,Gangaur,60,0,0,28.3
2023-03-25,Station Road,Rasgulla,Sweet,69,280,19320,Saturday,1,0,None,60,0,0,26.3
2023-03-25,Station Road,Gulab Jamun,Sweet,74,300,22200,Saturday,1,0,None,60,0,0,26.3
2023-03-25,Station Road,Kaju Katli,Sweet,37,900,33300,Saturday,1,0,None,60,0,0,26.3
2023-03-25,Station Road,Besan Barfi,Sweet,42,378,15876,Saturday,1,0,None,60,0,1,26.3
2023-03-25,Station Road,Motichoor Laddu,Sweet,48,380,18240,Saturday,1,0,None,60,0,0,26.3
2023-03-25,Station Road,Ghewar,Sweet,5,500,2500,Saturday,1,0,None,60,0,0,26.3
2023-03-25,Station Road,Gajak,Sweet,6,320,1920,Saturday,1,0,None,60,0,0,26.3
2023-03-25,Station Road,Soan Papdi,Sweet,25,300,7500,Saturday,1,0,None,60,0,0,26.3
2023-03-25,Station Road,Bikaneri Bhujia,Namkeen,94,360,33840,Saturday,1,0,None,60,0,0,26.3
2023-03-25,Station Road,Aloo Bhujia,Namkeen,55,300,16500,Saturday,1,0,None,60,0,0,26.3
2023-03-26,Station Road,Rasgulla,Sweet,61,280,17080,Sunday,1,0,None,60,0,0,30.1
2023-03-26,Station Road,Gulab Jamun,Sweet,62,300,18600,Sunday,1,0,None,60,0,0,30.1
2023-03-26,Station Road,Kaju Katli,Sweet,42,900,37800,Sunday,1,0,None,60,0,0,30.1
2023-03-26,Station Road,Besan Barfi,Sweet,53,420,22260,Sunday,1,0,None,60,0,0,30.1
2023-03-26,Station Road,Motichoor Laddu,Sweet,42,380,15960,Sunday,1,0,None,60,0,0,30.1
2023-03-26,Station Road,Ghewar,Sweet,0,500,0,Sunday,1,0,None,60,0,0,30.1
2023-03-26,Station Road,Gajak,Sweet,10,320,3200,Sunday,1,0,None,60,0,0,30.1
2023-03-26,Station Road,Soan Papdi,Sweet,26,300,7800,Sunday,1,0,None,60,0,0,30.1
2023-03-26,Station Road,Bikaneri Bhujia,Namkeen,132,360,47520,Sunday,1,0,None,60,0,0,30.1
2023-03-26,Station Road,Aloo Bhujia,Namkeen,56,300,16800,Sunday,1,0,None,60,0,0,30.1
2023-03-27,Station Road,Rasgulla,Sweet,37,280,10360,Monday,0,0,None,60,0,0,24.1
2023-03-27,Station Road,Gulab Jamun,Sweet,52,300,15600,Monday,0,0,None,60,0,0,24.1
2023-03-27,Station Road,Kaju Katli,Sweet,21,900,18900,Monday,0,0,None,60,0,0,24.1
2023-03-27,Station Road,Besan Barfi,Sweet,38,420,15960,Monday,0,0,None,60,0,0,24.1
2023-03-27,Station Road,Motichoor Laddu,Sweet,30,380,11400,Monday,0,0,None,60,0,0,24.1
2023-03-27,Station Road,Ghewar,Sweet,1,500,500,Monday,0,0,None,60,0,0,24.1
2023-03-27,Station Road,Gajak,Sweet,6,320,1920,Monday,0,0,None,60,0,0,24.1
2023-03-27,Station Road,Soan Papdi,Sweet,17,300,5100,Monday,0,0,None,60,0,0,24.1
2023-03-27,Station Road,Bikaneri Bhujia,Namkeen,93,360,33480,Monday,0,0,None,60,0,0,24.1
2023-03-27,Station Road,Aloo Bhujia,Namkeen,28,300,8400,Monday,0,0,None,60,0,0,24.1
2023-03-28,Station Road,Rasgulla,Sweet,49,280,13720,Tuesday,0,0,None,60,0,0,28.9
2023-03-28,Station Road,Gulab Jamun,Sweet,43,300,12900,Tuesday,0,0,None,60,0,0,28.9
2023-03-28,Station Road,Kaju Katli,Sweet,28,900,25200,Tuesday,0,0,None,60,0,0,28.9
2023-03-28,Station Road,Besan Barfi,Sweet,22,420,9240,Tuesday,0,0,None,60,0,0,28.9
2023-03-28,Station Road,Motichoor Laddu,Sweet,23,380,8740,Tuesday,0,0,None,60,0,0,28.9
2023-03-28,Station Road,Ghewar,Sweet,1,500,500,Tuesday,0,0,None,60,0,0,28.9
2023-03-28,Station Road,Gajak,Sweet,9,320,2880,Tuesday,0,0,None,60,0,0,28.9
2023-03-28,Station Road,Soan Papdi,Sweet,19,300,5700,Tuesday,0,0,None,60,0,0,28.9
2023-03-28,Station Road,Bikaneri Bhujia,Namkeen,78,360,28080,Tuesday,0,0,None,60,0,0,28.9
2023-03-28,Station Road,Aloo Bhujia,Namkeen,34,300,10200,Tuesday,0,0,None,60,0,0,28.9
2023-03-29,Station Road,Rasgulla,Sweet,38,280,10640,Wednesday,0,0,None,60,0,0,26.1
2023-03-29,Station Road,Gulab Jamun,Sweet,34,300,10200,Wednesday,0,0,None,60,0,0,26.1
2023-03-29,Station Road,Kaju Katli,Sweet,30,900,27000,Wednesday,0,0,None,60,0,0,26.1
2023-03-29,Station Road,Besan Barfi,Sweet,24,420,10080,Wednesday,0,0,None,60,0,0,26.1
2023-03-29,Station Road,Motichoor Laddu,Sweet,30,380,11400,Wednesday,0,0,None,60,0,0,26.1
2023-03-29,Station Road,Ghewar,Sweet,1,500,500,Wednesday,0,0,None,60,0,0,26.1
2023-03-29,Station Road,Gajak,Sweet,8,320,2560,Wednesday,0,0,None,60,0,0,26.1
2023-03-29,Station Road,Soan Papdi,Sweet,11,300,3300,Wednesday,0,0,None,60,0,0,26.1
2023-03-29,Station Road,Bikaneri Bhujia,Namkeen,86,360,30960,Wednesday,0,0,None,60,0,0,26.1
2023-03-29,Station Road,Aloo Bhujia,Namkeen,43,300,12900,Wednesday,0,0,None,60,0,0,26.1
2023-03-30,Station Road,Rasgulla,Sweet,41,280,11480,Thursday,0,0,None,60,0,0,25.4
2023-03-30,Station Road,Gulab Jamun,Sweet,56,300,16800,Thursday,0,0,None,60,0,0,25.4
2023-03-30,Station Road,Kaju Katli,Sweet,30,900,27000,Thursday,0,0,None,60,0,0,25.4
2023-03-30,Station Road,Besan Barfi,Sweet,32,420,13440,Thursday,0,0,None,60,0,0,25.4
2023-03-30,Station Road,Motichoor Laddu,Sweet,20,380,7600,Thursday,0,0,None,60,0,0,25.4
2023-03-30,Station Road,Ghewar,Sweet,0,500,0,Thursday,0,0,None,60,0,0,25.4
2023-03-30,Station Road,Gajak,Sweet,10,320,3200,Thursday,0,0,None,60,0,0,25.4
2023-03-30,Station Road,Soan Papdi,Sweet,24,300,7200,Thursday,0,0,None,60,0,0,25.4
2023-03-30,Station Road,Bikaneri Bhujia,Namkeen,81,360,29160,Thursday,0,0,None,60,0,0,25.4
2023-03-30,Station Road,Aloo Bhujia,Namkeen,30,300,9000,Thursday,0,0,None,60,0,0,25.4
2023-03-31,Station Road,Rasgulla,Sweet,38,280,10640,Friday,0,0,None,60,0,0,27.4
2023-03-31,Station Road,Gulab Jamun,Sweet,55,300,16500,Friday,0,0,None,60,0,0,27.4
2023-03-31,Station Road,Kaju Katli,Sweet,23,900,20700,Friday,0,0,None,60,0,0,27.4
2023-03-31,Station Road,Besan Barfi,Sweet,35,420,14700,Friday,0,0,None,60,0,0,27.4
2023-03-31,Station Road,Motichoor Laddu,Sweet,35,380,13300,Friday,0,0,None,60,0,0,27.4
2023-03-31,Station Road,Ghewar,Sweet,1,500,500,Friday,0,0,None,60,0,0,27.4
2023-03-31,Station Road,Gajak,Sweet,6,320,1920,Friday,0,0,None,60,0,0,27.4
2023-03-31,Station Road,Soan Papdi,Sweet,13,300,3900,Friday,0,0,None,60,0,0,27.4
2023-03-31,Station Road,Bikaneri Bhujia,Namkeen,96,360,34560,Friday,0,0,None,60,0,0,27.4
2023-03-31,Station Road,Aloo Bhujia,Namkeen,50,300,15000,Friday,0,0,None,60,0,0,27.4
2023-04-01,Station Road,Rasgulla,Sweet,81,252,20412,Saturday,1,0,None,60,1,1,28.4
2023-04-01,Station Road,Gulab Jamun,Sweet,52,300,15600,Saturday,1,0,None,60,1,0,28.4
2023-04-01,Station Road,Kaju Katli,Sweet,58,810,46980,Saturday,1,0,None,60,1,1,28.4
2023-04-01,Station Road,Besan Barfi,Sweet,68,420,28560,Saturday,1,0,None,60,1,0,28.4
2023-04-01,Station Road,Motichoor Laddu,Sweet,46,380,17480,Saturday,1,0,None,60,1,0,28.4
2023-04-01,Station Road,Ghewar,Sweet,0,500,0,Saturday,1,0,None,60,1,0,28.4
2023-04-01,Station Road,Gajak,Sweet,1,320,320,Saturday,1,0,None,60,1,0,28.4
2023-04-01,Station Road,Soan Papdi,Sweet,36,300,10800,Saturday,1,0,None,60,1,0,28.4
2023-04-01,Station Road,Bikaneri Bhujia,Namkeen,157,360,56520,Saturday,1,0,None,60,1,0,28.4
2023-04-01,Station Road,Aloo Bhujia,Namkeen,57,300,17100,Saturday,1,0,None,60,1,0,28.4
2023-04-02,Station Road,Rasgulla,Sweet,52,280,14560,Sunday,1,0,None,60,1,0,35.4
2023-04-02,Station Road,Gulab Jamun,Sweet,89,300,26700,Sunday,1,0,None,60,1,0,35.4
2023-04-02,Station Road,Kaju Katli,Sweet,45,900,40500,Sunday,1,0,None,60,1,0,35.4
2023-04-02,Station Road,Besan Barfi,Sweet,46,420,19320,Sunday,1,0,None,60,1,0,35.4
2023-04-02,Station Road,Motichoor Laddu,Sweet,61,380,23180,Sunday,1,0,None,60,1,0,35.4
2023-04-02,Station Road,Ghewar,Sweet,1,500,500,Sunday,1,0,None,60,1,0,35.4
2023-04-02,Station Road,Gajak,Sweet,0,320,0,Sunday,1,0,None,60,1,0,35.4
2023-04-02,Station Road,Soan Papdi,Sweet,35,300,10500,Sunday,1,0,None,60,1,0,35.4
2023-04-02,Station Road,Bikaneri Bhujia,Namkeen,153,360,55080,Sunday,1,0,None,60,1,0,35.4
2023-04-02,Station Road,Aloo Bhujia,Namkeen,57,300,17100,Sunday,1,0,None,60,1,0,35.4
2023-04-03,Station Road,Rasgulla,Sweet,33,280,9240,Monday,0,0,None,60,1,0,35.5
2023-04-03,Station Road,Gulab Jamun,Sweet,54,300,16200,Monday,0,0,None,60,1,0,35.5
2023-04-03,Station Road,Kaju Katli,Sweet,40,900,36000,Monday,0,0,None,60,1,0,35.5
2023-04-03,Station Road,Besan Barfi,Sweet,31,420,13020,Monday,0,0,None,60,1,0,35.5
2023-04-03,Station Road,Motichoor Laddu,Sweet,35,380,13300,Monday,0,0,None,60,1,0,35.5
2023-04-03,Station Road,Ghewar,Sweet,3,500,1500,Monday,0,0,None,60,1,0,35.5
2023-04-03,Station Road,Gajak,Sweet,2,320,640,Monday,0,0,None,60,1,0,35.5
2023-04-03,Station Road,Soan Papdi,Sweet,17,300,5100,Monday,0,0,None,60,1,0,35.5
2023-04-03,Station Road,Bikaneri Bhujia,Namkeen,119,360,42840,Monday,0,0,None,60,1,0,35.5
2023-04-03,Station Road,Aloo Bhujia,Namkeen,44,300,13200,Monday,0,0,None,60,1,0,35.5
2023-04-04,Station Road,Rasgulla,Sweet,36,280,10080,Tuesday,0,0,None,60,1,0,34.9
2023-04-04,Station Road,Gulab Jamun,Sweet,57,300,17100,Tuesday,0,0,None,60,1,0,34.9
2023-04-04,Station Road,Kaju Katli,Sweet,31,900,27900,Tuesday,0,0,None,60,1,0,34.9
2023-04-04,Station Road,Besan Barfi,Sweet,29,420,12180,Tuesday,0,0,None,60,1,0,34.9
2023-04-04,Station Road,Motichoor Laddu,Sweet,31,380,11780,Tuesday,0,0,None,60,1,0,34.9
2023-04-04,Station Road,Ghewar,Sweet,1,500,500,Tuesday,0,0,None,60,1,0,34.9
2023-04-04,Station Road,Gajak,Sweet,2,320,640,Tuesday,0,0,None,60,1,0,34.9
2023-04-04,Station Road,Soan Papdi,Sweet,17,300,5100,Tuesday,0,0,None,60,1,0,34.9
2023-04-04,Station Road,Bikaneri Bhujia,Namkeen,110,360,39600,Tuesday,0,0,None,60,1,0,34.9
2023-04-04,Station Road,Aloo Bhujia,Namkeen,28,300,8400,Tuesday,0,0,None,60,1,0,34.9
2023-04-05,Station Road,Rasgulla,Sweet,33,280,9240,Wednesday,0,0,None,60,1,0,30.5
2023-04-05,Station Road,Gulab Jamun,Sweet,49,300,14700,Wednesday,0,0,None,60,1,0,30.5
2023-04-05,Station Road,Kaju Katli,Sweet,36,900,32400,Wednesday,0,0,None,60,1,0,30.5
2023-04-05,Station Road,Besan Barfi,Sweet,46,420,19320,Wednesday,0,0,None,60,1,0,30.5
2023-04-05,Station Road,Motichoor Laddu,Sweet,48,380,18240,Wednesday,0,0,None,60,1,0,30.5
2023-04-05,Station Road,Ghewar,Sweet,3,450,1350,Wednesday,0,0,None,60,1,1,30.5
2023-04-05,Station Road,Gajak,Sweet,3,320,960,Wednesday,0,0,None,60,1,0,30.5
2023-04-05,Station Road,Soan Papdi,Sweet,37,300,11100,Wednesday,0,0,None,60,1,0,30.5
2023-04-05,Station Road,Bikaneri Bhujia,Namkeen,106,360,38160,Wednesday,0,0,None,60,1,0,30.5
2023-04-05,Station Road,Aloo Bhujia,Namkeen,41,300,12300,Wednesday,0,0,None,60,1,0,30.5
2023-04-06,Station Road,Rasgulla,Sweet,40,280,11200,Thursday,0,0,None,60,1,0,31.8
2023-04-06,Station Road,Gulab Jamun,Sweet,62,300,18600,Thursday,0,0,None,60,1,0,31.8
2023-04-06,Station Road,Kaju Katli,Sweet,38,900,34200,Thursday,0,0,None,60,1,0,31.8
2023-04-06,Station Road,Besan Barfi,Sweet,34,420,14280,Thursday,0,0,None,60,1,0,31.8
2023-04-06,Station Road,Motichoor Laddu,Sweet,40,380,15200,Thursday,0,0,None,60,1,0,31.8
2023-04-06,Station Road,Ghewar,Sweet,2,500,1000,Thursday,0,0,None,60,1,0,31.8
2023-04-06,Station Road,Gajak,Sweet,1,320,320,Thursday,0,0,None,60,1,0,31.8
2023-04-06,Station Road,Soan Papdi,Sweet,33,270,8910,Thursday,0,0,None,60,1,1,31.8
2023-04-06,Station Road,Bikaneri Bhujia,Namkeen,108,360,38880,Thursday,0,0,None,60,1,0,31.8
2023-04-06,Station Road,Aloo Bhujia,Namkeen,39,300,11700,Thursday,0,0,None,60,1,0,31.8
2023-04-07,Station Road,Rasgulla,Sweet,49,280,13720,Friday,0,0,None,60,1,0,35.0
2023-04-07,Station Road,Gulab Jamun,Sweet,62,300,18600,Friday,0,0,None,60,1,0,35.0
2023-04-07,Station Road,Kaju Katli,Sweet,46,900,41400,Friday,0,0,None,60,1,0,35.0
2023-04-07,Station Road,Besan Barfi,Sweet,46,420,19320,Friday,0,0,None,60,1,0,35.0
2023-04-07,Station Road,Motichoor Laddu,Sweet,35,380,13300,Friday,0,0,None,60,1,0,35.0
2023-04-07,Station Road,Ghewar,Sweet,0,500,0,Friday,0,0,None,60,1,0,35.0
2023-04-07,Station Road,Gajak,Sweet,1,288,288,Friday,0,0,None,60,1,1,35.0
2023-04-07,Station Road,Soan Papdi,Sweet,32,300,9600,Friday,0,0,None,60,1,0,35.0
2023-04-07,Station Road,Bikaneri Bhujia,Namkeen,108,360,38880,Friday,0,0,None,60,1,0,35.0
2023-04-07,Station Road,Aloo Bhujia,Namkeen,49,300,14700,Friday,0,0,None,60,1,0,35.0
2023-04-08,Station Road,Rasgulla,Sweet,51,280,14280,Saturday,1,0,None,60,1,0,29.5
2023-04-08,Station Road,Gulab Jamun,Sweet,60,300,18000,Saturday,1,0,None,60,1,0,29.5
2023-04-08,Station Road,Kaju Katli,Sweet,46,900,41400,Saturday,1,0,None,60,1,0,29.5
2023-04-08,Station Road,Besan Barfi,Sweet,49,420,20580,Saturday,1,0,None,60,1,0,29.5
2023-04-08,Station Road,Motichoor Laddu,Sweet,63,380,23940,Saturday,1,0,None,60,1,0,29.5
2023-04-08,Station Road,Ghewar,Sweet,3,500,1500,Saturday,1,0,None,60,1,0,29.5
2023-04-08,Station Road,Gajak,Sweet,4,320,1280,Saturday,1,0,None,60,1,0,29.5
2023-04-08,Station Road,Soan Papdi,Sweet,25,300,7500,Saturday,1,0,None,60,1,0,29.5
2023-04-08,Station Road,Bikaneri Bhujia,Namkeen,137,360,49320,Saturday,1,0,None,60,1,0,29.5
2023-04-08,Station Road,Aloo Bhujia,Namkeen,52,300,15600,Saturday,1,0,None,60,1,0,29.5
2023-04-09,Station Road,Rasgulla,Sweet,62,280,17360,Sunday,1,0,None,60,1,0,35.7
2023-04-09,Station Road,Gulab Jamun,Sweet,92,300,27600,Sunday,1,0,None,60,1,0,35.7
2023-04-09,Station Road,Kaju Katli,Sweet,48,900,43200,Sunday,1,0,None,60,1,0,35.7
2023-04-09,Station Road,Besan Barfi,Sweet,65,420,27300,Sunday,1,0,None,60,1,0,35.7
2023-04-09,Station Road,Motichoor Laddu,Sweet,42,380,15960,Sunday,1,0,None,60,1,0,35.7
2023-04-09,Station Road,Ghewar,Sweet,4,500,2000,Sunday,1,0,None,60,1,0,35.7
2023-04-09,Station Road,Gajak,Sweet,1,320,320,Sunday,1,0,None,60,1,0,35.7
2023-04-09,Station Road,Soan Papdi,Sweet,30,300,9000,Sunday,1,0,None,60,1,0,35.7
2023-04-09,Station Road,Bikaneri Bhujia,Namkeen,160,360,57600,Sunday,1,0,None,60,1,0,35.7
2023-04-09,Station Road,Aloo Bhujia,Namkeen,73,300,21900,Sunday,1,0,None,60,1,0,35.7
2023-04-10,Station Road,Rasgulla,Sweet,29,280,8120,Monday,0,0,None,60,1,0,32.5
2023-04-10,Station Road,Gulab Jamun,Sweet,53,300,15900,Monday,0,0,None,60,1,0,32.5
2023-04-10,Station Road,Kaju Katli,Sweet,38,900,34200,Monday,0,0,None,60,1,0,32.5
2023-04-10,Station Road,Besan Barfi,Sweet,47,420,19740,Monday,0,0,None,60,1,0,32.5
2023-04-10,Station Road,Motichoor Laddu,Sweet,29,380,11020,Monday,0,0,None,60,1,0,32.5
2023-04-10,Station Road,Ghewar,Sweet,1,500,500,Monday,0,0,None,60,1,0,32.5
2023-04-10,Station Road,Gajak,Sweet,0,320,0,Monday,0,0,None,60,1,0,32.5
2023-04-10,Station Road,Soan Papdi,Sweet,18,300,5400,Monday,0,0,None,60,1,0,32.5
2023-04-10,Station Road,Bikaneri Bhujia,Namkeen,95,360,34200,Monday,0,0,None,60,1,0,32.5
2023-04-10,Station Road,Aloo Bhujia,Namkeen,34,300,10200,Monday,0,0,None,60,1,0,32.5
2023-04-11,Station Road,Rasgulla,Sweet,34,280,9520,Tuesday,0,0,None,60,1,0,33.3
2023-04-11,Station Road,Gulab Jamun,Sweet,45,300,13500,Tuesday,0,0,None,60,1,0,33.3
2023-04-11,Station Road,Kaju Katli,Sweet,26,900,23400,Tuesday,0,0,None,60,1,0,33.3
2023-04-11,Station Road,Besan Barfi,Sweet,30,420,12600,Tuesday,0,0,None,60,1,0,33.3
2023-04-11,Station Road,Motichoor Laddu,Sweet,22,380,8360,Tuesday,0,0,None,60,1,0,33.3
2023-04-11,Station Road,Ghewar,Sweet,2,500,1000,Tuesday,0,0,None,60,1,0,33.3
2023-04-11,Station Road,Gajak,Sweet,0,320,0,Tuesday,0,0,None,60,1,0,33.3
2023-04-11,Station Road,Soan Papdi,Sweet,21,300,6300,Tuesday,0,0,None,60,1,0,33.3
2023-04-11,Station Road,Bikaneri Bhujia,Namkeen,102,360,36720,Tuesday,0,0,None,60,1,0,33.3
2023-04-11,Station Road,Aloo Bhujia,Namkeen,36,300,10800,Tuesday,0,0,None,60,1,0,33.3
2023-04-12,Station Road,Rasgulla,Sweet,42,280,11760,Wednesday,0,0,None,60,1,0,34.1
2023-04-12,Station Road,Gulab Jamun,Sweet,52,300,15600,Wednesday,0,0,None,60,1,0,34.1
2023-04-12,Station Road,Kaju Katli,Sweet,30,900,27000,Wednesday,0,0,None,60,1,0,34.1
2023-04-12,Station Road,Besan Barfi,Sweet,37,420,15540,Wednesday,0,0,None,60,1,0,34.1
2023-04-12,Station Road,Motichoor Laddu,Sweet,27,380,10260,Wednesday,0,0,None,60,1,0,34.1
2023-04-12,Station Road,Ghewar,Sweet,1,500,500,Wednesday,0,0,None,60,1,0,34.1
2023-04-12,Station Road,Gajak,Sweet,0,320,0,Wednesday,0,0,None,60,1,0,34.1
2023-04-12,Station Road,Soan Papdi,Sweet,30,300,9000,Wednesday,0,0,None,60,1,0,34.1
2023-04-12,Station Road,Bikaneri Bhujia,Namkeen,110,360,39600,Wednesday,0,0,None,60,1,0,34.1
2023-04-12,Station Road,Aloo Bhujia,Namkeen,39,300,11700,Wednesday,0,0,None,60,1,0,34.1
2023-04-13,Station Road,Rasgulla,Sweet,47,280,13160,Thursday,0,0,None,60,1,0,31.4
2023-04-13,Station Road,Gulab Jamun,Sweet,62,300,18600,Thursday,0,0,None,60,1,0,31.4
2023-04-13,Station Road,Kaju Katli,Sweet,45,900,40500,Thursday,0,0,None,60,1,0,31.4
2023-04-13,Station Road,Besan Barfi,Sweet,41,420,17220,Thursday,0,0,None,60,1,0,31.4
2023-04-13,Station Road,Motichoor Laddu,Sweet,44,380,16720,Thursday,0,0,None,60,1,0,31.4
2023-04-13,Station Road,Ghewar,Sweet,1,500,500,Thursday,0,0,None,60,1,0,31.4
2023-04-13,Station Road,Gajak,Sweet,4,320,1280,Thursday,0,0,None,60,1,0,31.4
2023-04-13,Station Road,Soan Papdi,Sweet,20,300,6000,Thursday,0,0,None,60,1,0,31.4
2023-04-13,Station Road,Bikaneri Bhujia,Namkeen,106,360,38160,Thursday,0,0,None,60,1,0,31.4
2023-04-13,Station Road,Aloo Bhujia,Namkeen,51,300,15300,Thursday,0,0,None,60,1,0,31.4
2023-04-14,Station Road,Rasgulla,Sweet,40,280,11200,Friday,0,0,None,60,1,0,37.8
2023-04-14,Station Road,Gulab Jamun,Sweet,61,300,18300,Friday,0,0,None,60,1,0,37.8
2023-04-14,Station Road,Kaju Katli,Sweet,37,900,33300,Friday,0,0,None,60,1,0,37.8
2023-04-14,Station Road,Besan Barfi,Sweet,41,420,17220,Friday,0,0,None,60,1,0,37.8
2023-04-14,Station Road,Motichoor Laddu,Sweet,32,380,12160,Friday,0,0,None,60,1,0,37.8
2023-04-14,Station Road,Ghewar,Sweet,2,500,1000,Friday,0,0,None,60,1,0,37.8
2023-04-14,Station Road,Gajak,Sweet,6,320,1920,Friday,0,0,None,60,1,0,37.8
2023-04-14,Station Road,Soan Papdi,Sweet,18,300,5400,Friday,0,0,None,60,1,0,37.8
2023-04-14,Station Road,Bikaneri Bhujia,Namkeen,103,360,37080,Friday,0,0,None,60,1,0,37.8
2023-04-14,Station Road,Aloo Bhujia,Namkeen,42,300,12600,Friday,0,0,None,60,1,0,37.8
2023-04-15,Station Road,Rasgulla,Sweet,42,280,11760,Saturday,1,0,None,60,1,0,30.3
2023-04-15,Station Road,Gulab Jamun,Sweet,64,300,19200,Saturday,1,0,None,60,1,0,30.3
2023-04-15,Station Road,Kaju Katli,Sweet,47,810,38070,Saturday,1,0,None,60,1,1,30.3
2023-04-15,Station Road,Besan Barfi,Sweet,57,420,23940,Saturday,1,0,None,60,1,0,30.3
2023-04-15,Station Road,Motichoor Laddu,Sweet,45,380,17100,Saturday,1,0,None,60,1,0,30.3
2023-04-15,Station Road,Ghewar,Sweet,1,500,500,Saturday,1,0,None,60,1,0,30.3
2023-04-15,Station Road,Gajak,Sweet,2,288,576,Saturday,1,0,None,60,1,1,30.3
2023-04-15,Station Road,Soan Papdi,Sweet,38,300,11400,Saturday,1,0,None,60,1,0,30.3
2023-04-15,Station Road,Bikaneri Bhujia,Namkeen,146,360,52560,Saturday,1,0,None,60,1,0,30.3
2023-04-15,Station Road,Aloo Bhujia,Namkeen,55,300,16500,Saturday,1,0,None,60,1,0,30.3
2023-04-16,Station Road,Rasgulla,Sweet,78,280,21840,Sunday,1,0,pre-Akshaya Tritiya,60,1,0,31.2
2023-04-16,Station Road,Gulab Jamun,Sweet,98,300,29400,Sunday,1,0,pre-Akshaya Tritiya,60,1,0,31.2
2023-04-16,Station Road,Kaju Katli,Sweet,65,900,58500,Sunday,1,0,pre-Akshaya Tritiya,60,1,0,31.2
2023-04-16,Station Road,Besan Barfi,Sweet,91,420,38220,Sunday,1,0,pre-Akshaya Tritiya,60,1,0,31.2
2023-04-16,Station Road,Motichoor Laddu,Sweet,74,380,28120,Sunday,1,0,pre-Akshaya Tritiya,60,1,0,31.2
2023-04-16,Station Road,Ghewar,Sweet,2,500,1000,Sunday,1,0,pre-Akshaya Tritiya,60,1,0,31.2
2023-04-16,Station Road,Gajak,Sweet,5,288,1440,Sunday,1,0,pre-Akshaya Tritiya,60,1,1,31.2
2023-04-16,Station Road,Soan Papdi,Sweet,45,300,13500,Sunday,1,0,pre-Akshaya Tritiya,60,1,0,31.2
2023-04-16,Station Road,Bikaneri Bhujia,Namkeen,173,360,62280,Sunday,1,0,pre-Akshaya Tritiya,60,1,0,31.2
2023-04-16,Station Road,Aloo Bhujia,Namkeen,66,300,19800,Sunday,1,0,pre-Akshaya Tritiya,60,1,0,31.2
2023-04-17,Station Road,Rasgulla,Sweet,46,280,12880,Monday,0,0,pre-Akshaya Tritiya,60,1,0,32.8
2023-04-17,Station Road,Gulab Jamun,Sweet,82,300,24600,Monday,0,0,pre-Akshaya Tritiya,60,1,0,32.8
2023-04-17,Station Road,Kaju Katli,Sweet,49,900,44100,Monday,0,0,pre-Akshaya Tritiya,60,1,0,32.8
2023-04-17,Station Road,Besan Barfi,Sweet,62,420,26040,Monday,0,0,pre-Akshaya Tritiya,60,1,0,32.8
2023-04-17,Station Road,Motichoor Laddu,Sweet,56,380,21280,Monday,0,0,pre-Akshaya Tritiya,60,1,0,32.8
2023-04-17,Station Road,Ghewar,Sweet,0,500,0,Monday,0,0,pre-Akshaya Tritiya,60,1,0,32.8
2023-04-17,Station Road,Gajak,Sweet,2,320,640,Monday,0,0,pre-Akshaya Tritiya,60,1,0,32.8
2023-04-17,Station Road,Soan Papdi,Sweet,40,300,12000,Monday,0,0,pre-Akshaya Tritiya,60,1,0,32.8
2023-04-17,Station Road,Bikaneri Bhujia,Namkeen,132,360,47520,Monday,0,0,pre-Akshaya Tritiya,60,1,0,32.8
2023-04-17,Station Road,Aloo Bhujia,Namkeen,54,300,16200,Monday,0,0,pre-Akshaya Tritiya,60,1,0,32.8
2023-04-18,Station Road,Rasgulla,Sweet,55,280,15400,Tuesday,0,0,pre-Akshaya Tritiya,60,1,0,35.5
2023-04-18,Station Road,Gulab Jamun,Sweet,79,300,23700,Tuesday,0,0,pre-Akshaya Tritiya,60,1,0,35.5
2023-04-18,Station Road,Kaju Katli,Sweet,66,900,59400,Tuesday,0,0,pre-Akshaya Tritiya,60,1,0,35.5
2023-04-18,Station Road,Besan Barfi,Sweet,74,420,31080,Tuesday,0,0,pre-Akshaya Tritiya,60,1,0,35.5
2023-04-18,Station Road,Motichoor Laddu,Sweet,68,380,25840,Tuesday,0,0,pre-Akshaya Tritiya,60,1,0,35.5
2023-04-18,Station Road,Ghewar,Sweet,3,500,1500,Tuesday,0,0,pre-Akshaya Tritiya,60,1,0,35.5
2023-04-18,Station Road,Gajak,Sweet,3,320,960,Tuesday,0,0,pre-Akshaya Tritiya,60,1,0,35.5
2023-04-18,Station Road,Soan Papdi,Sweet,50,300,15000,Tuesday,0,0,pre-Akshaya Tritiya,60,1,0,35.5
2023-04-18,Station Road,Bikaneri Bhujia,Namkeen,145,360,52200,Tuesday,0,0,pre-Akshaya Tritiya,60,1,0,35.5
2023-04-18,Station Road,Aloo Bhujia,Namkeen,67,300,20100,Tuesday,0,0,pre-Akshaya Tritiya,60,1,0,35.5
2023-04-19,Station Road,Rasgulla,Sweet,74,280,20720,Wednesday,0,0,pre-Akshaya Tritiya,60,1,0,32.2
2023-04-19,Station Road,Gulab Jamun,Sweet,133,270,35910,Wednesday,0,0,pre-Akshaya Tritiya,60,1,1,32.2
2023-04-19,Station Road,Kaju Katli,Sweet,79,900,71100,Wednesday,0,0,pre-Akshaya Tritiya,60,1,0,32.2
2023-04-19,Station Road,Besan Barfi,Sweet,68,420,28560,Wednesday,0,0,pre-Akshaya Tritiya,60,1,0,32.2
2023-04-19,Station Road,Motichoor Laddu,Sweet,84,380,31920,Wednesday,0,0,pre-Akshaya Tritiya,60,1,0,32.2
2023-04-19,Station Road,Ghewar,Sweet,1,500,500,Wednesday,0,0,pre-Akshaya Tritiya,60,1,0,32.2
2023-04-19,Station Road,Gajak,Sweet,2,320,640,Wednesday,0,0,pre-Akshaya Tritiya,60,1,0,32.2
2023-04-19,Station Road,Soan Papdi,Sweet,56,300,16800,Wednesday,0,0,pre-Akshaya Tritiya,60,1,0,32.2
2023-04-19,Station Road,Bikaneri Bhujia,Namkeen,166,360,59760,Wednesday,0,0,pre-Akshaya Tritiya,60,1,0,32.2
2023-04-19,Station Road,Aloo Bhujia,Namkeen,58,300,17400,Wednesday,0,0,pre-Akshaya Tritiya,60,1,0,32.2
2023-04-20,Station Road,Rasgulla,Sweet,68,280,19040,Thursday,0,0,pre-Akshaya Tritiya,60,1,0,31.8
2023-04-20,Station Road,Gulab Jamun,Sweet,122,300,36600,Thursday,0,0,pre-Akshaya Tritiya,60,1,0,31.8
2023-04-20,Station Road,Kaju Katli,Sweet,77,900,69300,Thursday,0,0,pre-Akshaya Tritiya,60,1,0,31.8
2023-04-20,Station Road,Besan Barfi,Sweet,82,420,34440,Thursday,0,0,pre-Akshaya Tritiya,60,1,0,31.8
2023-04-20,Station Road,Motichoor Laddu,Sweet,83,380,31540,Thursday,0,0,pre-Akshaya Tritiya,60,1,0,31.8
2023-04-20,Station Road,Ghewar,Sweet,1,500,500,Thursday,0,0,pre-Akshaya Tritiya,60,1,0,31.8
2023-04-20,Station Road,Gajak,Sweet,1,320,320,Thursday,0,0,pre-Akshaya Tritiya,60,1,0,31.8
2023-04-20,Station Road,Soan Papdi,Sweet,53,300,15900,Thursday,0,0,pre-Akshaya Tritiya,60,1,0,31.8
2023-04-20,Station Road,Bikaneri Bhujia,Namkeen,209,360,75240,Thursday,0,0,pre-Akshaya Tritiya,60,1,0,31.8
2023-04-20,Station Road,Aloo Bhujia,Namkeen,71,300,21300,Thursday,0,0,pre-Akshaya Tritiya,60,1,0,31.8
2023-04-21,Station Road,Rasgulla,Sweet,98,280,27440,Friday,0,0,pre-Akshaya Tritiya,60,1,0,29.0
2023-04-21,Station Road,Gulab Jamun,Sweet,149,300,44700,Friday,0,0,pre-Akshaya Tritiya,60,1,0,29.0
2023-04-21,Station Road,Kaju Katli,Sweet,112,900,100800,Friday,0,0,pre-Akshaya Tritiya,60,1,0,29.0
2023-04-21,Station Road,Besan Barfi,Sweet,111,420,46620,Friday,0,0,pre-Akshaya Tritiya,60,1,0,29.0
2023-04-21,Station Road,Motichoor Laddu,Sweet,113,380,42940,Friday,0,0,pre-Akshaya Tritiya,60,1,0,29.0
2023-04-21,Station Road,Ghewar,Sweet,1,500,500,Friday,0,0,pre-Akshaya Tritiya,60,1,0,29.0
2023-04-21,Station Road,Gajak,Sweet,2,320,640,Friday,0,0,pre-Akshaya Tritiya,60,1,0,29.0
2023-04-21,Station Road,Soan Papdi,Sweet,67,300,20100,Friday,0,0,pre-Akshaya Tritiya,60,1,0,29.0
2023-04-21,Station Road,Bikaneri Bhujia,Namkeen,287,360,103320,Friday,0,0,pre-Akshaya Tritiya,60,1,0,29.0
2023-04-21,Station Road,Aloo Bhujia,Namkeen,100,300,30000,Friday,0,0,pre-Akshaya Tritiya,60,1,0,29.0
2023-04-22,Station Road,Rasgulla,Sweet,215,280,60200,Saturday,1,1,Akshaya Tritiya,60,1,0,36.0
2023-04-22,Station Road,Gulab Jamun,Sweet,333,300,99900,Saturday,1,1,Akshaya Tritiya,60,1,0,36.0
2023-04-22,Station Road,Kaju Katli,Sweet,238,900,214200,Saturday,1,1,Akshaya Tritiya,60,1,0,36.0
2023-04-22,Station Road,Besan Barfi,Sweet,289,420,121380,Saturday,1,1,Akshaya Tritiya,60,1,0,36.0
2023-04-22,Station Road,Motichoor Laddu,Sweet,245,380,93100,Saturday,1,1,Akshaya Tritiya,60,1,0,36.0
2023-04-22,Station Road,Ghewar,Sweet,7,500,3500,Saturday,1,1,Akshaya Tritiya,60,1,0,36.0
2023-04-22,Station Road,Gajak,Sweet,9,320,2880,Saturday,1,1,Akshaya Tritiya,60,1,0,36.0
2023-04-22,Station Road,Soan Papdi,Sweet,175,300,52500,Saturday,1,1,Akshaya Tritiya,60,1,0,36.0
2023-04-22,Station Road,Bikaneri Bhujia,Namkeen,569,360,204840,Saturday,1,1,Akshaya Tritiya,60,1,0,36.0
2023-04-22,Station Road,Aloo Bhujia,Namkeen,193,300,57900,Saturday,1,1,Akshaya Tritiya,60,1,0,36.0
2023-04-23,Station Road,Rasgulla,Sweet,67,252,16884,Sunday,1,0,None,60,1,1,34.9
2023-04-23,Station Road,Gulab Jamun,Sweet,67,300,20100,Sunday,1,0,None,60,1,0,34.9
2023-04-23,Station Road,Kaju Katli,Sweet,43,900,38700,Sunday,1,0,None,60,1,0,34.9
2023-04-23,Station Road,Besan Barfi,Sweet,59,420,24780,Sunday,1,0,None,60,1,0,34.9
2023-04-23,Station Road,Motichoor Laddu,Sweet,57,380,21660,Sunday,1,0,None,60,1,0,34.9
2023-04-23,Station Road,Ghewar,Sweet,0,500,0,Sunday,1,0,None,60,1,0,34.9
2023-04-23,Station Road,Gajak,Sweet,2,320,640,Sunday,1,0,None,60,1,0,34.9
2023-04-23,Station Road,Soan Papdi,Sweet,36,300,10800,Sunday,1,0,None,60,1,0,34.9
2023-04-23,Station Road,Bikaneri Bhujia,Namkeen,174,360,62640,Sunday,1,0,None,60,1,0,34.9
2023-04-23,Station Road,Aloo Bhujia,Namkeen,63,300,18900,Sunday,1,0,None,60,1,0,34.9
2023-04-24,Station Road,Rasgulla,Sweet,41,280,11480,Monday,0,0,None,60,1,0,33.9
2023-04-24,Station Road,Gulab Jamun,Sweet,51,300,15300,Monday,0,0,None,60,1,0,33.9
2023-04-24,Station Road,Kaju Katli,Sweet,37,900,33300,Monday,0,0,None,60,1,0,33.9
2023-04-24,Station Road,Besan Barfi,Sweet,34,420,14280,Monday,0,0,None,60,1,0,33.9
2023-04-24,Station Road,Motichoor Laddu,Sweet,32,380,12160,Monday,0,0,None,60,1,0,33.9
2023-04-24,Station Road,Ghewar,Sweet,4,500,2000,Monday,0,0,None,60,1,0,33.9
2023-04-24,Station Road,Gajak,Sweet,3,320,960,Monday,0,0,None,60,1,0,33.9
2023-04-24,Station Road,Soan Papdi,Sweet,22,300,6600,Monday,0,0,None,60,1,0,33.9
2023-04-24,Station Road,Bikaneri Bhujia,Namkeen,114,360,41040,Monday,0,0,None,60,1,0,33.9
2023-04-24,Station Road,Aloo Bhujia,Namkeen,39,300,11700,Monday,0,0,None,60,1,0,33.9
2023-04-25,Station Road,Rasgulla,Sweet,35,280,9800,Tuesday,0,0,None,60,1,0,32.6
2023-04-25,Station Road,Gulab Jamun,Sweet,67,270,18090,Tuesday,0,0,None,60,1,1,32.6
2023-04-25,Station Road,Kaju Katli,Sweet,27,900,24300,Tuesday,0,0,None,60,1,0,32.6
2023-04-25,Station Road,Besan Barfi,Sweet,37,420,15540,Tuesday,0,0,None,60,1,0,32.6
2023-04-25,Station Road,Motichoor Laddu,Sweet,54,342,18468,Tuesday,0,0,None,60,1,1,32.6
2023-04-25,Station Road,Ghewar,Sweet,0,500,0,Tuesday,0,0,None,60,1,0,32.6
2023-04-25,Station Road,Gajak,Sweet,1,320,320,Tuesday,0,0,None,60,1,0,32.6
2023-04-25,Station Road,Soan Papdi,Sweet,24,300,7200,Tuesday,0,0,None,60,1,0,32.6
2023-04-25,Station Road,Bikaneri Bhujia,Namkeen,121,324,39204,Tuesday,0,0,None,60,1,1,32.6
2023-04-25,Station Road,Aloo Bhujia,Namkeen,46,300,13800,Tuesday,0,0,None,60,1,0,32.6
2023-04-26,Station Road,Rasgulla,Sweet,42,280,11760,Wednesday,0,0,None,60,1,0,35.8
2023-04-26,Station Road,Gulab Jamun,Sweet,52,300,15600,Wednesday,0,0,None,60,1,0,35.8
2023-04-26,Station Road,Kaju Katli,Sweet,24,900,21600,Wednesday,0,0,None,60,1,0,35.8
2023-04-26,Station Road,Besan Barfi,Sweet,39,420,16380,Wednesday,0,0,None,60,1,0,35.8
2023-04-26,Station Road,Motichoor Laddu,Sweet,38,380,14440,Wednesday,0,0,None,60,1,0,35.8
2023-04-26,Station Road,Ghewar,Sweet,1,500,500,Wednesday,0,0,None,60,1,0,35.8
2023-04-26,Station Road,Gajak,Sweet,0,320,0,Wednesday,0,0,None,60,1,0,35.8
2023-04-26,Station Road,Soan Papdi,Sweet,19,300,5700,Wednesday,0,0,None,60,1,0,35.8
2023-04-26,Station Road,Bikaneri Bhujia,Namkeen,108,360,38880,Wednesday,0,0,None,60,1,0,35.8
2023-04-26,Station Road,Aloo Bhujia,Namkeen,35,300,10500,Wednesday,0,0,None,60,1,0,35.8
2023-04-27,Station Road,Rasgulla,Sweet,43,280,12040,Thursday,0,0,None,60,1,0,31.4
2023-04-27,Station Road,Gulab Jamun,Sweet,44,300,13200,Thursday,0,0,None,60,1,0,31.4
2023-04-27,Station Road,Kaju Katli,Sweet,37,900,33300,Thursday,0,0,None,60,1,0,31.4
2023-04-27,Station Road,Besan Barfi,Sweet,44,420,18480,Thursday,0,0,None,60,1,0,31.4
2023-04-27,Station Road,Motichoor Laddu,Sweet,44,342,15048,Thursday,0,0,None,60,1,1,31.4
2023-04-27,Station Road,Ghewar,Sweet,2,500,1000,Thursday,0,0,None,60,1,0,31.4
2023-04-27,Station Road,Gajak,Sweet,2,320,640,Thursday,0,0,None,60,1,0,31.4
2023-04-27,Station Road,Soan Papdi,Sweet,29,300,8700,Thursday,0,0,None,60,1,0,31.4
2023-04-27,Station Road,Bikaneri Bhujia,Namkeen,105,360,37800,Thursday,0,0,None,60,1,0,31.4
2023-04-27,Station Road,Aloo Bhujia,Namkeen,46,300,13800,Thursday,0,0,None,60,1,0,31.4
2023-04-28,Station Road,Rasgulla,Sweet,44,280,12320,Friday,0,0,None,60,1,0,36.6
2023-04-28,Station Road,Gulab Jamun,Sweet,70,300,21000,Friday,0,0,None,60,1,0,36.6
2023-04-28,Station Road,Kaju Katli,Sweet,44,900,39600,Friday,0,0,None,60,1,0,36.6
2023-04-28,Station Road,Besan Barfi,Sweet,39,420,16380,Friday,0,0,None,60,1,0,36.6
2023-04-28,Station Road,Motichoor Laddu,Sweet,31,380,11780,Friday,0,0,None,60,1,0,36.6
2023-04-28,Station Road,Ghewar,Sweet,4,500,2000,Friday,0,0,None,60,1,0,36.6
2023-04-28,Station Road,Gajak,Sweet,2,320,640,Friday,0,0,None,60,1,0,36.6
2023-04-28,Station Road,Soan Papdi,Sweet,32,300,9600,Friday,0,0,None,60,1,0,36.6
2023-04-28,Station Road,Bikaneri Bhujia,Namkeen,121,360,43560,Friday,0,0,None,60,1,0,36.6
2023-04-28,Station Road,Aloo Bhujia,Namkeen,42,300,12600,Friday,0,0,None,60,1,0,36.6
2023-04-29,Station Road,Rasgulla,Sweet,47,280,13160,Saturday,1,0,None,60,1,0,33.8
2023-04-29,Station Road,Gulab Jamun,Sweet,86,270,23220,Saturday,1,0,None,60,1,1,33.8
2023-04-29,Station Road,Kaju Katli,Sweet,55,900,49500,Saturday,1,0,None,60,1,0,33.8
2023-04-29,Station Road,Besan Barfi,Sweet,56,420,23520,Saturday,1,0,None,60,1,0,33.8
2023-04-29,Station Road,Motichoor Laddu,Sweet,38,380,14440,Saturday,1,0,None,60,1,0,33.8
2023-04-29,Station Road,Ghewar,Sweet,2,500,1000,Saturday,1,0,None,60,1,0,33.8
2023-04-29,Station Road,Gajak,Sweet,4,320,1280,Saturday,1,0,None,60,1,0,33.8
2023-04-29,Station Road,Soan Papdi,Sweet,32,270,8640,Saturday,1,0,None,60,1,1,33.8
2023-04-29,Station Road,Bikaneri Bhujia,Namkeen,168,360,60480,Saturday,1,0,None,60,1,0,33.8
2023-04-29,Station Road,Aloo Bhujia,Namkeen,65,300,19500,Saturday,1,0,None,60,1,0,33.8
2023-04-30,Station Road,Rasgulla,Sweet,70,280,19600,Sunday,1,0,None,60,1,0,32.7
2023-04-30,Station Road,Gulab Jamun,Sweet,75,300,22500,Sunday,1,0,None,60,1,0,32.7
2023-04-30,Station Road,Kaju Katli,Sweet,51,900,45900,Sunday,1,0,None,60,1,0,32.7
2023-04-30,Station Road,Besan Barfi,Sweet,59,420,24780,Sunday,1,0,None,60,1,0,32.7
2023-04-30,Station Road,Motichoor Laddu,Sweet,40,380,15200,Sunday,1,0,None,60,1,0,32.7
2023-04-30,Station Road,Ghewar,Sweet,0,500,0,Sunday,1,0,None,60,1,0,32.7
2023-04-30,Station Road,Gajak,Sweet,0,288,0,Sunday,1,0,None,60,1,1,32.7
2023-04-30,Station Road,Soan Papdi,Sweet,41,300,12300,Sunday,1,0,None,60,1,0,32.7
2023-04-30,Station Road,Bikaneri Bhujia,Namkeen,157,360,56520,Sunday,1,0,None,60,1,0,32.7
2023-04-30,Station Road,Aloo Bhujia,Namkeen,73,300,21900,Sunday,1,0,None,60,1,0,32.7
2023-05-01,Station Road,Rasgulla,Sweet,18,280,5040,Monday,0,0,None,60,1,0,39.3
2023-05-01,Station Road,Gulab Jamun,Sweet,53,300,15900,Monday,0,0,None,60,1,0,39.3
2023-05-01,Station Road,Kaju Katli,Sweet,29,900,26100,Monday,0,0,None,60,1,0,39.3
2023-05-01,Station Road,Besan Barfi,Sweet,33,420,13860,Monday,0,0,None,60,1,0,39.3
2023-05-01,Station Road,Motichoor Laddu,Sweet,27,380,10260,Monday,0,0,None,60,1,0,39.3
2023-05-01,Station Road,Ghewar,Sweet,0,500,0,Monday,0,0,None,60,1,0,39.3
2023-05-01,Station Road,Gajak,Sweet,1,320,320,Monday,0,0,None,60,1,0,39.3
2023-05-01,Station Road,Soan Papdi,Sweet,17,300,5100,Monday,0,0,None,60,1,0,39.3
2023-05-01,Station Road,Bikaneri Bhujia,Namkeen,109,360,39240,Monday,0,0,None,60,1,0,39.3
2023-05-01,Station Road,Aloo Bhujia,Namkeen,37,300,11100,Monday,0,0,None,60,1,0,39.3
2023-05-02,Station Road,Rasgulla,Sweet,36,280,10080,Tuesday,0,0,None,60,1,0,41.5
2023-05-02,Station Road,Gulab Jamun,Sweet,47,300,14100,Tuesday,0,0,None,60,1,0,41.5
2023-05-02,Station Road,Kaju Katli,Sweet,36,900,32400,Tuesday,0,0,None,60,1,0,41.5
2023-05-02,Station Road,Besan Barfi,Sweet,35,420,14700,Tuesday,0,0,None,60,1,0,41.5
2023-05-02,Station Road,Motichoor Laddu,Sweet,40,380,15200,Tuesday,0,0,None,60,1,0,41.5
2023-05-02,Station Road,Ghewar,Sweet,2,500,1000,Tuesday,0,0,None,60,1,0,41.5
2023-05-02,Station Road,Gajak,Sweet,2,320,640,Tuesday,0,0,None,60,1,0,41.5
2023-05-02,Station Road,Soan Papdi,Sweet,29,300,8700,Tuesday,0,0,None,60,1,0,41.5
2023-05-02,Station Road,Bikaneri Bhujia,Namkeen,88,360,31680,Tuesday,0,0,None,60,1,0,41.5
2023-05-02,Station Road,Aloo Bhujia,Namkeen,40,300,12000,Tuesday,0,0,None,60,1,0,41.5
2023-05-03,Station Road,Rasgulla,Sweet,25,280,7000,Wednesday,0,0,None,60,1,0,37.9
2023-05-03,Station Road,Gulab Jamun,Sweet,39,300,11700,Wednesday,0,0,None,60,1,0,37.9
2023-05-03,Station Road,Kaju Katli,Sweet,27,900,24300,Wednesday,0,0,None,60,1,0,37.9
2023-05-03,Station Road,Besan Barfi,Sweet,49,420,20580,Wednesday,0,0,None,60,1,0,37.9
2023-05-03,Station Road,Motichoor Laddu,Sweet,38,380,14440,Wednesday,0,0,None,60,1,0,37.9
2023-05-03,Station Road,Ghewar,Sweet,0,500,0,Wednesday,0,0,None,60,1,0,37.9
2023-05-03,Station Road,Gajak,Sweet,1,320,320,Wednesday,0,0,None,60,1,0,37.9
2023-05-03,Station Road,Soan Papdi,Sweet,17,300,5100,Wednesday,0,0,None,60,1,0,37.9
2023-05-03,Station Road,Bikaneri Bhujia,Namkeen,105,360,37800,Wednesday,0,0,None,60,1,0,37.9
2023-05-03,Station Road,Aloo Bhujia,Namkeen,56,270,15120,Wednesday,0,0,None,60,1,1,37.9
2023-05-04,Station Road,Rasgulla,Sweet,23,280,6440,Thursday,0,0,None,60,1,0,37.5
2023-05-04,Station Road,Gulab Jamun,Sweet,53,300,15900,Thursday,0,0,None,60,1,0,37.5
2023-05-04,Station Road,Kaju Katli,Sweet,28,900,25200,Thursday,0,0,None,60,1,0,37.5
2023-05-04,Station Road,Besan Barfi,Sweet,36,420,15120,Thursday,0,0,None,60,1,0,37.5
2023-05-04,Station Road,Motichoor Laddu,Sweet,38,380,14440,Thursday,0,0,None,60,1,0,37.5
2023-05-04,Station Road,Ghewar,Sweet,1,500,500,Thursday,0,0,None,60,1,0,37.5
2023-05-04,Station Road,Gajak,Sweet,2,320,640,Thursday,0,0,None,60,1,0,37.5
2023-05-04,Station Road,Soan Papdi,Sweet,31,300,9300,Thursday,0,0,None,60,1,0,37.5
2023-05-04,Station Road,Bikaneri Bhujia,Namkeen,94,360,33840,Thursday,0,0,None,60,1,0,37.5
2023-05-04,Station Road,Aloo Bhujia,Namkeen,44,300,13200,Thursday,0,0,None,60,1,0,37.5
2023-05-05,Station Road,Rasgulla,Sweet,29,280,8120,Friday,0,0,None,60,1,0,33.9
2023-05-05,Station Road,Gulab Jamun,Sweet,52,300,15600,Friday,0,0,None,60,1,0,33.9
2023-05-05,Station Road,Kaju Katli,Sweet,40,900,36000,Friday,0,0,None,60,1,0,33.9
2023-05-05,Station Road,Besan Barfi,Sweet,44,420,18480,Friday,0,0,None,60,1,0,33.9
2023-05-05,Station Road,Motichoor Laddu,Sweet,48,380,18240,Friday,0,0,None,60,1,0,33.9
2023-05-05,Station Road,Ghewar,Sweet,2,500,1000,Friday,0,0,None,60,1,0,33.9
2023-05-05,Station Road,Gajak,Sweet,1,320,320,Friday,0,0,None,60,1,0,33.9
2023-05-05,Station Road,Soan Papdi,Sweet,32,300,9600,Friday,0,0,None,60,1,0,33.9
2023-05-05,Station Road,Bikaneri Bhujia,Namkeen,119,360,42840,Friday,0,0,None,60,1,0,33.9
2023-05-05,Station Road,Aloo Bhujia,Namkeen,54,300,16200,Friday,0,0,None,60,1,0,33.9
2023-05-06,Station Road,Rasgulla,Sweet,34,280,9520,Saturday,1,0,None,60,1,0,34.4
2023-05-06,Station Road,Gulab Jamun,Sweet,57,300,17100,Saturday,1,0,None,60,1,0,34.4
2023-05-06,Station Road,Kaju Katli,Sweet,45,900,40500,Saturday,1,0,None,60,1,0,34.4
2023-05-06,Station Road,Besan Barfi,Sweet,63,420,26460,Saturday,1,0,None,60,1,0,34.4
2023-05-06,Station Road,Motichoor Laddu,Sweet,34,380,12920,Saturday,1,0,None,60,1,0,34.4
2023-05-06,Station Road,Ghewar,Sweet,2,500,1000,Saturday,1,0,None,60,1,0,34.4
2023-05-06,Station Road,Gajak,Sweet,2,320,640,Saturday,1,0,None,60,1,0,34.4
2023-05-06,Station Road,Soan Papdi,Sweet,36,300,10800,Saturday,1,0,None,60,1,0,34.4
2023-05-06,Station Road,Bikaneri Bhujia,Namkeen,135,360,48600,Saturday,1,0,None,60,1,0,34.4
2023-05-06,Station Road,Aloo Bhujia,Namkeen,63,300,18900,Saturday,1,0,None,60,1,0,34.4
2023-05-07,Station Road,Rasgulla,Sweet,37,280,10360,Sunday,1,0,None,60,1,0,39.5
2023-05-07,Station Road,Gulab Jamun,Sweet,57,300,17100,Sunday,1,0,None,60,1,0,39.5
2023-05-07,Station Road,Kaju Katli,Sweet,50,900,45000,Sunday,1,0,None,60,1,0,39.5
2023-05-07,Station Road,Besan Barfi,Sweet,49,420,20580,Sunday,1,0,None,60,1,0,39.5
2023-05-07,Station Road,Motichoor Laddu,Sweet,47,380,17860,Sunday,1,0,None,60,1,0,39.5
2023-05-07,Station Road,Ghewar,Sweet,1,500,500,Sunday,1,0,None,60,1,0,39.5
2023-05-07,Station Road,Gajak,Sweet,7,320,2240,Sunday,1,0,None,60,1,0,39.5
2023-05-07,Station Road,Soan Papdi,Sweet,30,300,9000,Sunday,1,0,None,60,1,0,39.5
2023-05-07,Station Road,Bikaneri Bhujia,Namkeen,143,360,51480,Sunday,1,0,None,60,1,0,39.5
2023-05-07,Station Road,Aloo Bhujia,Namkeen,61,300,18300,Sunday,1,0,None,60,1,0,39.5
2023-05-08,Station Road,Rasgulla,Sweet,29,280,8120,Monday,0,0,None,60,1,0,35.6
2023-05-08,Station Road,Gulab Jamun,Sweet,46,300,13800,Monday,0,0,None,60,1,0,35.6
2023-05-08,Station Road,Kaju Katli,Sweet,39,900,35100,Monday,0,0,None,60,1,0,35.6
2023-05-08,Station Road,Besan Barfi,Sweet,34,420,14280,Monday,0,0,None,60,1,0,35.6
2023-05-08,Station Road,Motichoor Laddu,Sweet,32,380,12160,Monday,0,0,None,60,1,0,35.6
2023-05-08,Station Road,Ghewar,Sweet,1,500,500,Monday,0,0,None,60,1,0,35.6
2023-05-08,Station Road,Gajak,Sweet,0,320,0,Monday,0,0,None,60,1,0,35.6
2023-05-08,Station Road,Soan Papdi,Sweet,16,300,4800,Monday,0,0,None,60,1,0,35.6
2023-05-08,Station Road,Bikaneri Bhujia,Namkeen,97,360,34920,Monday,0,0,None,60,1,0,35.6
2023-05-08,Station Road,Aloo Bhujia,Namkeen,36,300,10800,Monday,0,0,None,60,1,0,35.6
2023-05-09,Station Road,Rasgulla,Sweet,29,280,8120,Tuesday,0,0,None,60,1,0,35.0
2023-05-09,Station Road,Gulab Jamun,Sweet,46,300,13800,Tuesday,0,0,None,60,1,0,35.0
2023-05-09,Station Road,Kaju Katli,Sweet,26,900,23400,Tuesday,0,0,None,60,1,0,35.0
2023-05-09,Station Road,Besan Barfi,Sweet,22,420,9240,Tuesday,0,0,None,60,1,0,35.0
2023-05-09,Station Road,Motichoor Laddu,Sweet,45,380,17100,Tuesday,0,0,None,60,1,0,35.0
2023-05-09,Station Road,Ghewar,Sweet,3,500,1500,Tuesday,0,0,None,60,1,0,35.0
2023-05-09,Station Road,Gajak,Sweet,3,320,960,Tuesday,0,0,None,60,1,0,35.0
2023-05-09,Station Road,Soan Papdi,Sweet,17,300,5100,Tuesday,0,0,None,60,1,0,35.0
2023-05-09,Station Road,Bikaneri Bhujia,Namkeen,98,360,35280,Tuesday,0,0,None,60,1,0,35.0
2023-05-09,Station Road,Aloo Bhujia,Namkeen,38,300,11400,Tuesday,0,0,None,60,1,0,35.0
2023-05-10,Station Road,Rasgulla,Sweet,25,280,7000,Wednesday,0,0,None,60,1,0,34.9
2023-05-10,Station Road,Gulab Jamun,Sweet,48,300,14400,Wednesday,0,0,None,60,1,0,34.9
2023-05-10,Station Road,Kaju Katli,Sweet,25,900,22500,Wednesday,0,0,None,60,1,0,34.9
2023-05-10,Station Road,Besan Barfi,Sweet,53,420,22260,Wednesday,0,0,None,60,1,0,34.9
2023-05-10,Station Road,Motichoor Laddu,Sweet,34,380,12920,Wednesday,0,0,None,60,1,0,34.9
2023-05-10,Station Road,Ghewar,Sweet,3,500,1500,Wednesday,0,0,None,60,1,0,34.9
2023-05-10,Station Road,Gajak,Sweet,2,320,640,Wednesday,0,0,None,60,1,0,34.9
2023-05-10,Station Road,Soan Papdi,Sweet,23,300,6900,Wednesday,0,0,None,60,1,0,34.9
2023-05-10,Station Road,Bikaneri Bhujia,Namkeen,101,360,36360,Wednesday,0,0,None,60,1,0,34.9
2023-05-10,Station Road,Aloo Bhujia,Namkeen,38,300,11400,Wednesday,0,0,None,60,1,0,34.9
2023-05-11,Station Road,Rasgulla,Sweet,27,280,7560,Thursday,0,0,None,60,1,0,38.6
2023-05-11,Station Road,Gulab Jamun,Sweet,48,300,14400,Thursday,0,0,None,60,1,0,38.6
2023-05-11,Station Road,Kaju Katli,Sweet,28,900,25200,Thursday,0,0,None,60,1,0,38.6
2023-05-11,Station Road,Besan Barfi,Sweet,41,420,17220,Thursday,0,0,None,60,1,0,38.6
2023-05-11,Station Road,Motichoor Laddu,Sweet,39,380,14820,Thursday,0,0,None,60,1,0,38.6
2023-05-11,Station Road,Ghewar,Sweet,0,500,0,Thursday,0,0,None,60,1,0,38.6
2023-05-11,Station Road,Gajak,Sweet,1,320,320,Thursday,0,0,None,60,1,0,38.6
2023-05-11,Station Road,Soan Papdi,Sweet,23,300,6900,Thursday,0,0,None,60,1,0,38.6
2023-05-11,Station Road,Bikaneri Bhujia,Namkeen,104,360,37440,Thursday,0,0,None,60,1,0,38.6
2023-05-11,Station Road,Aloo Bhujia,Namkeen,49,300,14700,Thursday,0,0,None,60,1,0,38.6
2023-05-12,Station Road,Rasgulla,Sweet,35,280,9800,Friday,0,0,None,60,1,0,35.2
2023-05-12,Station Road,Gulab Jamun,Sweet,58,300,17400,Friday,0,0,None,60,1,0,35.2
2023-05-12,Station Road,Kaju Katli,Sweet,40,900,36000,Friday,0,0,None,60,1,0,35.2
2023-05-12,Station Road,Besan Barfi,Sweet,39,420,16380,Friday,0,0,None,60,1,0,35.2
2023-05-12,Station Road,Motichoor Laddu,Sweet,42,380,15960,Friday,0,0,None,60,1,0,35.2
2023-05-12,Station Road,Ghewar,Sweet,2,500,1000,Friday,0,0,None,60,1,0,35.2
2023-05-12,Station Road,Gajak,Sweet,3,320,960,Friday,0,0,None,60,1,0,35.2
2023-05-12,Station Road,Soan Papdi,Sweet,24,300,7200,Friday,0,0,None,60,1,0,35.2
2023-05-12,Station Road,Bikaneri Bhujia,Namkeen,112,360,40320,Friday,0,0,None,60,1,0,35.2
2023-05-12,Station Road,Aloo Bhujia,Namkeen,47,300,14100,Friday,0,0,None,60,1,0,35.2
2023-05-13,Station Road,Rasgulla,Sweet,36,252,9072,Saturday,1,0,None,60,1,1,35.8
2023-05-13,Station Road,Gulab Jamun,Sweet,56,300,16800,Saturday,1,0,None,60,1,0,35.8
2023-05-13,Station Road,Kaju Katli,Sweet,54,900,48600,Saturday,1,0,None,60,1,0,35.8
2023-05-13,Station Road,Besan Barfi,Sweet,45,420,18900,Saturday,1,0,None,60,1,0,35.8
2023-05-13,Station Road,Motichoor Laddu,Sweet,67,380,25460,Saturday,1,0,None,60,1,0,35.8
2023-05-13,Station Road,Ghewar,Sweet,1,500,500,Saturday,1,0,None,60,1,0,35.8
2023-05-13,Station Road,Gajak,Sweet,2,320,640,Saturday,1,0,None,60,1,0,35.8
2023-05-13,Station Road,Soan Papdi,Sweet,32,300,9600,Saturday,1,0,None,60,1,0,35.8
2023-05-13,Station Road,Bikaneri Bhujia,Namkeen,141,360,50760,Saturday,1,0,None,60,1,0,35.8
2023-05-13,Station Road,Aloo Bhujia,Namkeen,59,300,17700,Saturday,1,0,None,60,1,0,35.8
2023-05-14,Station Road,Rasgulla,Sweet,55,280,15400,Sunday,1,0,None,60,1,0,36.1
2023-05-14,Station Road,Gulab Jamun,Sweet,75,270,20250,Sunday,1,0,None,60,1,1,36.1
2023-05-14,Station Road,Kaju Katli,Sweet,50,900,45000,Sunday,1,0,None,60,1,0,36.1
2023-05-14,Station Road,Besan Barfi,Sweet,62,420,26040,Sunday,1,0,None,60,1,0,36.1
2023-05-14,Station Road,Motichoor Laddu,Sweet,52,380,19760,Sunday,1,0,None,60,1,0,36.1
2023-05-14,Station Road,Ghewar,Sweet,4,500,2000,Sunday,1,0,None,60,1,0,36.1
2023-05-14,Station Road,Gajak,Sweet,2,320,640,Sunday,1,0,None,60,1,0,36.1
2023-05-14,Station Road,Soan Papdi,Sweet,35,270,9450,Sunday,1,0,None,60,1,1,36.1
2023-05-14,Station Road,Bikaneri Bhujia,Namkeen,153,360,55080,Sunday,1,0,None,60,1,0,36.1
2023-05-14,Station Road,Aloo Bhujia,Namkeen,60,300,18000,Sunday,1,0,None,60,1,0,36.1
2023-05-15,Station Road,Rasgulla,Sweet,21,280,5880,Monday,0,0,None,60,1,0,38.8
2023-05-15,Station Road,Gulab Jamun,Sweet,48,300,14400,Monday,0,0,None,60,1,0,38.8
2023-05-15,Station Road,Kaju Katli,Sweet,23,900,20700,Monday,0,0,None,60,1,0,38.8
2023-05-15,Station Road,Besan Barfi,Sweet,41,420,17220,Monday,0,0,None,60,1,0,38.8
2023-05-15,Station Road,Motichoor Laddu,Sweet,36,380,13680,Monday,0,0,None,60,1,0,38.8
2023-05-15,Station Road,Ghewar,Sweet,2,500,1000,Monday,0,0,None,60,1,0,38.8
2023-05-15,Station Road,Gajak,Sweet,0,320,0,Monday,0,0,None,60,1,0,38.8
2023-05-15,Station Road,Soan Papdi,Sweet,25,300,7500,Monday,0,0,None,60,1,0,38.8
2023-05-15,Station Road,Bikaneri Bhujia,Namkeen,108,360,38880,Monday,0,0,None,60,1,0,38.8
2023-05-15,Station Road,Aloo Bhujia,Namkeen,42,300,12600,Monday,0,0,None,60,1,0,38.8
2023-05-16,Station Road,Rasgulla,Sweet,25,280,7000,Tuesday,0,0,None,60,1,0,36.6
2023-05-16,Station Road,Gulab Jamun,Sweet,44,300,13200,Tuesday,0,0,None,60,1,0,36.6
2023-05-16,Station Road,Kaju Katli,Sweet,38,900,34200,Tuesday,0,0,None,60,1,0,36.6
2023-05-16,Station Road,Besan Barfi,Sweet,32,420,13440,Tuesday,0,0,None,60,1,0,36.6
2023-05-16,Station Road,Motichoor Laddu,Sweet,31,380,11780,Tuesday,0,0,None,60,1,0,36.6
2023-05-16,Station Road,Ghewar,Sweet,0,500,0,Tuesday,0,0,None,60,1,0,36.6
2023-05-16,Station Road,Gajak,Sweet,3,320,960,Tuesday,0,0,None,60,1,0,36.6
2023-05-16,Station Road,Soan Papdi,Sweet,29,300,8700,Tuesday,0,0,None,60,1,0,36.6
2023-05-16,Station Road,Bikaneri Bhujia,Namkeen,114,360,41040,Tuesday,0,0,None,60,1,0,36.6
2023-05-16,Station Road,Aloo Bhujia,Namkeen,34,300,10200,Tuesday,0,0,None,60,1,0,36.6
2023-05-17,Station Road,Rasgulla,Sweet,39,280,10920,Wednesday,0,0,None,60,1,0,39.8
2023-05-17,Station Road,Gulab Jamun,Sweet,50,300,15000,Wednesday,0,0,None,60,1,0,39.8
2023-05-17,Station Road,Kaju Katli,Sweet,31,900,27900,Wednesday,0,0,None,60,1,0,39.8
2023-05-17,Station Road,Besan Barfi,Sweet,35,420,14700,Wednesday,0,0,None,60,1,0,39.8
2023-05-17,Station Road,Motichoor Laddu,Sweet,34,380,12920,Wednesday,0,0,None,60,1,0,39.8
2023-05-17,Station Road,Ghewar,Sweet,1,500,500,Wednesday,0,0,None,60,1,0,39.8
2023-05-17,Station Road,Gajak,Sweet,2,320,640,Wednesday,0,0,None,60,1,0,39.8
2023-05-17,Station Road,Soan Papdi,Sweet,18,300,5400,Wednesday,0,0,None,60,1,0,39.8
2023-05-17,Station Road,Bikaneri Bhujia,Namkeen,109,360,39240,Wednesday,0,0,None,60,1,0,39.8
2023-05-17,Station Road,Aloo Bhujia,Namkeen,28,300,8400,Wednesday,0,0,None,60,1,0,39.8
2023-05-18,Station Road,Rasgulla,Sweet,35,280,9800,Thursday,0,0,None,60,1,0,41.7
2023-05-18,Station Road,Gulab Jamun,Sweet,49,300,14700,Thursday,0,0,None,60,1,0,41.7
2023-05-18,Station Road,Kaju Katli,Sweet,38,900,34200,Thursday,0,0,None,60,1,0,41.7
2023-05-18,Station Road,Besan Barfi,Sweet,35,420,14700,Thursday,0,0,None,60,1,0,41.7
2023-05-18,Station Road,Motichoor Laddu,Sweet,33,380,12540,Thursday,0,0,None,60,1,0,41.7
2023-05-18,Station Road,Ghewar,Sweet,0,500,0,Thursday,0,0,None,60,1,0,41.7
2023-05-18,Station Road,Gajak,Sweet,1,320,320,Thursday,0,0,None,60,1,0,41.7
2023-05-18,Station Road,Soan Papdi,Sweet,22,300,6600,Thursday,0,0,None,60,1,0,41.7
2023-05-18,Station Road,Bikaneri Bhujia,Namkeen,113,360,40680,Thursday,0,0,None,60,1,0,41.7
2023-05-18,Station Road,Aloo Bhujia,Namkeen,52,300,15600,Thursday,0,0,None,60,1,0,41.7
2023-05-19,Station Road,Rasgulla,Sweet,28,280,7840,Friday,0,0,None,60,1,0,37.4
2023-05-19,Station Road,Gulab Jamun,Sweet,64,300,19200,Friday,0,0,None,60,1,0,37.4
2023-05-19,Station Road,Kaju Katli,Sweet,31,900,27900,Friday,0,0,None,60,1,0,37.4
2023-05-19,Station Road,Besan Barfi,Sweet,48,420,20160,Friday,0,0,None,60,1,0,37.4
2023-05-19,Station Road,Motichoor Laddu,Sweet,33,380,12540,Friday,0,0,None,60,1,0,37.4
2023-05-19,Station Road,Ghewar,Sweet,2,500,1000,Friday,0,0,None,60,1,0,37.4
2023-05-19,Station Road,Gajak,Sweet,0,320,0,Friday,0,0,None,60,1,0,37.4
2023-05-19,Station Road,Soan Papdi,Sweet,25,300,7500,Friday,0,0,None,60,1,0,37.4
2023-05-19,Station Road,Bikaneri Bhujia,Namkeen,128,360,46080,Friday,0,0,None,60,1,0,37.4
2023-05-19,Station Road,Aloo Bhujia,Namkeen,32,300,9600,Friday,0,0,None,60,1,0,37.4
2023-05-20,Station Road,Rasgulla,Sweet,43,280,12040,Saturday,1,0,None,60,1,0,37.1
2023-05-20,Station Road,Gulab Jamun,Sweet,62,300,18600,Saturday,1,0,None,60,1,0,37.1
2023-05-20,Station Road,Kaju Katli,Sweet,38,900,34200,Saturday,1,0,None,60,1,0,37.1
2023-05-20,Station Road,Besan Barfi,Sweet,54,420,22680,Saturday,1,0,None,60,1,0,37.1
2023-05-20,Station Road,Motichoor Laddu,Sweet,63,380,23940,Saturday,1,0,None,60,1,0,37.1
2023-05-20,Station Road,Ghewar,Sweet,3,500,1500,Saturday,1,0,None,60,1,0,37.1
2023-05-20,Station Road,Gajak,Sweet,1,320,320,Saturday,1,0,None,60,1,0,37.1
2023-05-20,Station Road,Soan Papdi,Sweet,48,270,12960,Saturday,1,0,None,60,1,1,37.1
2023-05-20,Station Road,Bikaneri Bhujia,Namkeen,149,360,53640,Saturday,1,0,None,60,1,0,37.1
2023-05-20,Station Road,Aloo Bhujia,Namkeen,64,300,19200,Saturday,1,0,None,60,1,0,37.1
2023-05-21,Station Road,Rasgulla,Sweet,40,280,11200,Sunday,1,0,None,60,1,0,37.2
2023-05-21,Station Road,Gulab Jamun,Sweet,59,300,17700,Sunday,1,0,None,60,1,0,37.2
2023-05-21,Station Road,Kaju Katli,Sweet,47,900,42300,Sunday,1,0,None,60,1,0,37.2
2023-05-21,Station Road,Besan Barfi,Sweet,66,420,27720,Sunday,1,0,None,60,1,0,37.2
2023-05-21,Station Road,Motichoor Laddu,Sweet,56,380,21280,Sunday,1,0,None,60,1,0,37.2
2023-05-21,Station Road,Ghewar,Sweet,1,500,500,Sunday,1,0,None,60,1,0,37.2
2023-05-21,Station Road,Gajak,Sweet,2,320,640,Sunday,1,0,None,60,1,0,37.2
2023-05-21,Station Road,Soan Papdi,Sweet,32,300,9600,Sunday,1,0,None,60,1,0,37.2
2023-05-21,Station Road,Bikaneri Bhujia,Namkeen,148,360,53280,Sunday,1,0,None,60,1,0,37.2
2023-05-21,Station Road,Aloo Bhujia,Namkeen,55,300,16500,Sunday,1,0,None,60,1,0,37.2
2023-05-22,Station Road,Rasgulla,Sweet,31,280,8680,Monday,0,0,None,60,1,0,38.2
2023-05-22,Station Road,Gulab Jamun,Sweet,42,300,12600,Monday,0,0,None,60,1,0,38.2
2023-05-22,Station Road,Kaju Katli,Sweet,30,900,27000,Monday,0,0,None,60,1,0,38.2
2023-05-22,Station Road,Besan Barfi,Sweet,51,420,21420,Monday,0,0,None,60,1,0,38.2
2023-05-22,Station Road,Motichoor Laddu,Sweet,41,380,15580,Monday,0,0,None,60,1,0,38.2
2023-05-22,Station Road,Ghewar,Sweet,3,500,1500,Monday,0,0,None,60,1,0,38.2
2023-05-22,Station Road,Gajak,Sweet,2,320,640,Monday,0,0,None,60,1,0,38.2
2023-05-22,Station Road,Soan Papdi,Sweet,31,270,8370,Monday,0,0,None,60,1,1,38.2
2023-05-22,Station Road,Bikaneri Bhujia,Namkeen,91,360,32760,Monday,0,0,None,60,1,0,38.2
2023-05-22,Station Road,Aloo Bhujia,Namkeen,48,300,14400,Monday,0,0,None,60,1,0,38.2
2023-05-23,Station Road,Rasgulla,Sweet,37,280,10360,Tuesday,0,0,None,60,1,0,34.1
2023-05-23,Station Road,Gulab Jamun,Sweet,44,300,13200,Tuesday,0,0,None,60,1,0,34.1
2023-05-23,Station Road,Kaju Katli,Sweet,31,900,27900,Tuesday,0,0,None,60,1,0,34.1
2023-05-23,Station Road,Besan Barfi,Sweet,36,420,15120,Tuesday,0,0,None,60,1,0,34.1
2023-05-23,Station Road,Motichoor Laddu,Sweet,30,380,11400,Tuesday,0,0,None,60,1,0,34.1
2023-05-23,Station Road,Ghewar,Sweet,1,500,500,Tuesday,0,0,None,60,1,0,34.1
2023-05-23,Station Road,Gajak,Sweet,2,320,640,Tuesday,0,0,None,60,1,0,34.1
2023-05-23,Station Road,Soan Papdi,Sweet,28,300,8400,Tuesday,0,0,None,60,1,0,34.1
2023-05-23,Station Road,Bikaneri Bhujia,Namkeen,95,360,34200,Tuesday,0,0,None,60,1,0,34.1
2023-05-23,Station Road,Aloo Bhujia,Namkeen,40,300,12000,Tuesday,0,0,None,60,1,0,34.1
2023-05-24,Station Road,Rasgulla,Sweet,20,280,5600,Wednesday,0,0,None,60,1,0,37.6
2023-05-24,Station Road,Gulab Jamun,Sweet,32,300,9600,Wednesday,0,0,None,60,1,0,37.6
2023-05-24,Station Road,Kaju Katli,Sweet,35,900,31500,Wednesday,0,0,None,60,1,0,37.6
2023-05-24,Station Road,Besan Barfi,Sweet,31,420,13020,Wednesday,0,0,None,60,1,0,37.6
2023-05-24,Station Road,Motichoor Laddu,Sweet,41,380,15580,Wednesday,0,0,None,60,1,0,37.6
2023-05-24,Station Road,Ghewar,Sweet,0,500,0,Wednesday,0,0,None,60,1,0,37.6
2023-05-24,Station Road,Gajak,Sweet,3,320,960,Wednesday,0,0,None,60,1,0,37.6
2023-05-24,Station Road,Soan Papdi,Sweet,13,300,3900,Wednesday,0,0,None,60,1,0,37.6
2023-05-24,Station Road,Bikaneri Bhujia,Namkeen,132,324,42768,Wednesday,0,0,None,60,1,1,37.6
2023-05-24,Station Road,Aloo Bhujia,Namkeen,40,300,12000,Wednesday,0,0,None,60,1,0,37.6
2023-05-25,Station Road,Rasgulla,Sweet,36,280,10080,Thursday,0,0,None,60,1,0,35.4
2023-05-25,Station Road,Gulab Jamun,Sweet,56,300,16800,Thursday,0,0,None,60,1,0,35.4
2023-05-25,Station Road,Kaju Katli,Sweet,37,900,33300,Thursday,0,0,None,60,1,0,35.4
2023-05-25,Station Road,Besan Barfi,Sweet,40,420,16800,Thursday,0,0,None,60,1,0,35.4
2023-05-25,Station Road,Motichoor Laddu,Sweet,39,380,14820,Thursday,0,0,None,60,1,0,35.4
2023-05-25,Station Road,Ghewar,Sweet,0,500,0,Thursday,0,0,None,60,1,0,35.4
2023-05-25,Station Road,Gajak,Sweet,0,320,0,Thursday,0,0,None,60,1,0,35.4
2023-05-25,Station Road,Soan Papdi,Sweet,21,270,5670,Thursday,0,0,None,60,1,1,35.4
2023-05-25,Station Road,Bikaneri Bhujia,Namkeen,126,360,45360,Thursday,0,0,None,60,1,0,35.4
2023-05-25,Station Road,Aloo Bhujia,Namkeen,41,300,12300,Thursday,0,0,None,60,1,0,35.4
2023-05-26,Station Road,Rasgulla,Sweet,24,280,6720,Friday,0,0,None,60,1,0,37.4
2023-05-26,Station Road,Gulab Jamun,Sweet,41,300,12300,Friday,0,0,None,60,1,0,37.4
2023-05-26,Station Road,Kaju Katli,Sweet,30,900,27000,Friday,0,0,None,60,1,0,37.4
2023-05-26,Station Road,Besan Barfi,Sweet,40,420,16800,Friday,0,0,None,60,1,0,37.4
2023-05-26,Station Road,Motichoor Laddu,Sweet,41,380,15580,Friday,0,0,None,60,1,0,37.4
2023-05-26,Station Road,Ghewar,Sweet,1,500,500,Friday,0,0,None,60,1,0,37.4
2023-05-26,Station Road,Gajak,Sweet,2,320,640,Friday,0,0,None,60,1,0,37.4
2023-05-26,Station Road,Soan Papdi,Sweet,24,300,7200,Friday,0,0,None,60,1,0,37.4
2023-05-26,Station Road,Bikaneri Bhujia,Namkeen,127,360,45720,Friday,0,0,None,60,1,0,37.4
2023-05-26,Station Road,Aloo Bhujia,Namkeen,49,300,14700,Friday,0,0,None,60,1,0,37.4
2023-05-27,Station Road,Rasgulla,Sweet,41,280,11480,Saturday,1,0,None,60,1,0,38.2
2023-05-27,Station Road,Gulab Jamun,Sweet,54,300,16200,Saturday,1,0,None,60,1,0,38.2
2023-05-27,Station Road,Kaju Katli,Sweet,43,900,38700,Saturday,1,0,None,60,1,0,38.2
2023-05-27,Station Road,Besan Barfi,Sweet,54,420,22680,Saturday,1,0,None,60,1,0,38.2
2023-05-27,Station Road,Motichoor Laddu,Sweet,48,380,18240,Saturday,1,0,None,60,1,0,38.2
2023-05-27,Station Road,Ghewar,Sweet,1,500,500,Saturday,1,0,None,60,1,0,38.2
2023-05-27,Station Road,Gajak,Sweet,3,320,960,Saturday,1,0,None,60,1,0,38.2
2023-05-27,Station Road,Soan Papdi,Sweet,24,300,7200,Saturday,1,0,None,60,1,0,38.2
2023-05-27,Station Road,Bikaneri Bhujia,Namkeen,138,360,49680,Saturday,1,0,None,60,1,0,38.2
2023-05-27,Station Road,Aloo Bhujia,Namkeen,57,300,17100,Saturday,1,0,None,60,1,0,38.2
2023-05-28,Station Road,Rasgulla,Sweet,37,280,10360,Sunday,1,0,None,60,1,0,39.8
2023-05-28,Station Road,Gulab Jamun,Sweet,67,300,20100,Sunday,1,0,None,60,1,0,39.8
2023-05-28,Station Road,Kaju Katli,Sweet,45,900,40500,Sunday,1,0,None,60,1,0,39.8
2023-05-28,Station Road,Besan Barfi,Sweet,50,420,21000,Sunday,1,0,None,60,1,0,39.8
2023-05-28,Station Road,Motichoor Laddu,Sweet,49,380,18620,Sunday,1,0,None,60,1,0,39.8
2023-05-28,Station Road,Ghewar,Sweet,2,500,1000,Sunday,1,0,None,60,1,0,39.8
2023-05-28,Station Road,Gajak,Sweet,2,320,640,Sunday,1,0,None,60,1,0,39.8
2023-05-28,Station Road,Soan Papdi,Sweet,43,300,12900,Sunday,1,0,None,60,1,0,39.8
2023-05-28,Station Road,Bikaneri Bhujia,Namkeen,141,360,50760,Sunday,1,0,None,60,1,0,39.8
2023-05-28,Station Road,Aloo Bhujia,Namkeen,61,300,18300,Sunday,1,0,None,60,1,0,39.8
2023-05-29,Station Road,Rasgulla,Sweet,23,280,6440,Monday,0,0,None,60,1,0,37.4
2023-05-29,Station Road,Gulab Jamun,Sweet,49,300,14700,Monday,0,0,None,60,1,0,37.4
2023-05-29,Station Road,Kaju Katli,Sweet,38,900,34200,Monday,0,0,None,60,1,0,37.4
2023-05-29,Station Road,Besan Barfi,Sweet,40,420,16800,Monday,0,0,None,60,1,0,37.4
2023-05-29,Station Road,Motichoor Laddu,Sweet,40,380,15200,Monday,0,0,None,60,1,0,37.4
2023-05-29,Station Road,Ghewar,Sweet,0,500,0,Monday,0,0,None,60,1,0,37.4
2023-05-29,Station Road,Gajak,Sweet,5,320,1600,Monday,0,0,None,60,1,0,37.4
2023-05-29,Station Road,Soan Papdi,Sweet,21,300,6300,Monday,0,0,None,60,1,0,37.4
2023-05-29,Station Road,Bikaneri Bhujia,Namkeen,85,360,30600,Monday,0,0,None,60,1,0,37.4
2023-05-29,Station Road,Aloo Bhujia,Namkeen,40,300,12000,Monday,0,0,None,60,1,0,37.4
2023-05-30,Station Road,Rasgulla,Sweet,29,280,8120,Tuesday,0,0,None,60,1,0,40.1
2023-05-30,Station Road,Gulab Jamun,Sweet,47,300,14100,Tuesday,0,0,None,60,1,0,40.1
2023-05-30,Station Road,Kaju Katli,Sweet,26,900,23400,Tuesday,0,0,None,60,1,0,40.1
2023-05-30,Station Road,Besan Barfi,Sweet,31,420,13020,Tuesday,0,0,None,60,1,0,40.1
2023-05-30,Station Road,Motichoor Laddu,Sweet,25,380,9500,Tuesday,0,0,None,60,1,0,40.1
2023-05-30,Station Road,Ghewar,Sweet,2,500,1000,Tuesday,0,0,None,60,1,0,40.1
2023-05-30,Station Road,Gajak,Sweet,1,320,320,Tuesday,0,0,None,60,1,0,40.1
2023-05-30,Station Road,Soan Papdi,Sweet,20,300,6000,Tuesday,0,0,None,60,1,0,40.1
2023-05-30,Station Road,Bikaneri Bhujia,Namkeen,91,360,32760,Tuesday,0,0,None,60,1,0,40.1
2023-05-30,Station Road,Aloo Bhujia,Namkeen,41,300,12300,Tuesday,0,0,None,60,1,0,40.1
2023-05-31,Station Road,Rasgulla,Sweet,24,280,6720,Wednesday,0,0,None,60,1,0,34.2
2023-05-31,Station Road,Gulab Jamun,Sweet,51,300,15300,Wednesday,0,0,None,60,1,0,34.2
2023-05-31,Station Road,Kaju Katli,Sweet,37,900,33300,Wednesday,0,0,None,60,1,0,34.2
2023-05-31,Station Road,Besan Barfi,Sweet,68,378,25704,Wednesday,0,0,None,60,1,1,34.2
2023-05-31,Station Road,Motichoor Laddu,Sweet,35,380,13300,Wednesday,0,0,None,60,1,0,34.2
2023-05-31,Station Road,Ghewar,Sweet,0,500,0,Wednesday,0,0,None,60,1,0,34.2
2023-05-31,Station Road,Gajak,Sweet,5,320,1600,Wednesday,0,0,None,60,1,0,34.2
2023-05-31,Station Road,Soan Papdi,Sweet,26,300,7800,Wednesday,0,0,None,60,1,0,34.2
2023-05-31,Station Road,Bikaneri Bhujia,Namkeen,89,360,32040,Wednesday,0,0,None,60,1,0,34.2
2023-05-31,Station Road,Aloo Bhujia,Namkeen,56,300,16800,Wednesday,0,0,None,60,1,0,34.2
2023-06-01,Station Road,Rasgulla,Sweet,35,280,9800,Thursday,0,0,None,60,1,0,39.9
2023-06-01,Station Road,Gulab Jamun,Sweet,42,300,12600,Thursday,0,0,None,60,1,0,39.9
2023-06-01,Station Road,Kaju Katli,Sweet,35,900,31500,Thursday,0,0,None,60,1,0,39.9
2023-06-01,Station Road,Besan Barfi,Sweet,53,378,20034,Thursday,0,0,None,60,1,1,39.9
2023-06-01,Station Road,Motichoor Laddu,Sweet,50,380,19000,Thursday,0,0,None,60,1,0,39.9
2023-06-01,Station Road,Ghewar,Sweet,20,500,10000,Thursday,0,0,None,60,1,0,39.9
2023-06-01,Station Road,Gajak,Sweet,1,320,320,Thursday,0,0,None,60,1,0,39.9
2023-06-01,Station Road,Soan Papdi,Sweet,28,300,8400,Thursday,0,0,None,60,1,0,39.9
2023-06-01,Station Road,Bikaneri Bhujia,Namkeen,119,360,42840,Thursday,0,0,None,60,1,0,39.9
2023-06-01,Station Road,Aloo Bhujia,Namkeen,33,300,9900,Thursday,0,0,None,60,1,0,39.9
2023-06-02,Station Road,Rasgulla,Sweet,28,280,7840,Friday,0,0,None,60,1,0,38.3
2023-06-02,Station Road,Gulab Jamun,Sweet,45,300,13500,Friday,0,0,None,60,1,0,38.3
2023-06-02,Station Road,Kaju Katli,Sweet,36,900,32400,Friday,0,0,None,60,1,0,38.3
2023-06-02,Station Road,Besan Barfi,Sweet,55,420,23100,Friday,0,0,None,60,1,0,38.3
2023-06-02,Station Road,Motichoor Laddu,Sweet,48,380,18240,Friday,0,0,None,60,1,0,38.3
2023-06-02,Station Road,Ghewar,Sweet,16,500,8000,Friday,0,0,None,60,1,0,38.3
2023-06-02,Station Road,Gajak,Sweet,2,320,640,Friday,0,0,None,60,1,0,38.3
2023-06-02,Station Road,Soan Papdi,Sweet,30,270,8100,Friday,0,0,None,60,1,1,38.3
2023-06-02,Station Road,Bikaneri Bhujia,Namkeen,107,360,38520,Friday,0,0,None,60,1,0,38.3
2023-06-02,Station Road,Aloo Bhujia,Namkeen,46,300,13800,Friday,0,0,None,60,1,0,38.3
2023-06-03,Station Road,Rasgulla,Sweet,41,280,11480,Saturday,1,0,None,60,1,0,39.4
2023-06-03,Station Road,Gulab Jamun,Sweet,61,300,18300,Saturday,1,0,None,60,1,0,39.4
2023-06-03,Station Road,Kaju Katli,Sweet,38,900,34200,Saturday,1,0,None,60,1,0,39.4
2023-06-03,Station Road,Besan Barfi,Sweet,53,420,22260,Saturday,1,0,None,60,1,0,39.4
2023-06-03,Station Road,Motichoor Laddu,Sweet,54,380,20520,Saturday,1,0,None,60,1,0,39.4
2023-06-03,Station Road,Ghewar,Sweet,21,500,10500,Saturday,1,0,None,60,1,0,39.4
2023-06-03,Station Road,Gajak,Sweet,3,320,960,Saturday,1,0,None,60,1,0,39.4
2023-06-03,Station Road,Soan Papdi,Sweet,39,300,11700,Saturday,1,0,None,60,1,0,39.4
2023-06-03,Station Road,Bikaneri Bhujia,Namkeen,149,360,53640,Saturday,1,0,None,60,1,0,39.4
2023-06-03,Station Road,Aloo Bhujia,Namkeen,75,270,20250,Saturday,1,0,None,60,1,1,39.4
2023-06-04,Station Road,Rasgulla,Sweet,45,280,12600,Sunday,1,0,None,60,1,0,38.7
2023-06-04,Station Road,Gulab Jamun,Sweet,50,300,15000,Sunday,1,0,None,60,1,0,38.7
2023-06-04,Station Road,Kaju Katli,Sweet,52,900,46800,Sunday,1,0,None,60,1,0,38.7
2023-06-04,Station Road,Besan Barfi,Sweet,55,420,23100,Sunday,1,0,None,60,1,0,38.7
2023-06-04,Station Road,Motichoor Laddu,Sweet,68,380,25840,Sunday,1,0,None,60,1,0,38.7
2023-06-04,Station Road,Ghewar,Sweet,21,500,10500,Sunday,1,0,None,60,1,0,38.7
2023-06-04,Station Road,Gajak,Sweet,2,320,640,Sunday,1,0,None,60,1,0,38.7
2023-06-04,Station Road,Soan Papdi,Sweet,44,270,11880,Sunday,1,0,None,60,1,1,38.7
2023-06-04,Station Road,Bikaneri Bhujia,Namkeen,163,360,58680,Sunday,1,0,None,60,1,0,38.7
2023-06-04,Station Road,Aloo Bhujia,Namkeen,67,300,20100,Sunday,1,0,None,60,1,0,38.7
2023-06-05,Station Road,Rasgulla,Sweet,29,280,8120,Monday,0,0,None,60,1,0,39.5
2023-06-05,Station Road,Gulab Jamun,Sweet,46,300,13800,Monday,0,0,None,60,1,0,39.5
2023-06-05,Station Road,Kaju Katli,Sweet,33,900,29700,Monday,0,0,None,60,1,0,39.5
2023-06-05,Station Road,Besan Barfi,Sweet,37,420,15540,Monday,0,0,None,60,1,0,39.5
2023-06-05,Station Road,Motichoor Laddu,Sweet,36,380,13680,Monday,0,0,None,60,1,0,39.5
2023-06-05,Station Road,Ghewar,Sweet,23,500,11500,Monday,0,0,None,60,1,0,39.5
2023-06-05,Station Road,Gajak,Sweet,0,320,0,Monday,0,0,None,60,1,0,39.5
2023-06-05,Station Road,Soan Papdi,Sweet,22,300,6600,Monday,0,0,None,60,1,0,39.5
2023-06-05,Station Road,Bikaneri Bhujia,Namkeen,109,360,39240,Monday,0,0,None,60,1,0,39.5
2023-06-05,Station Road,Aloo Bhujia,Namkeen,43,300,12900,Monday,0,0,None,60,1,0,39.5
2023-06-06,Station Road,Rasgulla,Sweet,29,280,8120,Tuesday,0,0,None,60,1,0,42.0
2023-06-06,Station Road,Gulab Jamun,Sweet,39,300,11700,Tuesday,0,0,None,60,1,0,42.0
2023-06-06,Station Road,Kaju Katli,Sweet,35,900,31500,Tuesday,0,0,None,60,1,0,42.0
2023-06-06,Station Road,Besan Barfi,Sweet,34,420,14280,Tuesday,0,0,None,60,1,0,42.0
2023-06-06,Station Road,Motichoor Laddu,Sweet,34,380,12920,Tuesday,0,0,None,60,1,0,42.0
2023-06-06,Station Road,Ghewar,Sweet,18,500,9000,Tuesday,0,0,None,60,1,0,42.0
2023-06-06,Station Road,Gajak,Sweet,0,320,0,Tuesday,0,0,None,60,1,0,42.0
2023-06-06,Station Road,Soan Papdi,Sweet,21,300,6300,Tuesday,0,0,None,60,1,0,42.0
2023-06-06,Station Road,Bikaneri Bhujia,Namkeen,97,360,34920,Tuesday,0,0,None,60,1,0,42.0
2023-06-06,Station Road,Aloo Bhujia,Namkeen,42,300,12600,Tuesday,0,0,None,60,1,0,42.0
2023-06-07,Station Road,Rasgulla,Sweet,36,280,10080,Wednesday,0,0,None,60,1,0,39.0
2023-06-07,Station Road,Gulab Jamun,Sweet,42,300,12600,Wednesday,0,0,None,60,1,0,39.0
2023-06-07,Station Road,Kaju Katli,Sweet,42,900,37800,Wednesday,0,0,None,60,1,0,39.0
2023-06-07,Station Road,Besan Barfi,Sweet,45,420,18900,Wednesday,0,0,None,60,1,0,39.0
2023-06-07,Station Road,Motichoor Laddu,Sweet,47,342,16074,Wednesday,0,0,None,60,1,1,39.0
2023-06-07,Station Road,Ghewar,Sweet,20,500,10000,Wednesday,0,0,None,60,1,0,39.0
2023-06-07,Station Road,Gajak,Sweet,4,320,1280,Wednesday,0,0,None,60,1,0,39.0
2023-06-07,Station Road,Soan Papdi,Sweet,24,300,7200,Wednesday,0,0,None,60,1,0,39.0
2023-06-07,Station Road,Bikaneri Bhujia,Namkeen,108,360,38880,Wednesday,0,0,None,60,1,0,39.0
2023-06-07,Station Road,Aloo Bhujia,Namkeen,51,300,15300,Wednesday,0,0,None,60,1,0,39.0
2023-06-08,Station Road,Rasgulla,Sweet,28,280,7840,Thursday,0,0,None,60,1,0,40.8
2023-06-08,Station Road,Gulab Jamun,Sweet,40,300,12000,Thursday,0,0,None,60,1,0,40.8
2023-06-08,Station Road,Kaju Katli,Sweet,35,900,31500,Thursday,0,0,None,60,1,0,40.8
2023-06-08,Station Road,Besan Barfi,Sweet,49,420,20580,Thursday,0,0,None,60,1,0,40.8
2023-06-08,Station Road,Motichoor Laddu,Sweet,46,380,17480,Thursday,0,0,None,60,1,0,40.8
2023-06-08,Station Road,Ghewar,Sweet,11,500,5500,Thursday,0,0,None,60,1,0,40.8
2023-06-08,Station Road,Gajak,Sweet,1,320,320,Thursday,0,0,None,60,1,0,40.8
2023-06-08,Station Road,Soan Papdi,Sweet,30,300,9000,Thursday,0,0,None,60,1,0,40.8
2023-06-08,Station Road,Bikaneri Bhujia,Namkeen,118,360,42480,Thursday,0,0,None,60,1,0,40.8
2023-06-08,Station Road,Aloo Bhujia,Namkeen,47,300,14100,Thursday,0,0,None,60,1,0,40.8
2023-06-09,Station Road,Rasgulla,Sweet,24,280,6720,Friday,0,0,None,60,1,0,41.0
2023-06-09,Station Road,Gulab Jamun,Sweet,39,300,11700,Friday,0,0,None,60,1,0,41.0
2023-06-09,Station Road,Kaju Katli,Sweet,47,900,42300,Friday,0,0,None,60,1,0,41.0
2023-06-09,Station Road,Besan Barfi,Sweet,57,420,23940,Friday,0,0,None,60,1,0,41.0
2023-06-09,Station Road,Motichoor Laddu,Sweet,52,380,19760,Friday,0,0,None,60,1,0,41.0
2023-06-09,Station Road,Ghewar,Sweet,21,500,10500,Friday,0,0,None,60,1,0,41.0
2023-06-09,Station Road,Gajak,Sweet,2,320,640,Friday,0,0,None,60,1,0,41.0
2023-06-09,Station Road,Soan Papdi,Sweet,35,300,10500,Friday,0,0,None,60,1,0,41.0
2023-06-09,Station Road,Bikaneri Bhujia,Namkeen,132,360,47520,Friday,0,0,None,60,1,0,41.0
2023-06-09,Station Road,Aloo Bhujia,Namkeen,51,300,15300,Friday,0,0,None,60,1,0,41.0
2023-06-10,Station Road,Rasgulla,Sweet,26,280,7280,Saturday,1,0,None,60,1,0,41.7
2023-06-10,Station Road,Gulab Jamun,Sweet,61,300,18300,Saturday,1,0,None,60,1,0,41.7
2023-06-10,Station Road,Kaju Katli,Sweet,48,900,43200,Saturday,1,0,None,60,1,0,41.7
2023-06-10,Station Road,Besan Barfi,Sweet,48,420,20160,Saturday,1,0,None,60,1,0,41.7
2023-06-10,Station Road,Motichoor Laddu,Sweet,52,380,19760,Saturday,1,0,None,60,1,0,41.7
2023-06-10,Station Road,Ghewar,Sweet,23,500,11500,Saturday,1,0,None,60,1,0,41.7
2023-06-10,Station Road,Gajak,Sweet,6,320,1920,Saturday,1,0,None,60,1,0,41.7
2023-06-10,Station Road,Soan Papdi,Sweet,35,300,10500,Saturday,1,0,None,60,1,0,41.7
2023-06-10,Station Road,Bikaneri Bhujia,Namkeen,151,360,54360,Saturday,1,0,None,60,1,0,41.7
2023-06-10,Station Road,Aloo Bhujia,Namkeen,60,300,18000,Saturday,1,0,None,60,1,0,41.7
2023-06-11,Station Road,Rasgulla,Sweet,47,280,13160,Sunday,1,0,None,60,1,0,40.8
2023-06-11,Station Road,Gulab Jamun,Sweet,67,300,20100,Sunday,1,0,None,60,1,0,40.8
2023-06-11,Station Road,Kaju Katli,Sweet,53,900,47700,Sunday,1,0,None,60,1,0,40.8
2023-06-11,Station Road,Besan Barfi,Sweet,54,420,22680,Sunday,1,0,None,60,1,0,40.8
2023-06-11,Station Road,Motichoor Laddu,Sweet,53,380,20140,Sunday,1,0,None,60,1,0,40.8
2023-06-11,Station Road,Ghewar,Sweet,29,500,14500,Sunday,1,0,None,60,1,0,40.8
2023-06-11,Station Road,Gajak,Sweet,1,320,320,Sunday,1,0,None,60,1,0,40.8
2023-06-11,Station Road,Soan Papdi,Sweet,36,300,10800,Sunday,1,0,None,60,1,0,40.8
2023-06-11,Station Road,Bikaneri Bhujia,Namkeen,149,360,53640,Sunday,1,0,None,60,1,0,40.8
2023-06-11,Station Road,Aloo Bhujia,Namkeen,64,300,19200,Sunday,1,0,None,60,1,0,40.8
2023-06-12,Station Road,Rasgulla,Sweet,27,280,7560,Monday,0,0,None,60,1,0,35.4
2023-06-12,Station Road,Gulab Jamun,Sweet,40,300,12000,Monday,0,0,None,60,1,0,35.4
2023-06-12,Station Road,Kaju Katli,Sweet,31,900,27900,Monday,0,0,None,60,1,0,35.4
2023-06-12,Station Road,Besan Barfi,Sweet,33,420,13860,Monday,0,0,None,60,1,0,35.4
2023-06-12,Station Road,Motichoor Laddu,Sweet,37,380,14060,Monday,0,0,None,60,1,0,35.4
2023-06-12,Station Road,Ghewar,Sweet,13,500,6500,Monday,0,0,None,60,1,0,35.4
2023-06-12,Station Road,Gajak,Sweet,3,288,864,Monday,0,0,None,60,1,1,35.4
2023-06-12,Station Road,Soan Papdi,Sweet,26,300,7800,Monday,0,0,None,60,1,0,35.4
2023-06-12,Station Road,Bikaneri Bhujia,Namkeen,107,360,38520,Monday,0,0,None,60,1,0,35.4
2023-06-12,Station Road,Aloo Bhujia,Namkeen,34,300,10200,Monday,0,0,None,60,1,0,35.4
2023-06-13,Station Road,Rasgulla,Sweet,21,280,5880,Tuesday,0,0,None,60,1,0,35.5
2023-06-13,Station Road,Gulab Jamun,Sweet,39,300,11700,Tuesday,0,0,None,60,1,0,35.5
2023-06-13,Station Road,Kaju Katli,Sweet,46,900,41400,Tuesday,0,0,None,60,1,0,35.5
2023-06-13,Station Road,Besan Barfi,Sweet,33,420,13860,Tuesday,0,0,None,60,1,0,35.5
2023-06-13,Station Road,Motichoor Laddu,Sweet,37,380,14060,Tuesday,0,0,None,60,1,0,35.5
2023-06-13,Station Road,Ghewar,Sweet,11,500,5500,Tuesday,0,0,None,60,1,0,35.5
2023-06-13,Station Road,Gajak,Sweet,0,320,0,Tuesday,0,0,None,60,1,0,35.5
2023-06-13,Station Road,Soan Papdi,Sweet,27,300,8100,Tuesday,0,0,None,60,1,0,35.5
2023-06-13,Station Road,Bikaneri Bhujia,Namkeen,105,360,37800,Tuesday,0,0,None,60,1,0,35.5
2023-06-13,Station Road,Aloo Bhujia,Namkeen,31,300,9300,Tuesday,0,0,None,60,1,0,35.5
2023-06-14,Station Road,Rasgulla,Sweet,30,280,8400,Wednesday,0,0,None,60,1,0,40.3
2023-06-14,Station Road,Gulab Jamun,Sweet,54,300,16200,Wednesday,0,0,None,60,1,0,40.3
2023-06-14,Station Road,Kaju Katli,Sweet,30,900,27000,Wednesday,0,0,None,60,1,0,40.3
2023-06-14,Station Road,Besan Barfi,Sweet,46,420,19320,Wednesday,0,0,None,60,1,0,40.3
2023-06-14,Station Road,Motichoor Laddu,Sweet,32,380,12160,Wednesday,0,0,None,60,1,0,40.3
2023-06-14,Station Road,Ghewar,Sweet,14,500,7000,Wednesday,0,0,None,60,1,0,40.3
2023-06-14,Station Road,Gajak,Sweet,2,320,640,Wednesday,0,0,None,60,1,0,40.3
2023-06-14,Station Road,Soan Papdi,Sweet,25,300,7500,Wednesday,0,0,None,60,1,0,40.3
2023-06-14,Station Road,Bikaneri Bhujia,Namkeen,78,360,28080,Wednesday,0,0,None,60,1,0,40.3
2023-06-14,Station Road,Aloo Bhujia,Namkeen,46,300,13800,Wednesday,0,0,None,60,1,0,40.3
2023-06-15,Station Road,Rasgulla,Sweet,29,280,8120,Thursday,0,0,None,60,1,0,41.2
2023-06-15,Station Road,Gulab Jamun,Sweet,45,300,13500,Thursday,0,0,None,60,1,0,41.2
2023-06-15,Station Road,Kaju Katli,Sweet,24,900,21600,Thursday,0,0,None,60,1,0,41.2
2023-06-15,Station Road,Besan Barfi,Sweet,41,420,17220,Thursday,0,0,None,60,1,0,41.2
2023-06-15,Station Road,Motichoor Laddu,Sweet,33,380,12540,Thursday,0,0,None,60,1,0,41.2
2023-06-15,Station Road,Ghewar,Sweet,19,500,9500,Thursday,0,0,None,60,1,0,41.2
2023-06-15,Station Road,Gajak,Sweet,0,320,0,Thursday,0,0,None,60,1,0,41.2
2023-06-15,Station Road,Soan Papdi,Sweet,20,300,6000,Thursday,0,0,None,60,1,0,41.2
2023-06-15,Station Road,Bikaneri Bhujia,Namkeen,98,360,35280,Thursday,0,0,None,60,1,0,41.2
2023-06-15,Station Road,Aloo Bhujia,Namkeen,45,300,13500,Thursday,0,0,None,60,1,0,41.2
2023-06-16,Station Road,Rasgulla,Sweet,31,280,8680,Friday,0,0,None,60,1,0,41.8
2023-06-16,Station Road,Gulab Jamun,Sweet,68,300,20400,Friday,0,0,None,60,1,0,41.8
2023-06-16,Station Road,Kaju Katli,Sweet,48,900,43200,Friday,0,0,None,60,1,0,41.8
2023-06-16,Station Road,Besan Barfi,Sweet,48,420,20160,Friday,0,0,None,60,1,0,41.8
2023-06-16,Station Road,Motichoor Laddu,Sweet,50,380,19000,Friday,0,0,None,60,1,0,41.8
2023-06-16,Station Road,Ghewar,Sweet,21,500,10500,Friday,0,0,None,60,1,0,41.8
2023-06-16,Station Road,Gajak,Sweet,4,320,1280,Friday,0,0,None,60,1,0,41.8
2023-06-16,Station Road,Soan Papdi,Sweet,31,300,9300,Friday,0,0,None,60,1,0,41.8
2023-06-16,Station Road,Bikaneri Bhujia,Namkeen,108,360,38880,Friday,0,0,None,60,1,0,41.8
2023-06-16,Station Road,Aloo Bhujia,Namkeen,57,300,17100,Friday,0,0,None,60,1,0,41.8
2023-06-17,Station Road,Rasgulla,Sweet,48,280,13440,Saturday,1,0,None,60,1,0,42.9
2023-06-17,Station Road,Gulab Jamun,Sweet,52,300,15600,Saturday,1,0,None,60,1,0,42.9
2023-06-17,Station Road,Kaju Katli,Sweet,38,900,34200,Saturday,1,0,None,60,1,0,42.9
2023-06-17,Station Road,Besan Barfi,Sweet,45,420,18900,Saturday,1,0,None,60,1,0,42.9
2023-06-17,Station Road,Motichoor Laddu,Sweet,60,380,22800,Saturday,1,0,None,60,1,0,42.9
2023-06-17,Station Road,Ghewar,Sweet,19,500,9500,Saturday,1,0,None,60,1,0,42.9
2023-06-17,Station Road,Gajak,Sweet,0,320,0,Saturday,1,0,None,60,1,0,42.9
2023-06-17,Station Road,Soan Papdi,Sweet,31,300,9300,Saturday,1,0,None,60,1,0,42.9
2023-06-17,Station Road,Bikaneri Bhujia,Namkeen,137,360,49320,Saturday,1,0,None,60,1,0,42.9
2023-06-17,Station Road,Aloo Bhujia,Namkeen,59,300,17700,Saturday,1,0,None,60,1,0,42.9
2023-06-18,Station Road,Rasgulla,Sweet,34,252,8568,Sunday,1,0,None,60,1,1,44.1
2023-06-18,Station Road,Gulab Jamun,Sweet,70,300,21000,Sunday,1,0,None,60,1,0,44.1
2023-06-18,Station Road,Kaju Katli,Sweet,47,900,42300,Sunday,1,0,None,60,1,0,44.1
2023-06-18,Station Road,Besan Barfi,Sweet,58,420,24360,Sunday,1,0,None,60,1,0,44.1
2023-06-18,Station Road,Motichoor Laddu,Sweet,38,380,14440,Sunday,1,0,None,60,1,0,44.1
2023-06-18,Station Road,Ghewar,Sweet,30,500,15000,Sunday,1,0,None,60,1,0,44.1
2023-06-18,Station Road,Gajak,Sweet,1,320,320,Sunday,1,0,None,60,1,0,44.1
2023-06-18,Station Road,Soan Papdi,Sweet,29,300,8700,Sunday,1,0,None,60,1,0,44.1
2023-06-18,Station Road,Bikaneri Bhujia,Namkeen,135,360,48600,Sunday,1,0,None,60,1,0,44.1
2023-06-18,Station Road,Aloo Bhujia,Namkeen,62,300,18600,Sunday,1,0,None,60,1,0,44.1
2023-06-19,Station Road,Rasgulla,Sweet,18,280,5040,Monday,0,0,None,60,1,0,35.4
2023-06-19,Station Road,Gulab Jamun,Sweet,41,300,12300,Monday,0,0,None,60,1,0,35.4
2023-06-19,Station Road,Kaju Katli,Sweet,34,900,30600,Monday,0,0,None,60,1,0,35.4
2023-06-19,Station Road,Besan Barfi,Sweet,46,420,19320,Monday,0,0,None,60,1,0,35.4
2023-06-19,Station Road,Motichoor Laddu,Sweet,34,380,12920,Monday,0,0,None,60,1,0,35.4
2023-06-19,Station Road,Ghewar,Sweet,15,500,7500,Monday,0,0,None,60,1,0,35.4
2023-06-19,Station Road,Gajak,Sweet,2,320,640,Monday,0,0,None,60,1,0,35.4
2023-06-19,Station Road,Soan Papdi,Sweet,29,300,8700,Monday,0,0,None,60,1,0,35.4
2023-06-19,Station Road,Bikaneri Bhujia,Namkeen,99,360,35640,Monday,0,0,None,60,1,0,35.4
2023-06-19,Station Road,Aloo Bhujia,Namkeen,29,300,8700,Monday,0,0,None,60,1,0,35.4
2023-06-20,Station Road,Rasgulla,Sweet,20,280,5600,Tuesday,0,0,None,60,1,0,39.5
2023-06-20,Station Road,Gulab Jamun,Sweet,47,300,14100,Tuesday,0,0,None,60,1,0,39.5
2023-06-20,Station Road,Kaju Katli,Sweet,26,900,23400,Tuesday,0,0,None,60,1,0,39.5
2023-06-20,Station Road,Besan Barfi,Sweet,31,420,13020,Tuesday,0,0,None,60,1,0,39.5
2023-06-20,Station Road,Motichoor Laddu,Sweet,38,380,14440,Tuesday,0,0,None,60,1,0,39.5
2023-06-20,Station Road,Ghewar,Sweet,20,500,10000,Tuesday,0,0,None,60,1,0,39.5
2023-06-20,Station Road,Gajak,Sweet,3,320,960,Tuesday,0,0,None,60,1,0,39.5
2023-06-20,Station Road,Soan Papdi,Sweet,21,300,6300,Tuesday,0,0,None,60,1,0,39.5
2023-06-20,Station Road,Bikaneri Bhujia,Namkeen,76,360,27360,Tuesday,0,0,None,60,1,0,39.5
2023-06-20,Station Road,Aloo Bhujia,Namkeen,44,300,13200,Tuesday,0,0,None,60,1,0,39.5
2023-06-21,Station Road,Rasgulla,Sweet,36,280,10080,Wednesday,0,0,None,60,1,0,36.2
2023-06-21,Station Road,Gulab Jamun,Sweet,44,300,13200,Wednesday,0,0,None,60,1,0,36.2
2023-06-21,Station Road,Kaju Katli,Sweet,31,900,27900,Wednesday,0,0,None,60,1,0,36.2
2023-06-21,Station Road,Besan Barfi,Sweet,37,420,15540,Wednesday,0,0,None,60,1,0,36.2
2023-06-21,Station Road,Motichoor Laddu,Sweet,43,380,16340,Wednesday,0,0,None,60,1,0,36.2
2023-06-21,Station Road,Ghewar,Sweet,20,500,10000,Wednesday,0,0,None,60,1,0,36.2
2023-06-21,Station Road,Gajak,Sweet,3,320,960,Wednesday,0,0,None,60,1,0,36.2
2023-06-21,Station Road,Soan Papdi,Sweet,24,300,7200,Wednesday,0,0,None,60,1,0,36.2
2023-06-21,Station Road,Bikaneri Bhujia,Namkeen,116,360,41760,Wednesday,0,0,None,60,1,0,36.2
2023-06-21,Station Road,Aloo Bhujia,Namkeen,42,300,12600,Wednesday,0,0,None,60,1,0,36.2
2023-06-22,Station Road,Rasgulla,Sweet,33,280,9240,Thursday,0,0,None,60,1,0,41.6
2023-06-22,Station Road,Gulab Jamun,Sweet,44,300,13200,Thursday,0,0,None,60,1,0,41.6
2023-06-22,Station Road,Kaju Katli,Sweet,27,900,24300,Thursday,0,0,None,60,1,0,41.6
2023-06-22,Station Road,Besan Barfi,Sweet,35,420,14700,Thursday,0,0,None,60,1,0,41.6
2023-06-22,Station Road,Motichoor Laddu,Sweet,33,380,12540,Thursday,0,0,None,60,1,0,41.6
2023-06-22,Station Road,Ghewar,Sweet,18,500,9000,Thursday,0,0,None,60,1,0,41.6
2023-06-22,Station Road,Gajak,Sweet,1,320,320,Thursday,0,0,None,60,1,0,41.6
2023-06-22,Station Road,Soan Papdi,Sweet,33,300,9900,Thursday,0,0,None,60,1,0,41.6
2023-06-22,Station Road,Bikaneri Bhujia,Namkeen,101,360,36360,Thursday,0,0,None,60,1,0,41.6
2023-06-22,Station Road,Aloo Bhujia,Namkeen,42,300,12600,Thursday,0,0,None,60,1,0,41.6
2023-06-23,Station Road,Rasgulla,Sweet,36,280,10080,Friday,0,0,None,60,1,0,44.5
2023-06-23,Station Road,Gulab Jamun,Sweet,73,270,19710,Friday,0,0,None,60,1,1,44.5
2023-06-23,Station Road,Kaju Katli,Sweet,41,900,36900,Friday,0,0,None,60,1,0,44.5
2023-06-23,Station Road,Besan Barfi,Sweet,40,420,16800,Friday,0,0,None,60,1,0,44.5
2023-06-23,Station Road,Motichoor Laddu,Sweet,46,380,17480,Friday,0,0,None,60,1,0,44.5
2023-06-23,Station Road,Ghewar,Sweet,14,500,7000,Friday,0,0,None,60,1,0,44.5
2023-06-23,Station Road,Gajak,Sweet,2,320,640,Friday,0,0,None,60,1,0,44.5
2023-06-23,Station Road,Soan Papdi,Sweet,14,300,4200,Friday,0,0,None,60,1,0,44.5
2023-06-23,Station Road,Bikaneri Bhujia,Namkeen,113,360,40680,Friday,0,0,None,60,1,0,44.5
2023-06-23,Station Road,Aloo Bhujia,Namkeen,54,270,14580,Friday,0,0,None,60,1,1,44.5
2023-06-24,Station Road,Rasgulla,Sweet,35,280,9800,Saturday,1,0,None,60,1,0,43.2
2023-06-24,Station Road,Gulab Jamun,Sweet,71,300,21300,Saturday,1,0,None,60,1,0,43.2
2023-06-24,Station Road,Kaju Katli,Sweet,65,900,58500,Saturday,1,0,None,60,1,0,43.2
2023-06-24,Station Road,Besan Barfi,Sweet,45,420,18900,Saturday,1,0,None,60,1,0,43.2
2023-06-24,Station Road,Motichoor Laddu,Sweet,54,380,20520,Saturday,1,0,None,60,1,0,43.2
2023-06-24,Station Road,Ghewar,Sweet,19,500,9500,Saturday,1,0,None,60,1,0,43.2
2023-06-24,Station Road,Gajak,Sweet,1,320,320,Saturday,1,0,None,60,1,0,43.2
2023-06-24,Station Road,Soan Papdi,Sweet,36,300,10800,Saturday,1,0,None,60,1,0,43.2
2023-06-24,Station Road,Bikaneri Bhujia,Namkeen,153,360,55080,Saturday,1,0,None,60,1,0,43.2
2023-06-24,Station Road,Aloo Bhujia,Namkeen,76,300,22800,Saturday,1,0,None,60,1,0,43.2
2023-06-25,Station Road,Rasgulla,Sweet,43,280,12040,Sunday,1,0,None,60,1,0,38.4
2023-06-25,Station Road,Gulab Jamun,Sweet,69,300,20700,Sunday,1,0,None,60,1,0,38.4
2023-06-25,Station Road,Kaju Katli,Sweet,58,900,52200,Sunday,1,0,None,60,1,0,38.4
2023-06-25,Station Road,Besan Barfi,Sweet,51,420,21420,Sunday,1,0,None,60,1,0,38.4
2023-06-25,Station Road,Motichoor Laddu,Sweet,53,380,20140,Sunday,1,0,None,60,1,0,38.4
2023-06-25,Station Road,Ghewar,Sweet,38,500,19000,Sunday,1,0,None,60,1,0,38.4
2023-06-25,Station Road,Gajak,Sweet,2,320,640,Sunday,1,0,None,60,1,0,38.4
2023-06-25,Station Road,Soan Papdi,Sweet,28,300,8400,Sunday,1,0,None,60,1,0,38.4
2023-06-25,Station Road,Bikaneri Bhujia,Namkeen,176,360,63360,Sunday,1,0,None,60,1,0,38.4
2023-06-25,Station Road,Aloo Bhujia,Namkeen,57,300,17100,Sunday,1,0,None,60,1,0,38.4
2023-06-26,Station Road,Rasgulla,Sweet,28,280,7840,Monday,0,0,None,60,1,0,42.1
2023-06-26,Station Road,Gulab Jamun,Sweet,55,300,16500,Monday,0,0,None,60,1,0,42.1
2023-06-26,Station Road,Kaju Katli,Sweet,28,900,25200,Monday,0,0,None,60,1,0,42.1
2023-06-26,Station Road,Besan Barfi,Sweet,51,420,21420,Monday,0,0,None,60,1,0,42.1
2023-06-26,Station Road,Motichoor Laddu,Sweet,33,380,12540,Monday,0,0,None,60,1,0,42.1
2023-06-26,Station Road,Ghewar,Sweet,15,500,7500,Monday,0,0,None,60,1,0,42.1
2023-06-26,Station Road,Gajak,Sweet,3,320,960,Monday,0,0,None,60,1,0,42.1
2023-06-26,Station Road,Soan Papdi,Sweet,26,300,7800,Monday,0,0,None,60,1,0,42.1
2023-06-26,Station Road,Bikaneri Bhujia,Namkeen,97,360,34920,Monday,0,0,None,60,1,0,42.1
2023-06-26,Station Road,Aloo Bhujia,Namkeen,40,300,12000,Monday,0,0,None,60,1,0,42.1
2023-06-27,Station Road,Rasgulla,Sweet,31,280,8680,Tuesday,0,0,None,60,1,0,43.7
2023-06-27,Station Road,Gulab Jamun,Sweet,38,300,11400,Tuesday,0,0,None,60,1,0,43.7
2023-06-27,Station Road,Kaju Katli,Sweet,26,900,23400,Tuesday,0,0,None,60,1,0,43.7
2023-06-27,Station Road,Besan Barfi,Sweet,34,420,14280,Tuesday,0,0,None,60,1,0,43.7
2023-06-27,Station Road,Motichoor Laddu,Sweet,40,380,15200,Tuesday,0,0,None,60,1,0,43.7
2023-06-27,Station Road,Ghewar,Sweet,17,500,8500,Tuesday,0,0,None,60,1,0,43.7
2023-06-27,Station Road,Gajak,Sweet,0,320,0,Tuesday,0,0,None,60,1,0,43.7
2023-06-27,Station Road,Soan Papdi,Sweet,29,270,7830,Tuesday,0,0,None,60,1,1,43.7
2023-06-27,Station Road,Bikaneri Bhujia,Namkeen,128,360,46080,Tuesday,0,0,None,60,1,0,43.7
2023-06-27,Station Road,Aloo Bhujia,Namkeen,34,300,10200,Tuesday,0,0,None,60,1,0,43.7
2023-06-28,Station Road,Rasgulla,Sweet,40,280,11200,Wednesday,0,0,None,60,1,0,39.3
2023-06-28,Station Road,Gulab Jamun,Sweet,44,300,13200,Wednesday,0,0,None,60,1,0,39.3
2023-06-28,Station Road,Kaju Katli,Sweet,37,900,33300,Wednesday,0,0,None,60,1,0,39.3
2023-06-28,Station Road,Besan Barfi,Sweet,43,420,18060,Wednesday,0,0,None,60,1,0,39.3
2023-06-28,Station Road,Motichoor Laddu,Sweet,35,380,13300,Wednesday,0,0,None,60,1,0,39.3
2023-06-28,Station Road,Ghewar,Sweet,16,500,8000,Wednesday,0,0,None,60,1,0,39.3
2023-06-28,Station Road,Gajak,Sweet,2,320,640,Wednesday,0,0,None,60,1,0,39.3
2023-06-28,Station Road,Soan Papdi,Sweet,21,300,6300,Wednesday,0,0,None,60,1,0,39.3
2023-06-28,Station Road,Bikaneri Bhujia,Namkeen,106,360,38160,Wednesday,0,0,None,60,1,0,39.3
2023-06-28,Station Road,Aloo Bhujia,Namkeen,49,300,14700,Wednesday,0,0,None,60,1,0,39.3
2023-06-29,Station Road,Rasgulla,Sweet,29,280,8120,Thursday,0,0,None,60,1,0,40.7
2023-06-29,Station Road,Gulab Jamun,Sweet,42,300,12600,Thursday,0,0,None,60,1,0,40.7
2023-06-29,Station Road,Kaju Katli,Sweet,30,900,27000,Thursday,0,0,None,60,1,0,40.7
2023-06-29,Station Road,Besan Barfi,Sweet,41,420,17220,Thursday,0,0,None,60,1,0,40.7
2023-06-29,Station Road,Motichoor Laddu,Sweet,42,380,15960,Thursday,0,0,None,60,1,0,40.7
2023-06-29,Station Road,Ghewar,Sweet,21,500,10500,Thursday,0,0,None,60,1,0,40.7
2023-06-29,Station Road,Gajak,Sweet,1,320,320,Thursday,0,0,None,60,1,0,40.7
2023-06-29,Station Road,Soan Papdi,Sweet,23,300,6900,Thursday,0,0,None,60,1,0,40.7
2023-06-29,Station Road,Bikaneri Bhujia,Namkeen,112,360,40320,Thursday,0,0,None,60,1,0,40.7
2023-06-29,Station Road,Aloo Bhujia,Namkeen,50,300,15000,Thursday,0,0,None,60,1,0,40.7
2023-06-30,Station Road,Rasgulla,Sweet,38,280,10640,Friday,0,0,None,60,1,0,44.4
2023-06-30,Station Road,Gulab Jamun,Sweet,63,300,18900,Friday,0,0,None,60,1,0,44.4
2023-06-30,Station Road,Kaju Katli,Sweet,34,900,30600,Friday,0,0,None,60,1,0,44.4
2023-06-30,Station Road,Besan Barfi,Sweet,46,420,19320,Friday,0,0,None,60,1,0,44.4
2023-06-30,Station Road,Motichoor Laddu,Sweet,54,380,20520,Friday,0,0,None,60,1,0,44.4
2023-06-30,Station Road,Ghewar,Sweet,26,500,13000,Friday,0,0,None,60,1,0,44.4
2023-06-30,Station Road,Gajak,Sweet,1,320,320,Friday,0,0,None,60,1,0,44.4
2023-06-30,Station Road,Soan Papdi,Sweet,29,300,8700,Friday,0,0,None,60,1,0,44.4
2023-06-30,Station Road,Bikaneri Bhujia,Namkeen,112,360,40320,Friday,0,0,None,60,1,0,44.4
2023-06-30,Station Road,Aloo Bhujia,Namkeen,49,300,14700,Friday,0,0,None,60,1,0,44.4
2023-07-01,Station Road,Rasgulla,Sweet,64,280,17920,Saturday,1,0,None,60,1,0,34.6
2023-07-01,Station Road,Gulab Jamun,Sweet,68,300,20400,Saturday,1,0,None,60,1,0,34.6
2023-07-01,Station Road,Kaju Katli,Sweet,34,900,30600,Saturday,1,0,None,60,1,0,34.6
2023-07-01,Station Road,Besan Barfi,Sweet,59,420,24780,Saturday,1,0,None,60,1,0,34.6
2023-07-01,Station Road,Motichoor Laddu,Sweet,43,380,16340,Saturday,1,0,None,60,1,0,34.6
2023-07-01,Station Road,Ghewar,Sweet,79,500,39500,Saturday,1,0,None,60,1,0,34.6
2023-07-01,Station Road,Gajak,Sweet,2,320,640,Saturday,1,0,None,60,1,0,34.6
2023-07-01,Station Road,Soan Papdi,Sweet,40,300,12000,Saturday,1,0,None,60,1,0,34.6
2023-07-01,Station Road,Bikaneri Bhujia,Namkeen,154,360,55440,Saturday,1,0,None,60,1,0,34.6
2023-07-01,Station Road,Aloo Bhujia,Namkeen,52,300,15600,Saturday,1,0,None,60,1,0,34.6
2023-07-02,Station Road,Rasgulla,Sweet,68,280,19040,Sunday,1,0,None,59,1,0,34.7
2023-07-02,Station Road,Gulab Jamun,Sweet,90,300,27000,Sunday,1,0,None,59,1,0,34.7
2023-07-02,Station Road,Kaju Katli,Sweet,46,900,41400,Sunday,1,0,None,59,1,0,34.7
2023-07-02,Station Road,Besan Barfi,Sweet,57,420,23940,Sunday,1,0,None,59,1,0,34.7
2023-07-02,Station Road,Motichoor Laddu,Sweet,55,380,20900,Sunday,1,0,None,59,1,0,34.7
2023-07-02,Station Road,Ghewar,Sweet,90,500,45000,Sunday,1,0,None,59,1,0,34.7
2023-07-02,Station Road,Gajak,Sweet,3,320,960,Sunday,1,0,None,59,1,0,34.7
2023-07-02,Station Road,Soan Papdi,Sweet,42,300,12600,Sunday,1,0,None,59,1,0,34.7
2023-07-02,Station Road,Bikaneri Bhujia,Namkeen,144,360,51840,Sunday,1,0,None,59,1,0,34.7
2023-07-02,Station Road,Aloo Bhujia,Namkeen,73,300,21900,Sunday,1,0,None,59,1,0,34.7
2023-07-03,Station Road,Rasgulla,Sweet,45,280,12600,Monday,0,0,None,58,1,0,35.9
2023-07-03,Station Road,Gulab Jamun,Sweet,48,300,14400,Monday,0,0,None,58,1,0,35.9
2023-07-03,Station Road,Kaju Katli,Sweet,23,900,20700,Monday,0,0,None,58,1,0,35.9
2023-07-03,Station Road,Besan Barfi,Sweet,38,378,14364,Monday,0,0,None,58,1,1,35.9
2023-07-03,Station Road,Motichoor Laddu,Sweet,40,380,15200,Monday,0,0,None,58,1,0,35.9
2023-07-03,Station Road,Ghewar,Sweet,49,500,24500,Monday,0,0,None,58,1,0,35.9
2023-07-03,Station Road,Gajak,Sweet,2,288,576,Monday,0,0,None,58,1,1,35.9
2023-07-03,Station Road,Soan Papdi,Sweet,22,300,6600,Monday,0,0,None,58,1,0,35.9
2023-07-03,Station Road,Bikaneri Bhujia,Namkeen,96,360,34560,Monday,0,0,None,58,1,0,35.9
2023-07-03,Station Road,Aloo Bhujia,Namkeen,44,300,13200,Monday,0,0,None,58,1,0,35.9
2023-07-04,Station Road,Rasgulla,Sweet,49,280,13720,Tuesday,0,0,None,57,1,0,39.2
2023-07-04,Station Road,Gulab Jamun,Sweet,52,300,15600,Tuesday,0,0,None,57,1,0,39.2
2023-07-04,Station Road,Kaju Katli,Sweet,24,900,21600,Tuesday,0,0,None,57,1,0,39.2
2023-07-04,Station Road,Besan Barfi,Sweet,36,420,15120,Tuesday,0,0,None,57,1,0,39.2
2023-07-04,Station Road,Motichoor Laddu,Sweet,30,380,11400,Tuesday,0,0,None,57,1,0,39.2
2023-07-04,Station Road,Ghewar,Sweet,43,500,21500,Tuesday,0,0,None,57,1,0,39.2
2023-07-04,Station Road,Gajak,Sweet,2,288,576,Tuesday,0,0,None,57,1,1,39.2
2023-07-04,Station Road,Soan Papdi,Sweet,25,300,7500,Tuesday,0,0,None,57,1,0,39.2
2023-07-04,Station Road,Bikaneri Bhujia,Namkeen,97,360,34920,Tuesday,0,0,None,57,1,0,39.2
2023-07-04,Station Road,Aloo Bhujia,Namkeen,46,300,13800,Tuesday,0,0,None,57,1,0,39.2
2023-07-05,Station Road,Rasgulla,Sweet,39,280,10920,Wednesday,0,0,None,56,1,0,33.3
2023-07-05,Station Road,Gulab Jamun,Sweet,58,300,17400,Wednesday,0,0,None,56,1,0,33.3
2023-07-05,Station Road,Kaju Katli,Sweet,31,900,27900,Wednesday,0,0,None,56,1,0,33.3
2023-07-05,Station Road,Besan Barfi,Sweet,39,420,16380,Wednesday,0,0,None,56,1,0,33.3
2023-07-05,Station Road,Motichoor Laddu,Sweet,36,380,13680,Wednesday,0,0,None,56,1,0,33.3
2023-07-05,Station Road,Ghewar,Sweet,71,450,31950,Wednesday,0,0,None,56,1,1,33.3
2023-07-05,Station Road,Gajak,Sweet,2,320,640,Wednesday,0,0,None,56,1,0,33.3
2023-07-05,Station Road,Soan Papdi,Sweet,25,300,7500,Wednesday,0,0,None,56,1,0,33.3
2023-07-05,Station Road,Bikaneri Bhujia,Namkeen,117,360,42120,Wednesday,0,0,None,56,1,0,33.3
2023-07-05,Station Road,Aloo Bhujia,Namkeen,40,300,12000,Wednesday,0,0,None,56,1,0,33.3
2023-07-06,Station Road,Rasgulla,Sweet,44,280,12320,Thursday,0,0,None,55,1,0,35.3
2023-07-06,Station Road,Gulab Jamun,Sweet,45,300,13500,Thursday,0,0,None,55,1,0,35.3
2023-07-06,Station Road,Kaju Katli,Sweet,28,900,25200,Thursday,0,0,None,55,1,0,35.3
2023-07-06,Station Road,Besan Barfi,Sweet,34,420,14280,Thursday,0,0,None,55,1,0,35.3
2023-07-06,Station Road,Motichoor Laddu,Sweet,35,380,13300,Thursday,0,0,None,55,1,0,35.3
2023-07-06,Station Road,Ghewar,Sweet,68,500,34000,Thursday,0,0,None,55,1,0,35.3
2023-07-06,Station Road,Gajak,Sweet,2,320,640,Thursday,0,0,None,55,1,0,35.3
2023-07-06,Station Road,Soan Papdi,Sweet,23,300,6900,Thursday,0,0,None,55,1,0,35.3
2023-07-06,Station Road,Bikaneri Bhujia,Namkeen,107,360,38520,Thursday,0,0,None,55,1,0,35.3
2023-07-06,Station Road,Aloo Bhujia,Namkeen,49,300,14700,Thursday,0,0,None,55,1,0,35.3
2023-07-07,Station Road,Rasgulla,Sweet,63,280,17640,Friday,0,0,None,54,1,0,37.2
2023-07-07,Station Road,Gulab Jamun,Sweet,58,300,17400,Friday,0,0,None,54,1,0,37.2
2023-07-07,Station Road,Kaju Katli,Sweet,37,810,29970,Friday,0,0,None,54,1,1,37.2
2023-07-07,Station Road,Besan Barfi,Sweet,47,420,19740,Friday,0,0,None,54,1,0,37.2
2023-07-07,Station Road,Motichoor Laddu,Sweet,42,380,15960,Friday,0,0,None,54,1,0,37.2
2023-07-07,Station Road,Ghewar,Sweet,78,500,39000,Friday,0,0,None,54,1,0,37.2
2023-07-07,Station Road,Gajak,Sweet,0,320,0,Friday,0,0,None,54,1,0,37.2
2023-07-07,Station Road,Soan Papdi,Sweet,36,300,10800,Friday,0,0,None,54,1,0,37.2
2023-07-07,Station Road,Bikaneri Bhujia,Namkeen,128,360,46080,Friday,0,0,None,54,1,0,37.2
2023-07-07,Station Road,Aloo Bhujia,Namkeen,57,300,17100,Friday,0,0,None,54,1,0,37.2
2023-07-08,Station Road,Rasgulla,Sweet,65,280,18200,Saturday,1,0,None,53,1,0,37.6
2023-07-08,Station Road,Gulab Jamun,Sweet,70,300,21000,Saturday,1,0,None,53,1,0,37.6
2023-07-08,Station Road,Kaju Katli,Sweet,43,900,38700,Saturday,1,0,None,53,1,0,37.6
2023-07-08,Station Road,Besan Barfi,Sweet,52,420,21840,Saturday,1,0,None,53,1,0,37.6
2023-07-08,Station Road,Motichoor Laddu,Sweet,54,380,20520,Saturday,1,0,None,53,1,0,37.6
2023-07-08,Station Road,Ghewar,Sweet,85,500,42500,Saturday,1,0,None,53,1,0,37.6
2023-07-08,Station Road,Gajak,Sweet,1,320,320,Saturday,1,0,None,53,1,0,37.6
2023-07-08,Station Road,Soan Papdi,Sweet,34,300,10200,Saturday,1,0,None,53,1,0,37.6
2023-07-08,Station Road,Bikaneri Bhujia,Namkeen,156,360,56160,Saturday,1,0,None,53,1,0,37.6
2023-07-08,Station Road,Aloo Bhujia,Namkeen,50,300,15000,Saturday,1,0,None,53,1,0,37.6
2023-07-09,Station Road,Rasgulla,Sweet,68,280,19040,Sunday,1,0,None,52,1,0,34.9
2023-07-09,Station Road,Gulab Jamun,Sweet,79,300,23700,Sunday,1,0,None,52,1,0,34.9
2023-07-09,Station Road,Kaju Katli,Sweet,56,900,50400,Sunday,1,0,None,52,1,0,34.9
2023-07-09,Station Road,Besan Barfi,Sweet,55,420,23100,Sunday,1,0,None,52,1,0,34.9
2023-07-09,Station Road,Motichoor Laddu,Sweet,48,380,18240,Sunday,1,0,None,52,1,0,34.9
2023-07-09,Station Road,Ghewar,Sweet,89,500,44500,Sunday,1,0,None,52,1,0,34.9
2023-07-09,Station Road,Gajak,Sweet,0,320,0,Sunday,1,0,None,52,1,0,34.9
2023-07-09,Station Road,Soan Papdi,Sweet,36,300,10800,Sunday,1,0,None,52,1,0,34.9
2023-07-09,Station Road,Bikaneri Bhujia,Namkeen,162,360,58320,Sunday,1,0,None,52,1,0,34.9
2023-07-09,Station Road,Aloo Bhujia,Namkeen,66,300,19800,Sunday,1,0,None,52,1,0,34.9
2023-07-10,Station Road,Rasgulla,Sweet,39,280,10920,Monday,0,0,None,51,1,0,34.2
2023-07-10,Station Road,Gulab Jamun,Sweet,57,300,17100,Monday,0,0,None,51,1,0,34.2
2023-07-10,Station Road,Kaju Katli,Sweet,22,900,19800,Monday,0,0,None,51,1,0,34.2
2023-07-10,Station Road,Besan Barfi,Sweet,43,420,18060,Monday,0,0,None,51,1,0,34.2
2023-07-10,Station Road,Motichoor Laddu,Sweet,33,380,12540,Monday,0,0,None,51,1,0,34.2
2023-07-10,Station Road,Ghewar,Sweet,49,500,24500,Monday,0,0,None,51,1,0,34.2
2023-07-10,Station Road,Gajak,Sweet,1,320,320,Monday,0,0,None,51,1,0,34.2
2023-07-10,Station Road,Soan Papdi,Sweet,24,300,7200,Monday,0,0,None,51,1,0,34.2
2023-07-10,Station Road,Bikaneri Bhujia,Namkeen,105,360,37800,Monday,0,0,None,51,1,0,34.2
2023-07-10,Station Road,Aloo Bhujia,Namkeen,40,300,12000,Monday,0,0,None,51,1,0,34.2
2023-07-11,Station Road,Rasgulla,Sweet,49,280,13720,Tuesday,0,0,None,50,1,0,33.5
2023-07-11,Station Road,Gulab Jamun,Sweet,54,300,16200,Tuesday,0,0,None,50,1,0,33.5
2023-07-11,Station Road,Kaju Katli,Sweet,30,900,27000,Tuesday,0,0,None,50,1,0,33.5
2023-07-11,Station Road,Besan Barfi,Sweet,40,420,16800,Tuesday,0,0,None,50,1,0,33.5
2023-07-11,Station Road,Motichoor Laddu,Sweet,24,380,9120,Tuesday,0,0,None,50,1,0,33.5
2023-07-11,Station Road,Ghewar,Sweet,45,500,22500,Tuesday,0,0,None,50,1,0,33.5
2023-07-11,Station Road,Gajak,Sweet,3,288,864,Tuesday,0,0,None,50,1,1,33.5
2023-07-11,Station Road,Soan Papdi,Sweet,20,300,6000,Tuesday,0,0,None,50,1,0,33.5
2023-07-11,Station Road,Bikaneri Bhujia,Namkeen,109,360,39240,Tuesday,0,0,None,50,1,0,33.5
2023-07-11,Station Road,Aloo Bhujia,Namkeen,38,300,11400,Tuesday,0,0,None,50,1,0,33.5
2023-07-12,Station Road,Rasgulla,Sweet,53,280,14840,Wednesday,0,0,None,49,1,0,39.7
2023-07-12,Station Road,Gulab Jamun,Sweet,50,300,15000,Wednesday,0,0,None,49,1,0,39.7
2023-07-12,Station Road,Kaju Katli,Sweet,35,900,31500,Wednesday,0,0,None,49,1,0,39.7
2023-07-12,Station Road,Besan Barfi,Sweet,39,420,16380,Wednesday,0,0,None,49,1,0,39.7
2023-07-12,Station Road,Motichoor Laddu,Sweet,31,380,11780,Wednesday,0,0,None,49,1,0,39.7
2023-07-12,Station Road,Ghewar,Sweet,51,500,25500,Wednesday,0,0,None,49,1,0,39.7
2023-07-12,Station Road,Gajak,Sweet,4,320,1280,Wednesday,0,0,None,49,1,0,39.7
2023-07-12,Station Road,Soan Papdi,Sweet,20,300,6000,Wednesday,0,0,None,49,1,0,39.7
2023-07-12,Station Road,Bikaneri Bhujia,Namkeen,108,360,38880,Wednesday,0,0,None,49,1,0,39.7
2023-07-12,Station Road,Aloo Bhujia,Namkeen,48,300,14400,Wednesday,0,0,None,49,1,0,39.7
2023-07-13,Station Road,Rasgulla,Sweet,60,280,16800,Thursday,0,0,None,48,1,0,38.7
2023-07-13,Station Road,Gulab Jamun,Sweet,45,300,13500,Thursday,0,0,None,48,1,0,38.7
2023-07-13,Station Road,Kaju Katli,Sweet,34,900,30600,Thursday,0,0,None,48,1,0,38.7
2023-07-13,Station Road,Besan Barfi,Sweet,39,420,16380,Thursday,0,0,None,48,1,0,38.7
2023-07-13,Station Road,Motichoor Laddu,Sweet,32,380,12160,Thursday,0,0,None,48,1,0,38.7
2023-07-13,Station Road,Ghewar,Sweet,47,500,23500,Thursday,0,0,None,48,1,0,38.7
2023-07-13,Station Road,Gajak,Sweet,0,320,0,Thursday,0,0,None,48,1,0,38.7
2023-07-13,Station Road,Soan Papdi,Sweet,26,300,7800,Thursday,0,0,None,48,1,0,38.7
2023-07-13,Station Road,Bikaneri Bhujia,Namkeen,112,360,40320,Thursday,0,0,None,48,1,0,38.7
2023-07-13,Station Road,Aloo Bhujia,Namkeen,37,300,11100,Thursday,0,0,None,48,1,0,38.7
2023-07-14,Station Road,Rasgulla,Sweet,77,280,21560,Friday,0,0,None,47,1,0,38.7
2023-07-14,Station Road,Gulab Jamun,Sweet,57,300,17100,Friday,0,0,None,47,1,0,38.7
2023-07-14,Station Road,Kaju Katli,Sweet,25,900,22500,Friday,0,0,None,47,1,0,38.7
2023-07-14,Station Road,Besan Barfi,Sweet,37,420,15540,Friday,0,0,None,47,1,0,38.7
2023-07-14,Station Road,Motichoor Laddu,Sweet,44,380,16720,Friday,0,0,None,47,1,0,38.7
2023-07-14,Station Road,Ghewar,Sweet,73,500,36500,Friday,0,0,None,47,1,0,38.7
2023-07-14,Station Road,Gajak,Sweet,4,320,1280,Friday,0,0,None,47,1,0,38.7
2023-07-14,Station Road,Soan Papdi,Sweet,27,300,8100,Friday,0,0,None,47,1,0,38.7
2023-07-14,Station Road,Bikaneri Bhujia,Namkeen,120,360,43200,Friday,0,0,None,47,1,0,38.7
2023-07-14,Station Road,Aloo Bhujia,Namkeen,61,270,16470,Friday,0,0,None,47,1,1,38.7
2023-07-15,Station Road,Rasgulla,Sweet,59,280,16520,Saturday,1,0,None,46,1,0,35.2
2023-07-15,Station Road,Gulab Jamun,Sweet,65,300,19500,Saturday,1,0,None,46,1,0,35.2
2023-07-15,Station Road,Kaju Katli,Sweet,48,900,43200,Saturday,1,0,None,46,1,0,35.2
2023-07-15,Station Road,Besan Barfi,Sweet,58,420,24360,Saturday,1,0,None,46,1,0,35.2
2023-07-15,Station Road,Motichoor Laddu,Sweet,70,380,26600,Saturday,1,0,None,46,1,0,35.2
2023-07-15,Station Road,Ghewar,Sweet,79,500,39500,Saturday,1,0,None,46,1,0,35.2
2023-07-15,Station Road,Gajak,Sweet,1,320,320,Saturday,1,0,None,46,1,0,35.2
2023-07-15,Station Road,Soan Papdi,Sweet,25,300,7500,Saturday,1,0,None,46,1,0,35.2
2023-07-15,Station Road,Bikaneri Bhujia,Namkeen,131,360,47160,Saturday,1,0,None,46,1,0,35.2
2023-07-15,Station Road,Aloo Bhujia,Namkeen,50,300,15000,Saturday,1,0,None,46,1,0,35.2
2023-07-16,Station Road,Rasgulla,Sweet,68,280,19040,Sunday,1,0,None,45,1,0,35.7
2023-07-16,Station Road,Gulab Jamun,Sweet,98,300,29400,Sunday,1,0,None,45,1,0,35.7
2023-07-16,Station Road,Kaju Katli,Sweet,53,900,47700,Sunday,1,0,None,45,1,0,35.7
2023-07-16,Station Road,Besan Barfi,Sweet,60,420,25200,Sunday,1,0,None,45,1,0,35.7
2023-07-16,Station Road,Motichoor Laddu,Sweet,62,380,23560,Sunday,1,0,None,45,1,0,35.7
2023-07-16,Station Road,Ghewar,Sweet,92,500,46000,Sunday,1,0,None,45,1,0,35.7
2023-07-16,Station Road,Gajak,Sweet,1,320,320,Sunday,1,0,None,45,1,0,35.7
2023-07-16,Station Road,Soan Papdi,Sweet,37,300,11100,Sunday,1,0,None,45,1,0,35.7
2023-07-16,Station Road,Bikaneri Bhujia,Namkeen,164,360,59040,Sunday,1,0,None,45,1,0,35.7
2023-07-16,Station Road,Aloo Bhujia,Namkeen,59,300,17700,Sunday,1,0,None,45,1,0,35.7
2023-07-17,Station Road,Rasgulla,Sweet,41,280,11480,Monday,0,0,None,44,1,0,35.5
2023-07-17,Station Road,Gulab Jamun,Sweet,47,300,14100,Monday,0,0,None,44,1,0,35.5
2023-07-17,Station Road,Kaju Katli,Sweet,33,900,29700,Monday,0,0,None,44,1,0,35.5
2023-07-17,Station Road,Besan Barfi,Sweet,54,420,22680,Monday,0,0,None,44,1,0,35.5
2023-07-17,Station Road,Motichoor Laddu,Sweet,37,380,14060,Monday,0,0,None,44,1,0,35.5
2023-07-17,Station Road,Ghewar,Sweet,53,500,26500,Monday,0,0,None,44,1,0,35.5
2023-07-17,Station Road,Gajak,Sweet,2,320,640,Monday,0,0,None,44,1,0,35.5
2023-07-17,Station Road,Soan Papdi,Sweet,30,300,9000,Monday,0,0,None,44,1,0,35.5
2023-07-17,Station Road,Bikaneri Bhujia,Namkeen,98,360,35280,Monday,0,0,None,44,1,0,35.5
2023-07-17,Station Road,Aloo Bhujia,Namkeen,38,300,11400,Monday,0,0,None,44,1,0,35.5
2023-07-18,Station Road,Rasgulla,Sweet,44,280,12320,Tuesday,0,0,None,43,1,0,35.5
2023-07-18,Station Road,Gulab Jamun,Sweet,42,300,12600,Tuesday,0,0,None,43,1,0,35.5
2023-07-18,Station Road,Kaju Katli,Sweet,25,900,22500,Tuesday,0,0,None,43,1,0,35.5
2023-07-18,Station Road,Besan Barfi,Sweet,43,420,18060,Tuesday,0,0,None,43,1,0,35.5
2023-07-18,Station Road,Motichoor Laddu,Sweet,40,380,15200,Tuesday,0,0,None,43,1,0,35.5
2023-07-18,Station Road,Ghewar,Sweet,60,500,30000,Tuesday,0,0,None,43,1,0,35.5
2023-07-18,Station Road,Gajak,Sweet,4,320,1280,Tuesday,0,0,None,43,1,0,35.5
2023-07-18,Station Road,Soan Papdi,Sweet,34,300,10200,Tuesday,0,0,None,43,1,0,35.5
2023-07-18,Station Road,Bikaneri Bhujia,Namkeen,104,360,37440,Tuesday,0,0,None,43,1,0,35.5
2023-07-18,Station Road,Aloo Bhujia,Namkeen,39,300,11700,Tuesday,0,0,None,43,1,0,35.5
2023-07-19,Station Road,Rasgulla,Sweet,49,280,13720,Wednesday,0,0,None,42,1,0,34.7
2023-07-19,Station Road,Gulab Jamun,Sweet,50,300,15000,Wednesday,0,0,None,42,1,0,34.7
2023-07-19,Station Road,Kaju Katli,Sweet,30,900,27000,Wednesday,0,0,None,42,1,0,34.7
2023-07-19,Station Road,Besan Barfi,Sweet,44,420,18480,Wednesday,0,0,None,42,1,0,34.7
2023-07-19,Station Road,Motichoor Laddu,Sweet,36,380,13680,Wednesday,0,0,None,42,1,0,34.7
2023-07-19,Station Road,Ghewar,Sweet,49,500,24500,Wednesday,0,0,None,42,1,0,34.7
2023-07-19,Station Road,Gajak,Sweet,1,320,320,Wednesday,0,0,None,42,1,0,34.7
2023-07-19,Station Road,Soan Papdi,Sweet,18,300,5400,Wednesday,0,0,None,42,1,0,34.7
2023-07-19,Station Road,Bikaneri Bhujia,Namkeen,113,360,40680,Wednesday,0,0,None,42,1,0,34.7
2023-07-19,Station Road,Aloo Bhujia,Namkeen,45,300,13500,Wednesday,0,0,None,42,1,0,34.7
2023-07-20,Station Road,Rasgulla,Sweet,42,280,11760,Thursday,0,0,None,41,1,0,35.3
2023-07-20,Station Road,Gulab Jamun,Sweet,62,300,18600,Thursday,0,0,None,41,1,0,35.3
2023-07-20,Station Road,Kaju Katli,Sweet,41,900,36900,Thursday,0,0,None,41,1,0,35.3
2023-07-20,Station Road,Besan Barfi,Sweet,46,420,19320,Thursday,0,0,None,41,1,0,35.3
2023-07-20,Station Road,Motichoor Laddu,Sweet,33,380,12540,Thursday,0,0,None,41,1,0,35.3
2023-07-20,Station Road,Ghewar,Sweet,50,500,25000,Thursday,0,0,None,41,1,0,35.3
2023-07-20,Station Road,Gajak,Sweet,0,320,0,Thursday,0,0,None,41,1,0,35.3
2023-07-20,Station Road,Soan Papdi,Sweet,22,300,6600,Thursday,0,0,None,41,1,0,35.3
2023-07-20,Station Road,Bikaneri Bhujia,Namkeen,106,360,38160,Thursday,0,0,None,41,1,0,35.3
2023-07-20,Station Road,Aloo Bhujia,Namkeen,41,300,12300,Thursday,0,0,None,41,1,0,35.3
2023-07-21,Station Road,Rasgulla,Sweet,57,280,15960,Friday,0,0,None,40,1,0,38.7
2023-07-21,Station Road,Gulab Jamun,Sweet,70,300,21000,Friday,0,0,None,40,1,0,38.7
2023-07-21,Station Road,Kaju Katli,Sweet,47,900,42300,Friday,0,0,None,40,1,0,38.7
2023-07-21,Station Road,Besan Barfi,Sweet,48,420,20160,Friday,0,0,None,40,1,0,38.7
2023-07-21,Station Road,Motichoor Laddu,Sweet,51,380,19380,Friday,0,0,None,40,1,0,38.7
2023-07-21,Station Road,Ghewar,Sweet,48,500,24000,Friday,0,0,None,40,1,0,38.7
2023-07-21,Station Road,Gajak,Sweet,1,320,320,Friday,0,0,None,40,1,0,38.7
2023-07-21,Station Road,Soan Papdi,Sweet,34,300,10200,Friday,0,0,None,40,1,0,38.7
2023-07-21,Station Road,Bikaneri Bhujia,Namkeen,157,324,50868,Friday,0,0,None,40,1,1,38.7
2023-07-21,Station Road,Aloo Bhujia,Namkeen,52,300,15600,Friday,0,0,None,40,1,0,38.7
2023-07-22,Station Road,Rasgulla,Sweet,80,280,22400,Saturday,1,0,None,39,1,0,31.8
2023-07-22,Station Road,Gulab Jamun,Sweet,79,300,23700,Saturday,1,0,None,39,1,0,31.8
2023-07-22,Station Road,Kaju Katli,Sweet,49,900,44100,Saturday,1,0,None,39,1,0,31.8
2023-07-22,Station Road,Besan Barfi,Sweet,60,420,25200,Saturday,1,0,None,39,1,0,31.8
2023-07-22,Station Road,Motichoor Laddu,Sweet,63,380,23940,Saturday,1,0,None,39,1,0,31.8
2023-07-22,Station Road,Ghewar,Sweet,81,500,40500,Saturday,1,0,None,39,1,0,31.8
2023-07-22,Station Road,Gajak,Sweet,2,320,640,Saturday,1,0,None,39,1,0,31.8
2023-07-22,Station Road,Soan Papdi,Sweet,35,300,10500,Saturday,1,0,None,39,1,0,31.8
2023-07-22,Station Road,Bikaneri Bhujia,Namkeen,163,360,58680,Saturday,1,0,None,39,1,0,31.8
2023-07-22,Station Road,Aloo Bhujia,Namkeen,57,300,17100,Saturday,1,0,None,39,1,0,31.8
2023-07-23,Station Road,Rasgulla,Sweet,68,280,19040,Sunday,1,0,None,38,1,0,34.7
2023-07-23,Station Road,Gulab Jamun,Sweet,76,300,22800,Sunday,1,0,None,38,1,0,34.7
2023-07-23,Station Road,Kaju Katli,Sweet,42,900,37800,Sunday,1,0,None,38,1,0,34.7
2023-07-23,Station Road,Besan Barfi,Sweet,58,420,24360,Sunday,1,0,None,38,1,0,34.7
2023-07-23,Station Road,Motichoor Laddu,Sweet,69,380,26220,Sunday,1,0,None,38,1,0,34.7
2023-07-23,Station Road,Ghewar,Sweet,79,500,39500,Sunday,1,0,None,38,1,0,34.7
2023-07-23,Station Road,Gajak,Sweet,3,320,960,Sunday,1,0,None,38,1,0,34.7
2023-07-23,Station Road,Soan Papdi,Sweet,38,300,11400,Sunday,1,0,None,38,1,0,34.7
2023-07-23,Station Road,Bikaneri Bhujia,Namkeen,177,360,63720,Sunday,1,0,None,38,1,0,34.7
2023-07-23,Station Road,Aloo Bhujia,Namkeen,74,300,22200,Sunday,1,0,None,38,1,0,34.7
2023-07-24,Station Road,Rasgulla,Sweet,43,280,12040,Monday,0,0,None,37,1,0,37.7
2023-07-24,Station Road,Gulab Jamun,Sweet,42,300,12600,Monday,0,0,None,37,1,0,37.7
2023-07-24,Station Road,Kaju Katli,Sweet,45,900,40500,Monday,0,0,None,37,1,0,37.7
2023-07-24,Station Road,Besan Barfi,Sweet,37,420,15540,Monday,0,0,None,37,1,0,37.7
2023-07-24,Station Road,Motichoor Laddu,Sweet,32,380,12160,Monday,0,0,None,37,1,0,37.7
2023-07-24,Station Road,Ghewar,Sweet,64,500,32000,Monday,0,0,None,37,1,0,37.7
2023-07-24,Station Road,Gajak,Sweet,0,320,0,Monday,0,0,None,37,1,0,37.7
2023-07-24,Station Road,Soan Papdi,Sweet,20,300,6000,Monday,0,0,None,37,1,0,37.7
2023-07-24,Station Road,Bikaneri Bhujia,Namkeen,114,360,41040,Monday,0,0,None,37,1,0,37.7
2023-07-24,Station Road,Aloo Bhujia,Namkeen,40,300,12000,Monday,0,0,None,37,1,0,37.7
2023-07-25,Station Road,Rasgulla,Sweet,60,280,16800,Tuesday,0,0,None,36,1,0,37.3
2023-07-25,Station Road,Gulab Jamun,Sweet,57,300,17100,Tuesday,0,0,None,36,1,0,37.3
2023-07-25,Station Road,Kaju Katli,Sweet,27,900,24300,Tuesday,0,0,None,36,1,0,37.3
2023-07-25,Station Road,Besan Barfi,Sweet,47,420,19740,Tuesday,0,0,None,36,1,0,37.3
2023-07-25,Station Road,Motichoor Laddu,Sweet,36,380,13680,Tuesday,0,0,None,36,1,0,37.3
2023-07-25,Station Road,Ghewar,Sweet,55,500,27500,Tuesday,0,0,None,36,1,0,37.3
2023-07-25,Station Road,Gajak,Sweet,3,288,864,Tuesday,0,0,None,36,1,1,37.3
2023-07-25,Station Road,Soan Papdi,Sweet,26,300,7800,Tuesday,0,0,None,36,1,0,37.3
2023-07-25,Station Road,Bikaneri Bhujia,Namkeen,106,360,38160,Tuesday,0,0,None,36,1,0,37.3
2023-07-25,Station Road,Aloo Bhujia,Namkeen,49,300,14700,Tuesday,0,0,None,36,1,0,37.3
2023-07-26,Station Road,Rasgulla,Sweet,41,280,11480,Wednesday,0,0,None,35,1,0,35.3
2023-07-26,Station Road,Gulab Jamun,Sweet,59,300,17700,Wednesday,0,0,None,35,1,0,35.3
2023-07-26,Station Road,Kaju Katli,Sweet,27,900,24300,Wednesday,0,0,None,35,1,0,35.3
2023-07-26,Station Road,Besan Barfi,Sweet,47,420,19740,Wednesday,0,0,None,35,1,0,35.3
2023-07-26,Station Road,Motichoor Laddu,Sweet,30,380,11400,Wednesday,0,0,None,35,1,0,35.3
2023-07-26,Station Road,Ghewar,Sweet,45,500,22500,Wednesday,0,0,None,35,1,0,35.3
2023-07-26,Station Road,Gajak,Sweet,4,320,1280,Wednesday,0,0,None,35,1,0,35.3
2023-07-26,Station Road,Soan Papdi,Sweet,26,300,7800,Wednesday,0,0,None,35,1,0,35.3
2023-07-26,Station Road,Bikaneri Bhujia,Namkeen,106,360,38160,Wednesday,0,0,None,35,1,0,35.3
2023-07-26,Station Road,Aloo Bhujia,Namkeen,39,300,11700,Wednesday,0,0,None,35,1,0,35.3
2023-07-27,Station Road,Rasgulla,Sweet,50,280,14000,Thursday,0,0,None,34,1,0,37.7
2023-07-27,Station Road,Gulab Jamun,Sweet,45,300,13500,Thursday,0,0,None,34,1,0,37.7
2023-07-27,Station Road,Kaju Katli,Sweet,36,900,32400,Thursday,0,0,None,34,1,0,37.7
2023-07-27,Station Road,Besan Barfi,Sweet,56,420,23520,Thursday,0,0,None,34,1,0,37.7
2023-07-27,Station Road,Motichoor Laddu,Sweet,32,380,12160,Thursday,0,0,None,34,1,0,37.7
2023-07-27,Station Road,Ghewar,Sweet,51,500,25500,Thursday,0,0,None,34,1,0,37.7
2023-07-27,Station Road,Gajak,Sweet,1,320,320,Thursday,0,0,None,34,1,0,37.7
2023-07-27,Station Road,Soan Papdi,Sweet,25,300,7500,Thursday,0,0,None,34,1,0,37.7
2023-07-27,Station Road,Bikaneri Bhujia,Namkeen,127,360,45720,Thursday,0,0,None,34,1,0,37.7
2023-07-27,Station Road,Aloo Bhujia,Namkeen,45,300,13500,Thursday,0,0,None,34,1,0,37.7
2023-07-28,Station Road,Rasgulla,Sweet,50,280,14000,Friday,0,0,None,33,1,0,34.5
2023-07-28,Station Road,Gulab Jamun,Sweet,68,300,20400,Friday,0,0,None,33,1,0,34.5
2023-07-28,Station Road,Kaju Katli,Sweet,42,900,37800,Friday,0,0,None,33,1,0,34.5
2023-07-28,Station Road,Besan Barfi,Sweet,51,420,21420,Friday,0,0,None,33,1,0,34.5
2023-07-28,Station Road,Motichoor Laddu,Sweet,44,380,16720,Friday,0,0,None,33,1,0,34.5
2023-07-28,Station Road,Ghewar,Sweet,77,500,38500,Friday,0,0,None,33,1,0,34.5
2023-07-28,Station Road,Gajak,Sweet,2,320,640,Friday,0,0,None,33,1,0,34.5
2023-07-28,Station Road,Soan Papdi,Sweet,31,300,9300,Friday,0,0,None,33,1,0,34.5
2023-07-28,Station Road,Bikaneri Bhujia,Namkeen,130,360,46800,Friday,0,0,None,33,1,0,34.5
2023-07-28,Station Road,Aloo Bhujia,Namkeen,46,270,12420,Friday,0,0,None,33,1,1,34.5
2023-07-29,Station Road,Rasgulla,Sweet,58,280,16240,Saturday,1,0,None,32,1,0,33.4
2023-07-29,Station Road,Gulab Jamun,Sweet,81,300,24300,Saturday,1,0,None,32,1,0,33.4
2023-07-29,Station Road,Kaju Katli,Sweet,36,900,32400,Saturday,1,0,None,32,1,0,33.4
2023-07-29,Station Road,Besan Barfi,Sweet,37,420,15540,Saturday,1,0,None,32,1,0,33.4
2023-07-29,Station Road,Motichoor Laddu,Sweet,51,380,19380,Saturday,1,0,None,32,1,0,33.4
2023-07-29,Station Road,Ghewar,Sweet,76,500,38000,Saturday,1,0,None,32,1,0,33.4
2023-07-29,Station Road,Gajak,Sweet,2,320,640,Saturday,1,0,None,32,1,0,33.4
2023-07-29,Station Road,Soan Papdi,Sweet,25,300,7500,Saturday,1,0,None,32,1,0,33.4
2023-07-29,Station Road,Bikaneri Bhujia,Namkeen,153,360,55080,Saturday,1,0,None,32,1,0,33.4
2023-07-29,Station Road,Aloo Bhujia,Namkeen,54,300,16200,Saturday,1,0,None,32,1,0,33.4
2023-07-30,Station Road,Rasgulla,Sweet,85,280,23800,Sunday,1,0,None,31,1,0,33.8
2023-07-30,Station Road,Gulab Jamun,Sweet,77,300,23100,Sunday,1,0,None,31,1,0,33.8
2023-07-30,Station Road,Kaju Katli,Sweet,37,900,33300,Sunday,1,0,None,31,1,0,33.8
2023-07-30,Station Road,Besan Barfi,Sweet,46,378,17388,Sunday,1,0,None,31,1,1,33.8
2023-07-30,Station Road,Motichoor Laddu,Sweet,50,380,19000,Sunday,1,0,None,31,1,0,33.8
2023-07-30,Station Road,Ghewar,Sweet,94,500,47000,Sunday,1,0,None,31,1,0,33.8
2023-07-30,Station Road,Gajak,Sweet,2,320,640,Sunday,1,0,None,31,1,0,33.8
2023-07-30,Station Road,Soan Papdi,Sweet,33,300,9900,Sunday,1,0,None,31,1,0,33.8
2023-07-30,Station Road,Bikaneri Bhujia,Namkeen,171,360,61560,Sunday,1,0,None,31,1,0,33.8
2023-07-30,Station Road,Aloo Bhujia,Namkeen,58,300,17400,Sunday,1,0,None,31,1,0,33.8
2023-07-31,Station Road,Rasgulla,Sweet,47,280,13160,Monday,0,0,None,30,1,0,34.8
2023-07-31,Station Road,Gulab Jamun,Sweet,38,300,11400,Monday,0,0,None,30,1,0,34.8
2023-07-31,Station Road,Kaju Katli,Sweet,37,900,33300,Monday,0,0,None,30,1,0,34.8
2023-07-31,Station Road,Besan Barfi,Sweet,37,420,15540,Monday,0,0,None,30,1,0,34.8
2023-07-31,Station Road,Motichoor Laddu,Sweet,32,380,12160,Monday,0,0,None,30,1,0,34.8
2023-07-31,Station Road,Ghewar,Sweet,65,500,32500,Monday,0,0,None,30,1,0,34.8
2023-07-31,Station Road,Gajak,Sweet,0,320,0,Monday,0,0,None,30,1,0,34.8
2023-07-31,Station Road,Soan Papdi,Sweet,22,300,6600,Monday,0,0,None,30,1,0,34.8
2023-07-31,Station Road,Bikaneri Bhujia,Namkeen,119,360,42840,Monday,0,0,None,30,1,0,34.8
2023-07-31,Station Road,Aloo Bhujia,Namkeen,42,300,12600,Monday,0,0,None,30,1,0,34.8
2023-08-01,Station Road,Rasgulla,Sweet,33,280,9240,Tuesday,0,0,None,29,0,0,34.5
2023-08-01,Station Road,Gulab Jamun,Sweet,62,300,18600,Tuesday,0,0,None,29,0,0,34.5
2023-08-01,Station Road,Kaju Katli,Sweet,21,900,18900,Tuesday,0,0,None,29,0,0,34.5
2023-08-01,Station Road,Besan Barfi,Sweet,24,420,10080,Tuesday,0,0,None,29,0,0,34.5
2023-08-01,Station Road,Motichoor Laddu,Sweet,23,380,8740,Tuesday,0,0,None,29,0,0,34.5
2023-08-01,Station Road,Ghewar,Sweet,44,500,22000,Tuesday,0,0,None,29,0,0,34.5
2023-08-01,Station Road,Gajak,Sweet,0,320,0,Tuesday,0,0,None,29,0,0,34.5
2023-08-01,Station Road,Soan Papdi,Sweet,12,300,3600,Tuesday,0,0,None,29,0,0,34.5
2023-08-01,Station Road,Bikaneri Bhujia,Namkeen,92,360,33120,Tuesday,0,0,None,29,0,0,34.5
2023-08-01,Station Road,Aloo Bhujia,Namkeen,43,300,12900,Tuesday,0,0,None,29,0,0,34.5
2023-08-02,Station Road,Rasgulla,Sweet,58,280,16240,Wednesday,0,0,None,28,0,0,33.7
2023-08-02,Station Road,Gulab Jamun,Sweet,50,300,15000,Wednesday,0,0,None,28,0,0,33.7
2023-08-02,Station Road,Kaju Katli,Sweet,24,900,21600,Wednesday,0,0,None,28,0,0,33.7
2023-08-02,Station Road,Besan Barfi,Sweet,44,378,16632,Wednesday,0,0,None,28,0,1,33.7
2023-08-02,Station Road,Motichoor Laddu,Sweet,26,380,9880,Wednesday,0,0,None,28,0,0,33.7
2023-08-02,Station Road,Ghewar,Sweet,65,450,29250,Wednesday,0,0,None,28,0,1,33.7
2023-08-02,Station Road,Gajak,Sweet,0,320,0,Wednesday,0,0,None,28,0,0,33.7
2023-08-02,Station Road,Soan Papdi,Sweet,15,300,4500,Wednesday,0,0,None,28,0,0,33.7
2023-08-02,Station Road,Bikaneri Bhujia,Namkeen,81,360,29160,Wednesday,0,0,None,28,0,0,33.7
2023-08-02,Station Road,Aloo Bhujia,Namkeen,41,300,12300,Wednesday,0,0,None,28,0,0,33.7
2023-08-03,Station Road,Rasgulla,Sweet,39,280,10920,Thursday,0,0,None,27,0,0,36.0
2023-08-03,Station Road,Gulab Jamun,Sweet,55,300,16500,Thursday,0,0,None,27,0,0,36.0
2023-08-03,Station Road,Kaju Katli,Sweet,24,900,21600,Thursday,0,0,None,27,0,0,36.0
2023-08-03,Station Road,Besan Barfi,Sweet,18,420,7560,Thursday,0,0,None,27,0,0,36.0
2023-08-03,Station Road,Motichoor Laddu,Sweet,33,380,12540,Thursday,0,0,None,27,0,0,36.0
2023-08-03,Station Road,Ghewar,Sweet,65,500,32500,Thursday,0,0,None,27,0,0,36.0
2023-08-03,Station Road,Gajak,Sweet,2,320,640,Thursday,0,0,None,27,0,0,36.0
2023-08-03,Station Road,Soan Papdi,Sweet,20,300,6000,Thursday,0,0,None,27,0,0,36.0
2023-08-03,Station Road,Bikaneri Bhujia,Namkeen,80,360,28800,Thursday,0,0,None,27,0,0,36.0
2023-08-03,Station Road,Aloo Bhujia,Namkeen,48,300,14400,Thursday,0,0,None,27,0,0,36.0
2023-08-04,Station Road,Rasgulla,Sweet,40,280,11200,Friday,0,0,None,26,0,0,35.9
2023-08-04,Station Road,Gulab Jamun,Sweet,57,300,17100,Friday,0,0,None,26,0,0,35.9
2023-08-04,Station Road,Kaju Katli,Sweet,34,900,30600,Friday,0,0,None,26,0,0,35.9
2023-08-04,Station Road,Besan Barfi,Sweet,37,420,15540,Friday,0,0,None,26,0,0,35.9
2023-08-04,Station Road,Motichoor Laddu,Sweet,39,380,14820,Friday,0,0,None,26,0,0,35.9
2023-08-04,Station Road,Ghewar,Sweet,71,500,35500,Friday,0,0,None,26,0,0,35.9
2023-08-04,Station Road,Gajak,Sweet,0,320,0,Friday,0,0,None,26,0,0,35.9
2023-08-04,Station Road,Soan Papdi,Sweet,23,270,6210,Friday,0,0,None,26,0,1,35.9
2023-08-04,Station Road,Bikaneri Bhujia,Namkeen,112,360,40320,Friday,0,0,None,26,0,0,35.9
2023-08-04,Station Road,Aloo Bhujia,Namkeen,49,300,14700,Friday,0,0,None,26,0,0,35.9
2023-08-05,Station Road,Rasgulla,Sweet,44,280,12320,Saturday,1,0,None,25,0,0,37.4
2023-08-05,Station Road,Gulab Jamun,Sweet,87,300,26100,Saturday,1,0,None,25,0,0,37.4
2023-08-05,Station Road,Kaju Katli,Sweet,28,900,25200,Saturday,1,0,None,25,0,0,37.4
2023-08-05,Station Road,Besan Barfi,Sweet,37,420,15540,Saturday,1,0,None,25,0,0,37.4
2023-08-05,Station Road,Motichoor Laddu,Sweet,36,380,13680,Saturday,1,0,None,25,0,0,37.4
2023-08-05,Station Road,Ghewar,Sweet,84,500,42000,Saturday,1,0,None,25,0,0,37.4
2023-08-05,Station Road,Gajak,Sweet,2,320,640,Saturday,1,0,None,25,0,0,37.4
2023-08-05,Station Road,Soan Papdi,Sweet,26,300,7800,Saturday,1,0,None,25,0,0,37.4
2023-08-05,Station Road,Bikaneri Bhujia,Namkeen,123,360,44280,Saturday,1,0,None,25,0,0,37.4
2023-08-05,Station Road,Aloo Bhujia,Namkeen,47,300,14100,Saturday,1,0,None,25,0,0,37.4
2023-08-06,Station Road,Rasgulla,Sweet,59,280,16520,Sunday,1,0,None,24,0,0,30.1
2023-08-06,Station Road,Gulab Jamun,Sweet,69,300,20700,Sunday,1,0,None,24,0,0,30.1
2023-08-06,Station Road,Kaju Katli,Sweet,37,810,29970,Sunday,1,0,None,24,0,1,30.1
2023-08-06,Station Road,Besan Barfi,Sweet,39,420,16380,Sunday,1,0,None,24,0,0,30.1
2023-08-06,Station Road,Motichoor Laddu,Sweet,42,380,15960,Sunday,1,0,None,24,0,0,30.1
2023-08-06,Station Road,Ghewar,Sweet,78,500,39000,Sunday,1,0,None,24,0,0,30.1
2023-08-06,Station Road,Gajak,Sweet,1,320,320,Sunday,1,0,None,24,0,0,30.1
2023-08-06,Station Road,Soan Papdi,Sweet,21,300,6300,Sunday,1,0,None,24,0,0,30.1
2023-08-06,Station Road,Bikaneri Bhujia,Namkeen,128,360,46080,Sunday,1,0,None,24,0,0,30.1
2023-08-06,Station Road,Aloo Bhujia,Namkeen,63,300,18900,Sunday,1,0,None,24,0,0,30.1
2023-08-07,Station Road,Rasgulla,Sweet,40,280,11200,Monday,0,0,None,23,0,0,37.1
2023-08-07,Station Road,Gulab Jamun,Sweet,53,300,15900,Monday,0,0,None,23,0,0,37.1
2023-08-07,Station Road,Kaju Katli,Sweet,20,900,18000,Monday,0,0,None,23,0,0,37.1
2023-08-07,Station Road,Besan Barfi,Sweet,21,420,8820,Monday,0,0,None,23,0,0,37.1
2023-08-07,Station Road,Motichoor Laddu,Sweet,23,380,8740,Monday,0,0,None,23,0,0,37.1
2023-08-07,Station Road,Ghewar,Sweet,53,500,26500,Monday,0,0,None,23,0,0,37.1
2023-08-07,Station Road,Gajak,Sweet,1,320,320,Monday,0,0,None,23,0,0,37.1
2023-08-07,Station Road,Soan Papdi,Sweet,13,300,3900,Monday,0,0,None,23,0,0,37.1
2023-08-07,Station Road,Bikaneri Bhujia,Namkeen,84,360,30240,Monday,0,0,None,23,0,0,37.1
2023-08-07,Station Road,Aloo Bhujia,Namkeen,39,270,10530,Monday,0,0,None,23,0,1,37.1
2023-08-08,Station Road,Rasgulla,Sweet,44,280,12320,Tuesday,0,0,None,22,0,0,42.1
2023-08-08,Station Road,Gulab Jamun,Sweet,40,270,10800,Tuesday,0,0,None,22,0,1,42.1
2023-08-08,Station Road,Kaju Katli,Sweet,24,900,21600,Tuesday,0,0,None,22,0,0,42.1
2023-08-08,Station Road,Besan Barfi,Sweet,40,420,16800,Tuesday,0,0,None,22,0,0,42.1
2023-08-08,Station Road,Motichoor Laddu,Sweet,30,342,10260,Tuesday,0,0,None,22,0,1,42.1
2023-08-08,Station Road,Ghewar,Sweet,48,500,24000,Tuesday,0,0,None,22,0,0,42.1
2023-08-08,Station Road,Gajak,Sweet,2,320,640,Tuesday,0,0,None,22,0,0,42.1
2023-08-08,Station Road,Soan Papdi,Sweet,11,300,3300,Tuesday,0,0,None,22,0,0,42.1
2023-08-08,Station Road,Bikaneri Bhujia,Namkeen,79,360,28440,Tuesday,0,0,None,22,0,0,42.1
2023-08-08,Station Road,Aloo Bhujia,Namkeen,53,300,15900,Tuesday,0,0,None,22,0,0,42.1
2023-08-09,Station Road,Rasgulla,Sweet,59,280,16520,Wednesday,0,0,None,21,0,0,32.6
2023-08-09,Station Road,Gulab Jamun,Sweet,42,300,12600,Wednesday,0,0,None,21,0,0,32.6
2023-08-09,Station Road,Kaju Katli,Sweet,25,900,22500,Wednesday,0,0,None,21,0,0,32.6
2023-08-09,Station Road,Besan Barfi,Sweet,23,420,9660,Wednesday,0,0,None,21,0,0,32.6
2023-08-09,Station Road,Motichoor Laddu,Sweet,35,380,13300,Wednesday,0,0,None,21,0,0,32.6
2023-08-09,Station Road,Ghewar,Sweet,52,500,26000,Wednesday,0,0,None,21,0,0,32.6
2023-08-09,Station Road,Gajak,Sweet,3,320,960,Wednesday,0,0,None,21,0,0,32.6
2023-08-09,Station Road,Soan Papdi,Sweet,17,300,5100,Wednesday,0,0,None,21,0,0,32.6
2023-08-09,Station Road,Bikaneri Bhujia,Namkeen,74,360,26640,Wednesday,0,0,None,21,0,0,32.6
2023-08-09,Station Road,Aloo Bhujia,Namkeen,33,300,9900,Wednesday,0,0,None,21,0,0,32.6
2023-08-10,Station Road,Rasgulla,Sweet,40,280,11200,Thursday,0,0,None,20,0,0,33.4
2023-08-10,Station Road,Gulab Jamun,Sweet,43,300,12900,Thursday,0,0,None,20,0,0,33.4
2023-08-10,Station Road,Kaju Katli,Sweet,26,900,23400,Thursday,0,0,None,20,0,0,33.4
2023-08-10,Station Road,Besan Barfi,Sweet,41,420,17220,Thursday,0,0,None,20,0,0,33.4
2023-08-10,Station Road,Motichoor Laddu,Sweet,37,380,14060,Thursday,0,0,None,20,0,0,33.4
2023-08-10,Station Road,Ghewar,Sweet,66,500,33000,Thursday,0,0,None,20,0,0,33.4
2023-08-10,Station Road,Gajak,Sweet,1,320,320,Thursday,0,0,None,20,0,0,33.4
2023-08-10,Station Road,Soan Papdi,Sweet,13,300,3900,Thursday,0,0,None,20,0,0,33.4
2023-08-10,Station Road,Bikaneri Bhujia,Namkeen,88,360,31680,Thursday,0,0,None,20,0,0,33.4
2023-08-10,Station Road,Aloo Bhujia,Namkeen,41,300,12300,Thursday,0,0,None,20,0,0,33.4
2023-08-11,Station Road,Rasgulla,Sweet,55,280,15400,Friday,0,0,None,19,0,0,40.4
2023-08-11,Station Road,Gulab Jamun,Sweet,69,300,20700,Friday,0,0,None,19,0,0,40.4
2023-08-11,Station Road,Kaju Katli,Sweet,37,900,33300,Friday,0,0,None,19,0,0,40.4
2023-08-11,Station Road,Besan Barfi,Sweet,47,420,19740,Friday,0,0,None,19,0,0,40.4
2023-08-11,Station Road,Motichoor Laddu,Sweet,33,380,12540,Friday,0,0,None,19,0,0,40.4
2023-08-11,Station Road,Ghewar,Sweet,72,500,36000,Friday,0,0,None,19,0,0,40.4
2023-08-11,Station Road,Gajak,Sweet,0,320,0,Friday,0,0,None,19,0,0,40.4
2023-08-11,Station Road,Soan Papdi,Sweet,21,300,6300,Friday,0,0,None,19,0,0,40.4
2023-08-11,Station Road,Bikaneri Bhujia,Namkeen,98,360,35280,Friday,0,0,None,19,0,0,40.4
2023-08-11,Station Road,Aloo Bhujia,Namkeen,54,300,16200,Friday,0,0,None,19,0,0,40.4
2023-08-12,Station Road,Rasgulla,Sweet,65,280,18200,Saturday,1,0,None,18,0,0,35.6
2023-08-12,Station Road,Gulab Jamun,Sweet,78,270,21060,Saturday,1,0,None,18,0,1,35.6
2023-08-12,Station Road,Kaju Katli,Sweet,31,900,27900,Saturday,1,0,None,18,0,0,35.6
2023-08-12,Station Road,Besan Barfi,Sweet,39,420,16380,Saturday,1,0,None,18,0,0,35.6
2023-08-12,Station Road,Motichoor Laddu,Sweet,36,380,13680,Saturday,1,0,None,18,0,0,35.6
2023-08-12,Station Road,Ghewar,Sweet,76,500,38000,Saturday,1,0,None,18,0,0,35.6
2023-08-12,Station Road,Gajak,Sweet,2,320,640,Saturday,1,0,None,18,0,0,35.6
2023-08-12,Station Road,Soan Papdi,Sweet,23,300,6900,Saturday,1,0,None,18,0,0,35.6
2023-08-12,Station Road,Bikaneri Bhujia,Namkeen,121,360,43560,Saturday,1,0,None,18,0,0,35.6
2023-08-12,Station Road,Aloo Bhujia,Namkeen,63,300,18900,Saturday,1,0,None,18,0,0,35.6
2023-08-13,Station Road,Rasgulla,Sweet,84,280,23520,Sunday,1,0,pre-Hariyali Teej,17,0,0,35.6
2023-08-13,Station Road,Gulab Jamun,Sweet,97,300,29100,Sunday,1,0,pre-Hariyali Teej,17,0,0,35.6
2023-08-13,Station Road,Kaju Katli,Sweet,54,900,48600,Sunday,1,0,pre-Hariyali Teej,17,0,0,35.6
2023-08-13,Station Road,Besan Barfi,Sweet,52,420,21840,Sunday,1,0,pre-Hariyali Teej,17,0,0,35.6
2023-08-13,Station Road,Motichoor Laddu,Sweet,70,380,26600,Sunday,1,0,pre-Hariyali Teej,17,0,0,35.6
2023-08-13,Station Road,Ghewar,Sweet,91,500,45500,Sunday,1,0,pre-Hariyali Teej,17,0,0,35.6
2023-08-13,Station Road,Gajak,Sweet,2,320,640,Sunday,1,0,pre-Hariyali Teej,17,0,0,35.6
2023-08-13,Station Road,Soan Papdi,Sweet,29,300,8700,Sunday,1,0,pre-Hariyali Teej,17,0,0,35.6
2023-08-13,Station Road,Bikaneri Bhujia,Namkeen,145,360,52200,Sunday,1,0,pre-Hariyali Teej,17,0,0,35.6
2023-08-13,Station Road,Aloo Bhujia,Namkeen,86,300,25800,Sunday,1,0,pre-Hariyali Teej,17,0,0,35.6
2023-08-14,Station Road,Rasgulla,Sweet,61,280,17080,Monday,0,0,pre-Hariyali Teej,16,0,0,38.1
2023-08-14,Station Road,Gulab Jamun,Sweet,86,300,25800,Monday,0,0,pre-Hariyali Teej,16,0,0,38.1
2023-08-14,Station Road,Kaju Katli,Sweet,40,900,36000,Monday,0,0,pre-Hariyali Teej,16,0,0,38.1
2023-08-14,Station Road,Besan Barfi,Sweet,40,420,16800,Monday,0,0,pre-Hariyali Teej,16,0,0,38.1
2023-08-14,Station Road,Motichoor Laddu,Sweet,49,380,18620,Monday,0,0,pre-Hariyali Teej,16,0,0,38.1
2023-08-14,Station Road,Ghewar,Sweet,80,500,40000,Monday,0,0,pre-Hariyali Teej,16,0,0,38.1
2023-08-14,Station Road,Gajak,Sweet,1,320,320,Monday,0,0,pre-Hariyali Teej,16,0,0,38.1
2023-08-14,Station Road,Soan Papdi,Sweet,32,300,9600,Monday,0,0,pre-Hariyali Teej,16,0,0,38.1
2023-08-14,Station Road,Bikaneri Bhujia,Namkeen,112,360,40320,Monday,0,0,pre-Hariyali Teej,16,0,0,38.1
2023-08-14,Station Road,Aloo Bhujia,Namkeen,57,300,17100,Monday,0,0,pre-Hariyali Teej,16,0,0,38.1
2023-08-15,Station Road,Rasgulla,Sweet,70,280,19600,Tuesday,0,0,pre-Hariyali Teej,15,0,0,32.0
2023-08-15,Station Road,Gulab Jamun,Sweet,90,300,27000,Tuesday,0,0,pre-Hariyali Teej,15,0,0,32.0
2023-08-15,Station Road,Kaju Katli,Sweet,59,900,53100,Tuesday,0,0,pre-Hariyali Teej,15,0,0,32.0
2023-08-15,Station Road,Besan Barfi,Sweet,50,420,21000,Tuesday,0,0,pre-Hariyali Teej,15,0,0,32.0
2023-08-15,Station Road,Motichoor Laddu,Sweet,49,380,18620,Tuesday,0,0,pre-Hariyali Teej,15,0,0,32.0
2023-08-15,Station Road,Ghewar,Sweet,72,500,36000,Tuesday,0,0,pre-Hariyali Teej,15,0,0,32.0
2023-08-15,Station Road,Gajak,Sweet,1,320,320,Tuesday,0,0,pre-Hariyali Teej,15,0,0,32.0
2023-08-15,Station Road,Soan Papdi,Sweet,39,300,11700,Tuesday,0,0,pre-Hariyali Teej,15,0,0,32.0
2023-08-15,Station Road,Bikaneri Bhujia,Namkeen,124,360,44640,Tuesday,0,0,pre-Hariyali Teej,15,0,0,32.0
2023-08-15,Station Road,Aloo Bhujia,Namkeen,68,300,20400,Tuesday,0,0,pre-Hariyali Teej,15,0,0,32.0
2023-08-16,Station Road,Rasgulla,Sweet,86,280,24080,Wednesday,0,0,pre-Hariyali Teej,14,0,0,37.6
2023-08-16,Station Road,Gulab Jamun,Sweet,97,300,29100,Wednesday,0,0,pre-Hariyali Teej,14,0,0,37.6
2023-08-16,Station Road,Kaju Katli,Sweet,53,900,47700,Wednesday,0,0,pre-Hariyali Teej,14,0,0,37.6
2023-08-16,Station Road,Besan Barfi,Sweet,73,420,30660,Wednesday,0,0,pre-Hariyali Teej,14,0,0,37.6
2023-08-16,Station Road,Motichoor Laddu,Sweet,68,380,25840,Wednesday,0,0,pre-Hariyali Teej,14,0,0,37.6
2023-08-16,Station Road,Ghewar,Sweet,89,500,44500,Wednesday,0,0,pre-Hariyali Teej,14,0,0,37.6
2023-08-16,Station Road,Gajak,Sweet,1,320,320,Wednesday,0,0,pre-Hariyali Teej,14,0,0,37.6
2023-08-16,Station Road,Soan Papdi,Sweet,52,300,15600,Wednesday,0,0,pre-Hariyali Teej,14,0,0,37.6
2023-08-16,Station Road,Bikaneri Bhujia,Namkeen,152,360,54720,Wednesday,0,0,pre-Hariyali Teej,14,0,0,37.6
2023-08-16,Station Road,Aloo Bhujia,Namkeen,78,300,23400,Wednesday,0,0,pre-Hariyali Teej,14,0,0,37.6
2023-08-17,Station Road,Rasgulla,Sweet,104,280,29120,Thursday,0,0,pre-Hariyali Teej,13,0,0,35.1
2023-08-17,Station Road,Gulab Jamun,Sweet,122,300,36600,Thursday,0,0,pre-Hariyali Teej,13,0,0,35.1
2023-08-17,Station Road,Kaju Katli,Sweet,91,810,73710,Thursday,0,0,pre-Hariyali Teej,13,0,1,35.1
2023-08-17,Station Road,Besan Barfi,Sweet,77,420,32340,Thursday,0,0,pre-Hariyali Teej,13,0,0,35.1
2023-08-17,Station Road,Motichoor Laddu,Sweet,100,380,38000,Thursday,0,0,pre-Hariyali Teej,13,0,0,35.1
2023-08-17,Station Road,Ghewar,Sweet,110,500,55000,Thursday,0,0,pre-Hariyali Teej,13,0,0,35.1
2023-08-17,Station Road,Gajak,Sweet,0,320,0,Thursday,0,0,pre-Hariyali Teej,13,0,0,35.1
2023-08-17,Station Road,Soan Papdi,Sweet,49,300,14700,Thursday,0,0,pre-Hariyali Teej,13,0,0,35.1
2023-08-17,Station Road,Bikaneri Bhujia,Namkeen,162,360,58320,Thursday,0,0,pre-Hariyali Teej,13,0,0,35.1
2023-08-17,Station Road,Aloo Bhujia,Namkeen,93,300,27900,Thursday,0,0,pre-Hariyali Teej,13,0,0,35.1
2023-08-18,Station Road,Rasgulla,Sweet,134,280,37520,Friday,0,0,pre-Hariyali Teej,12,0,0,34.3
2023-08-18,Station Road,Gulab Jamun,Sweet,178,300,53400,Friday,0,0,pre-Hariyali Teej,12,0,0,34.3
2023-08-18,Station Road,Kaju Katli,Sweet,91,900,81900,Friday,0,0,pre-Hariyali Teej,12,0,0,34.3
2023-08-18,Station Road,Besan Barfi,Sweet,122,420,51240,Friday,0,0,pre-Hariyali Teej,12,0,0,34.3
2023-08-18,Station Road,Motichoor Laddu,Sweet,80,380,30400,Friday,0,0,pre-Hariyali Teej,12,0,0,34.3
2023-08-18,Station Road,Ghewar,Sweet,125,500,62500,Friday,0,0,pre-Hariyali Teej,12,0,0,34.3
2023-08-18,Station Road,Gajak,Sweet,4,320,1280,Friday,0,0,pre-Hariyali Teej,12,0,0,34.3
2023-08-18,Station Road,Soan Papdi,Sweet,62,300,18600,Friday,0,0,pre-Hariyali Teej,12,0,0,34.3
2023-08-18,Station Road,Bikaneri Bhujia,Namkeen,238,360,85680,Friday,0,0,pre-Hariyali Teej,12,0,0,34.3
2023-08-18,Station Road,Aloo Bhujia,Namkeen,91,300,27300,Friday,0,0,pre-Hariyali Teej,12,0,0,34.3
2023-08-19,Station Road,Rasgulla,Sweet,285,280,79800,Saturday,1,1,Hariyali Teej,11,0,0,34.5
2023-08-19,Station Road,Gulab Jamun,Sweet,334,300,100200,Saturday,1,1,Hariyali Teej,11,0,0,34.5
2023-08-19,Station Road,Kaju Katli,Sweet,195,900,175500,Saturday,1,1,Hariyali Teej,11,0,0,34.5
2023-08-19,Station Road,Besan Barfi,Sweet,219,420,91980,Saturday,1,1,Hariyali Teej,11,0,0,34.5
2023-08-19,Station Road,Motichoor Laddu,Sweet,202,380,76760,Saturday,1,1,Hariyali Teej,11,0,0,34.5
2023-08-19,Station Road,Ghewar,Sweet,249,500,124500,Saturday,1,1,Hariyali Teej,11,0,0,34.5
2023-08-19,Station Road,Gajak,Sweet,2,320,640,Saturday,1,1,Hariyali Teej,11,0,0,34.5
2023-08-19,Station Road,Soan Papdi,Sweet,131,300,39300,Saturday,1,1,Hariyali Teej,11,0,0,34.5
2023-08-19,Station Road,Bikaneri Bhujia,Namkeen,446,360,160560,Saturday,1,1,Hariyali Teej,11,0,0,34.5
2023-08-19,Station Road,Aloo Bhujia,Namkeen,188,300,56400,Saturday,1,1,Hariyali Teej,11,0,0,34.5
2023-08-20,Station Road,Rasgulla,Sweet,70,280,19600,Sunday,1,0,None,10,0,0,29.7
2023-08-20,Station Road,Gulab Jamun,Sweet,86,300,25800,Sunday,1,0,None,10,0,0,29.7
2023-08-20,Station Road,Kaju Katli,Sweet,42,810,34020,Sunday,1,0,None,10,0,1,29.7
2023-08-20,Station Road,Besan Barfi,Sweet,55,420,23100,Sunday,1,0,None,10,0,0,29.7
2023-08-20,Station Road,Motichoor Laddu,Sweet,40,380,15200,Sunday,1,0,None,10,0,0,29.7
2023-08-20,Station Road,Ghewar,Sweet,91,500,45500,Sunday,1,0,None,10,0,0,29.7
2023-08-20,Station Road,Gajak,Sweet,3,320,960,Sunday,1,0,None,10,0,0,29.7
2023-08-20,Station Road,Soan Papdi,Sweet,18,300,5400,Sunday,1,0,None,10,0,0,29.7
2023-08-20,Station Road,Bikaneri Bhujia,Namkeen,124,360,44640,Sunday,1,0,None,10,0,0,29.7
2023-08-20,Station Road,Aloo Bhujia,Namkeen,56,300,16800,Sunday,1,0,None,10,0,0,29.7
2023-08-21,Station Road,Rasgulla,Sweet,47,280,13160,Monday,0,0,None,9,0,0,35.4
2023-08-21,Station Road,Gulab Jamun,Sweet,48,300,14400,Monday,0,0,None,9,0,0,35.4
2023-08-21,Station Road,Kaju Katli,Sweet,29,900,26100,Monday,0,0,None,9,0,0,35.4
2023-08-21,Station Road,Besan Barfi,Sweet,34,420,14280,Monday,0,0,None,9,0,0,35.4
2023-08-21,Station Road,Motichoor Laddu,Sweet,35,380,13300,Monday,0,0,None,9,0,0,35.4
2023-08-21,Station Road,Ghewar,Sweet,63,500,31500,Monday,0,0,None,9,0,0,35.4
2023-08-21,Station Road,Gajak,Sweet,2,320,640,Monday,0,0,None,9,0,0,35.4
2023-08-21,Station Road,Soan Papdi,Sweet,15,300,4500,Monday,0,0,None,9,0,0,35.4
2023-08-21,Station Road,Bikaneri Bhujia,Namkeen,78,360,28080,Monday,0,0,None,9,0,0,35.4
2023-08-21,Station Road,Aloo Bhujia,Namkeen,41,300,12300,Monday,0,0,None,9,0,0,35.4
2023-08-22,Station Road,Rasgulla,Sweet,41,280,11480,Tuesday,0,0,None,8,0,0,30.9
2023-08-22,Station Road,Gulab Jamun,Sweet,49,300,14700,Tuesday,0,0,None,8,0,0,30.9
2023-08-22,Station Road,Kaju Katli,Sweet,18,900,16200,Tuesday,0,0,None,8,0,0,30.9
2023-08-22,Station Road,Besan Barfi,Sweet,30,420,12600,Tuesday,0,0,None,8,0,0,30.9
2023-08-22,Station Road,Motichoor Laddu,Sweet,29,380,11020,Tuesday,0,0,None,8,0,0,30.9
2023-08-22,Station Road,Ghewar,Sweet,55,500,27500,Tuesday,0,0,None,8,0,0,30.9
2023-08-22,Station Road,Gajak,Sweet,4,320,1280,Tuesday,0,0,None,8,0,0,30.9
2023-08-22,Station Road,Soan Papdi,Sweet,18,300,5400,Tuesday,0,0,None,8,0,0,30.9
2023-08-22,Station Road,Bikaneri Bhujia,Namkeen,85,360,30600,Tuesday,0,0,None,8,0,0,30.9
2023-08-22,Station Road,Aloo Bhujia,Namkeen,46,300,13800,Tuesday,0,0,None,8,0,0,30.9
2023-08-23,Station Road,Rasgulla,Sweet,48,280,13440,Wednesday,0,0,None,7,0,0,37.2
2023-08-23,Station Road,Gulab Jamun,Sweet,59,300,17700,Wednesday,0,0,None,7,0,0,37.2
2023-08-23,Station Road,Kaju Katli,Sweet,21,900,18900,Wednesday,0,0,None,7,0,0,37.2
2023-08-23,Station Road,Besan Barfi,Sweet,45,420,18900,Wednesday,0,0,None,7,0,0,37.2
2023-08-23,Station Road,Motichoor Laddu,Sweet,33,380,12540,Wednesday,0,0,None,7,0,0,37.2
2023-08-23,Station Road,Ghewar,Sweet,56,500,28000,Wednesday,0,0,None,7,0,0,37.2
2023-08-23,Station Road,Gajak,Sweet,4,288,1152,Wednesday,0,0,None,7,0,1,37.2
2023-08-23,Station Road,Soan Papdi,Sweet,26,300,7800,Wednesday,0,0,None,7,0,0,37.2
2023-08-23,Station Road,Bikaneri Bhujia,Namkeen,75,360,27000,Wednesday,0,0,None,7,0,0,37.2
2023-08-23,Station Road,Aloo Bhujia,Namkeen,48,300,14400,Wednesday,0,0,None,7,0,0,37.2
2023-08-24,Station Road,Rasgulla,Sweet,51,280,14280,Thursday,0,0,pre-Raksha Bandhan,6,0,0,33.0
2023-08-24,Station Road,Gulab Jamun,Sweet,59,300,17700,Thursday,0,0,pre-Raksha Bandhan,6,0,0,33.0
2023-08-24,Station Road,Kaju Katli,Sweet,33,900,29700,Thursday,0,0,pre-Raksha Bandhan,6,0,0,33.0
2023-08-24,Station Road,Besan Barfi,Sweet,55,420,23100,Thursday,0,0,pre-Raksha Bandhan,6,0,0,33.0
2023-08-24,Station Road,Motichoor Laddu,Sweet,54,380,20520,Thursday,0,0,pre-Raksha Bandhan,6,0,0,33.0
2023-08-24,Station Road,Ghewar,Sweet,80,500,40000,Thursday,0,0,pre-Raksha Bandhan,6,0,0,33.0
2023-08-24,Station Road,Gajak,Sweet,2,320,640,Thursday,0,0,pre-Raksha Bandhan,6,0,0,33.0
2023-08-24,Station Road,Soan Papdi,Sweet,26,300,7800,Thursday,0,0,pre-Raksha Bandhan,6,0,0,33.0
2023-08-24,Station Road,Bikaneri Bhujia,Namkeen,99,360,35640,Thursday,0,0,pre-Raksha Bandhan,6,0,0,33.0
2023-08-24,Station Road,Aloo Bhujia,Namkeen,47,300,14100,Thursday,0,0,pre-Raksha Bandhan,6,0,0,33.0
2023-08-25,Station Road,Rasgulla,Sweet,100,280,28000,Friday,0,0,pre-Raksha Bandhan,5,0,0,33.2
2023-08-25,Station Road,Gulab Jamun,Sweet,112,300,33600,Friday,0,0,pre-Raksha Bandhan,5,0,0,33.2
2023-08-25,Station Road,Kaju Katli,Sweet,56,900,50400,Friday,0,0,pre-Raksha Bandhan,5,0,0,33.2
2023-08-25,Station Road,Besan Barfi,Sweet,67,420,28140,Friday,0,0,pre-Raksha Bandhan,5,0,0,33.2
2023-08-25,Station Road,Motichoor Laddu,Sweet,65,380,24700,Friday,0,0,pre-Raksha Bandhan,5,0,0,33.2
2023-08-25,Station Road,Ghewar,Sweet,128,450,57600,Friday,0,0,pre-Raksha Bandhan,5,0,1,33.2
2023-08-25,Station Road,Gajak,Sweet,2,320,640,Friday,0,0,pre-Raksha Bandhan,5,0,0,33.2
2023-08-25,Station Road,Soan Papdi,Sweet,36,300,10800,Friday,0,0,pre-Raksha Bandhan,5,0,0,33.2
2023-08-25,Station Road,Bikaneri Bhujia,Namkeen,181,360,65160,Friday,0,0,pre-Raksha Bandhan,5,0,0,33.2
2023-08-25,Station Road,Aloo Bhujia,Namkeen,85,300,25500,Friday,0,0,pre-Raksha Bandhan,5,0,0,33.2
2023-08-26,Station Road,Rasgulla,Sweet,132,280,36960,Saturday,1,0,pre-Raksha Bandhan,4,0,0,35.1
2023-08-26,Station Road,Gulab Jamun,Sweet,150,300,45000,Saturday,1,0,pre-Raksha Bandhan,4,0,0,35.1
2023-08-26,Station Road,Kaju Katli,Sweet,97,900,87300,Saturday,1,0,pre-Raksha Bandhan,4,0,0,35.1
2023-08-26,Station Road,Besan Barfi,Sweet,91,420,38220,Saturday,1,0,pre-Raksha Bandhan,4,0,0,35.1
2023-08-26,Station Road,Motichoor Laddu,Sweet,126,342,43092,Saturday,1,0,pre-Raksha Bandhan,4,0,1,35.1
2023-08-26,Station Road,Ghewar,Sweet,156,500,78000,Saturday,1,0,pre-Raksha Bandhan,4,0,0,35.1
2023-08-26,Station Road,Gajak,Sweet,1,320,320,Saturday,1,0,pre-Raksha Bandhan,4,0,0,35.1
2023-08-26,Station Road,Soan Papdi,Sweet,59,300,17700,Saturday,1,0,pre-Raksha Bandhan,4,0,0,35.1
2023-08-26,Station Road,Bikaneri Bhujia,Namkeen,221,360,79560,Saturday,1,0,pre-Raksha Bandhan,4,0,0,35.1
2023-08-26,Station Road,Aloo Bhujia,Namkeen,101,300,30300,Saturday,1,0,pre-Raksha Bandhan,4,0,0,35.1
2023-08-27,Station Road,Rasgulla,Sweet,146,280,40880,Sunday,1,0,pre-Raksha Bandhan,3,0,0,30.4
2023-08-27,Station Road,Gulab Jamun,Sweet,186,300,55800,Sunday,1,0,pre-Raksha Bandhan,3,0,0,30.4
2023-08-27,Station Road,Kaju Katli,Sweet,104,900,93600,Sunday,1,0,pre-Raksha Bandhan,3,0,0,30.4
2023-08-27,Station Road,Besan Barfi,Sweet,123,420,51660,Sunday,1,0,pre-Raksha Bandhan,3,0,0,30.4
2023-08-27,Station Road,Motichoor Laddu,Sweet,120,380,45600,Sunday,1,0,pre-Raksha Bandhan,3,0,0,30.4
2023-08-27,Station Road,Ghewar,Sweet,166,500,83000,Sunday,1,0,pre-Raksha Bandhan,3,0,0,30.4
2023-08-27,Station Road,Gajak,Sweet,3,320,960,Sunday,1,0,pre-Raksha Bandhan,3,0,0,30.4
2023-08-27,Station Road,Soan Papdi,Sweet,79,300,23700,Sunday,1,0,pre-Raksha Bandhan,3,0,0,30.4
2023-08-27,Station Road,Bikaneri Bhujia,Namkeen,256,360,92160,Sunday,1,0,pre-Raksha Bandhan,3,0,0,30.4
2023-08-27,Station Road,Aloo Bhujia,Namkeen,164,270,44280,Sunday,1,0,pre-Raksha Bandhan,3,0,1,30.4
2023-08-28,Station Road,Rasgulla,Sweet,121,280,33880,Monday,0,0,pre-Raksha Bandhan,2,0,0,33.8
2023-08-28,Station Road,Gulab Jamun,Sweet,146,300,43800,Monday,0,0,pre-Raksha Bandhan,2,0,0,33.8
2023-08-28,Station Road,Kaju Katli,Sweet,91,900,81900,Monday,0,0,pre-Raksha Bandhan,2,0,0,33.8
2023-08-28,Station Road,Besan Barfi,Sweet,94,420,39480,Monday,0,0,pre-Raksha Bandhan,2,0,0,33.8
2023-08-28,Station Road,Motichoor Laddu,Sweet,98,380,37240,Monday,0,0,pre-Raksha Bandhan,2,0,0,33.8
2023-08-28,Station Road,Ghewar,Sweet,128,500,64000,Monday,0,0,pre-Raksha Bandhan,2,0,0,33.8
2023-08-28,Station Road,Gajak,Sweet,2,320,640,Monday,0,0,pre-Raksha Bandhan,2,0,0,33.8
2023-08-28,Station Road,Soan Papdi,Sweet,47,300,14100,Monday,0,0,pre-Raksha Bandhan,2,0,0,33.8
2023-08-28,Station Road,Bikaneri Bhujia,Namkeen,205,360,73800,Monday,0,0,pre-Raksha Bandhan,2,0,0,33.8
2023-08-28,Station Road,Aloo Bhujia,Namkeen,107,300,32100,Monday,0,0,pre-Raksha Bandhan,2,0,0,33.8
2023-08-29,Station Road,Rasgulla,Sweet,129,280,36120,Tuesday,0,0,pre-Raksha Bandhan,1,0,0,36.3
2023-08-29,Station Road,Gulab Jamun,Sweet,184,300,55200,Tuesday,0,0,pre-Raksha Bandhan,1,0,0,36.3
2023-08-29,Station Road,Kaju Katli,Sweet,97,900,87300,Tuesday,0,0,pre-Raksha Bandhan,1,0,0,36.3
2023-08-29,Station Road,Besan Barfi,Sweet,139,378,52542,Tuesday,0,0,pre-Raksha Bandhan,1,0,1,36.3
2023-08-29,Station Road,Motichoor Laddu,Sweet,97,380,36860,Tuesday,0,0,pre-Raksha Bandhan,1,0,0,36.3
2023-08-29,Station Road,Ghewar,Sweet,124,500,62000,Tuesday,0,0,pre-Raksha Bandhan,1,0,0,36.3
2023-08-29,Station Road,Gajak,Sweet,3,320,960,Tuesday,0,0,pre-Raksha Bandhan,1,0,0,36.3
2023-08-29,Station Road,Soan Papdi,Sweet,53,300,15900,Tuesday,0,0,pre-Raksha Bandhan,1,0,0,36.3
2023-08-29,Station Road,Bikaneri Bhujia,Namkeen,201,360,72360,Tuesday,0,0,pre-Raksha Bandhan,1,0,0,36.3
2023-08-29,Station Road,Aloo Bhujia,Namkeen,94,300,28200,Tuesday,0,0,pre-Raksha Bandhan,1,0,0,36.3
2023-08-30,Station Road,Rasgulla,Sweet,301,280,84280,Wednesday,0,1,Raksha Bandhan,0,0,0,34.8
2023-08-30,Station Road,Gulab Jamun,Sweet,336,300,100800,Wednesday,0,1,Raksha Bandhan,0,0,0,34.8
2023-08-30,Station Road,Kaju Katli,Sweet,225,900,202500,Wednesday,0,1,Raksha Bandhan,0,0,0,34.8
2023-08-30,Station Road,Besan Barfi,Sweet,204,420,85680,Wednesday,0,1,Raksha Bandhan,0,0,0,34.8
2023-08-30,Station Road,Motichoor Laddu,Sweet,227,380,86260,Wednesday,0,1,Raksha Bandhan,0,0,0,34.8
2023-08-30,Station Road,Ghewar,Sweet,228,500,114000,Wednesday,0,1,Raksha Bandhan,0,0,0,34.8
2023-08-30,Station Road,Gajak,Sweet,4,320,1280,Wednesday,0,1,Raksha Bandhan,0,0,0,34.8
2023-08-30,Station Road,Soan Papdi,Sweet,182,270,49140,Wednesday,0,1,Raksha Bandhan,0,0,1,34.8
2023-08-30,Station Road,Bikaneri Bhujia,Namkeen,444,360,159840,Wednesday,0,1,Raksha Bandhan,0,0,0,34.8
2023-08-30,Station Road,Aloo Bhujia,Namkeen,178,300,53400,Wednesday,0,1,Raksha Bandhan,0,0,0,34.8
2023-08-31,Station Road,Rasgulla,Sweet,58,280,16240,Thursday,0,0,pre-Janmashtami,60,0,0,35.7
2023-08-31,Station Road,Gulab Jamun,Sweet,64,300,19200,Thursday,0,0,pre-Janmashtami,60,0,0,35.7
2023-08-31,Station Road,Kaju Katli,Sweet,19,900,17100,Thursday,0,0,pre-Janmashtami,60,0,0,35.7
2023-08-31,Station Road,Besan Barfi,Sweet,44,420,18480,Thursday,0,0,pre-Janmashtami,60,0,0,35.7
2023-08-31,Station Road,Motichoor Laddu,Sweet,42,380,15960,Thursday,0,0,pre-Janmashtami,60,0,0,35.7
2023-08-31,Station Road,Ghewar,Sweet,72,450,32400,Thursday,0,0,pre-Janmashtami,60,0,1,35.7
2023-08-31,Station Road,Gajak,Sweet,0,320,0,Thursday,0,0,pre-Janmashtami,60,0,0,35.7
2023-08-31,Station Road,Soan Papdi,Sweet,24,300,7200,Thursday,0,0,pre-Janmashtami,60,0,0,35.7
2023-08-31,Station Road,Bikaneri Bhujia,Namkeen,99,360,35640,Thursday,0,0,pre-Janmashtami,60,0,0,35.7
2023-08-31,Station Road,Aloo Bhujia,Namkeen,45,300,13500,Thursday,0,0,pre-Janmashtami,60,0,0,35.7
2023-09-01,Station Road,Rasgulla,Sweet,76,280,21280,Friday,0,0,pre-Janmashtami,60,0,0,31.9
2023-09-01,Station Road,Gulab Jamun,Sweet,95,300,28500,Friday,0,0,pre-Janmashtami,60,0,0,31.9
2023-09-01,Station Road,Kaju Katli,Sweet,44,900,39600,Friday,0,0,pre-Janmashtami,60,0,0,31.9
2023-09-01,Station Road,Besan Barfi,Sweet,47,420,19740,Friday,0,0,pre-Janmashtami,60,0,0,31.9
2023-09-01,Station Road,Motichoor Laddu,Sweet,50,380,19000,Friday,0,0,pre-Janmashtami,60,0,0,31.9
2023-09-01,Station Road,Ghewar,Sweet,29,500,14500,Friday,0,0,pre-Janmashtami,60,0,0,31.9
2023-09-01,Station Road,Gajak,Sweet,3,320,960,Friday,0,0,pre-Janmashtami,60,0,0,31.9
2023-09-01,Station Road,Soan Papdi,Sweet,29,300,8700,Friday,0,0,pre-Janmashtami,60,0,0,31.9
2023-09-01,Station Road,Bikaneri Bhujia,Namkeen,117,360,42120,Friday,0,0,pre-Janmashtami,60,0,0,31.9
2023-09-01,Station Road,Aloo Bhujia,Namkeen,56,300,16800,Friday,0,0,pre-Janmashtami,60,0,0,31.9
2023-09-02,Station Road,Rasgulla,Sweet,105,280,29400,Saturday,1,0,pre-Janmashtami,60,0,0,32.7
2023-09-02,Station Road,Gulab Jamun,Sweet,130,300,39000,Saturday,1,0,pre-Janmashtami,60,0,0,32.7
2023-09-02,Station Road,Kaju Katli,Sweet,66,900,59400,Saturday,1,0,pre-Janmashtami,60,0,0,32.7
2023-09-02,Station Road,Besan Barfi,Sweet,69,420,28980,Saturday,1,0,pre-Janmashtami,60,0,0,32.7
2023-09-02,Station Road,Motichoor Laddu,Sweet,95,380,36100,Saturday,1,0,pre-Janmashtami,60,0,0,32.7
2023-09-02,Station Road,Ghewar,Sweet,28,500,14000,Saturday,1,0,pre-Janmashtami,60,0,0,32.7
2023-09-02,Station Road,Gajak,Sweet,4,320,1280,Saturday,1,0,pre-Janmashtami,60,0,0,32.7
2023-09-02,Station Road,Soan Papdi,Sweet,47,300,14100,Saturday,1,0,pre-Janmashtami,60,0,0,32.7
2023-09-02,Station Road,Bikaneri Bhujia,Namkeen,177,360,63720,Saturday,1,0,pre-Janmashtami,60,0,0,32.7
2023-09-02,Station Road,Aloo Bhujia,Namkeen,71,300,21300,Saturday,1,0,pre-Janmashtami,60,0,0,32.7
2023-09-03,Station Road,Rasgulla,Sweet,136,280,38080,Sunday,1,0,pre-Janmashtami,60,0,0,33.1
2023-09-03,Station Road,Gulab Jamun,Sweet,206,270,55620,Sunday,1,0,pre-Janmashtami,60,0,1,33.1
2023-09-03,Station Road,Kaju Katli,Sweet,86,900,77400,Sunday,1,0,pre-Janmashtami,60,0,0,33.1
2023-09-03,Station Road,Besan Barfi,Sweet,90,420,37800,Sunday,1,0,pre-Janmashtami,60,0,0,33.1
2023-09-03,Station Road,Motichoor Laddu,Sweet,88,380,33440,Sunday,1,0,pre-Janmashtami,60,0,0,33.1
2023-09-03,Station Road,Ghewar,Sweet,48,500,24000,Sunday,1,0,pre-Janmashtami,60,0,0,33.1
2023-09-03,Station Road,Gajak,Sweet,2,320,640,Sunday,1,0,pre-Janmashtami,60,0,0,33.1
2023-09-03,Station Road,Soan Papdi,Sweet,45,300,13500,Sunday,1,0,pre-Janmashtami,60,0,0,33.1
2023-09-03,Station Road,Bikaneri Bhujia,Namkeen,184,360,66240,Sunday,1,0,pre-Janmashtami,60,0,0,33.1
2023-09-03,Station Road,Aloo Bhujia,Namkeen,86,300,25800,Sunday,1,0,pre-Janmashtami,60,0,0,33.1
2023-09-04,Station Road,Rasgulla,Sweet,81,280,22680,Monday,0,0,pre-Janmashtami,60,0,0,31.4
2023-09-04,Station Road,Gulab Jamun,Sweet,114,300,34200,Monday,0,0,pre-Janmashtami,60,0,0,31.4
2023-09-04,Station Road,Kaju Katli,Sweet,61,900,54900,Monday,0,0,pre-Janmashtami,60,0,0,31.4
2023-09-04,Station Road,Besan Barfi,Sweet,73,420,30660,Monday,0,0,pre-Janmashtami,60,0,0,31.4
2023-09-04,Station Road,Motichoor Laddu,Sweet,62,380,23560,Monday,0,0,pre-Janmashtami,60,0,0,31.4
2023-09-04,Station Road,Ghewar,Sweet,26,500,13000,Monday,0,0,pre-Janmashtami,60,0,0,31.4
2023-09-04,Station Road,Gajak,Sweet,0,320,0,Monday,0,0,pre-Janmashtami,60,0,0,31.4
2023-09-04,Station Road,Soan Papdi,Sweet,32,300,9600,Monday,0,0,pre-Janmashtami,60,0,0,31.4
2023-09-04,Station Road,Bikaneri Bhujia,Namkeen,158,360,56880,Monday,0,0,pre-Janmashtami,60,0,0,31.4
2023-09-04,Station Road,Aloo Bhujia,Namkeen,81,300,24300,Monday,0,0,pre-Janmashtami,60,0,0,31.4
2023-09-05,Station Road,Rasgulla,Sweet,120,280,33600,Tuesday,0,0,pre-Janmashtami,60,0,0,33.2
2023-09-05,Station Road,Gulab Jamun,Sweet,151,270,40770,Tuesday,0,0,pre-Janmashtami,60,0,1,33.2
2023-09-05,Station Road,Kaju Katli,Sweet,72,900,64800,Tuesday,0,0,pre-Janmashtami,60,0,0,33.2
2023-09-05,Station Road,Besan Barfi,Sweet,106,378,40068,Tuesday,0,0,pre-Janmashtami,60,0,1,33.2
2023-09-05,Station Road,Motichoor Laddu,Sweet,68,380,25840,Tuesday,0,0,pre-Janmashtami,60,0,0,33.2
2023-09-05,Station Road,Ghewar,Sweet,26,500,13000,Tuesday,0,0,pre-Janmashtami,60,0,0,33.2
2023-09-05,Station Road,Gajak,Sweet,1,320,320,Tuesday,0,0,pre-Janmashtami,60,0,0,33.2
2023-09-05,Station Road,Soan Papdi,Sweet,53,300,15900,Tuesday,0,0,pre-Janmashtami,60,0,0,33.2
2023-09-05,Station Road,Bikaneri Bhujia,Namkeen,153,360,55080,Tuesday,0,0,pre-Janmashtami,60,0,0,33.2
2023-09-05,Station Road,Aloo Bhujia,Namkeen,73,300,21900,Tuesday,0,0,pre-Janmashtami,60,0,0,33.2
2023-09-06,Station Road,Rasgulla,Sweet,192,280,53760,Wednesday,0,1,Janmashtami,60,0,0,30.0
2023-09-06,Station Road,Gulab Jamun,Sweet,219,300,65700,Wednesday,0,1,Janmashtami,60,0,0,30.0
2023-09-06,Station Road,Kaju Katli,Sweet,153,900,137700,Wednesday,0,1,Janmashtami,60,0,0,30.0
2023-09-06,Station Road,Besan Barfi,Sweet,161,420,67620,Wednesday,0,1,Janmashtami,60,0,0,30.0
2023-09-06,Station Road,Motichoor Laddu,Sweet,146,380,55480,Wednesday,0,1,Janmashtami,60,0,0,30.0
2023-09-06,Station Road,Ghewar,Sweet,72,500,36000,Wednesday,0,1,Janmashtami,60,0,0,30.0
2023-09-06,Station Road,Gajak,Sweet,2,320,640,Wednesday,0,1,Janmashtami,60,0,0,30.0
2023-09-06,Station Road,Soan Papdi,Sweet,82,300,24600,Wednesday,0,1,Janmashtami,60,0,0,30.0
2023-09-06,Station Road,Bikaneri Bhujia,Namkeen,329,360,118440,Wednesday,0,1,Janmashtami,60,0,0,30.0
2023-09-06,Station Road,Aloo Bhujia,Namkeen,109,300,32700,Wednesday,0,1,Janmashtami,60,0,0,30.0
2023-09-07,Station Road,Rasgulla,Sweet,32,280,8960,Thursday,0,0,None,60,0,0,32.4
2023-09-07,Station Road,Gulab Jamun,Sweet,43,300,12900,Thursday,0,0,None,60,0,0,32.4
2023-09-07,Station Road,Kaju Katli,Sweet,25,900,22500,Thursday,0,0,None,60,0,0,32.4
2023-09-07,Station Road,Besan Barfi,Sweet,33,420,13860,Thursday,0,0,None,60,0,0,32.4
2023-09-07,Station Road,Motichoor Laddu,Sweet,24,380,9120,Thursday,0,0,None,60,0,0,32.4
2023-09-07,Station Road,Ghewar,Sweet,17,500,8500,Thursday,0,0,None,60,0,0,32.4
2023-09-07,Station Road,Gajak,Sweet,1,320,320,Thursday,0,0,None,60,0,0,32.4
2023-09-07,Station Road,Soan Papdi,Sweet,19,300,5700,Thursday,0,0,None,60,0,0,32.4
2023-09-07,Station Road,Bikaneri Bhujia,Namkeen,92,360,33120,Thursday,0,0,None,60,0,0,32.4
2023-09-07,Station Road,Aloo Bhujia,Namkeen,30,300,9000,Thursday,0,0,None,60,0,0,32.4
2023-09-08,Station Road,Rasgulla,Sweet,55,280,15400,Friday,0,0,None,60,0,0,33.3
2023-09-08,Station Road,Gulab Jamun,Sweet,61,300,18300,Friday,0,0,None,60,0,0,33.3
2023-09-08,Station Road,Kaju Katli,Sweet,33,900,29700,Friday,0,0,None,60,0,0,33.3
2023-09-08,Station Road,Besan Barfi,Sweet,43,420,18060,Friday,0,0,None,60,0,0,33.3
2023-09-08,Station Road,Motichoor Laddu,Sweet,30,380,11400,Friday,0,0,None,60,0,0,33.3
2023-09-08,Station Road,Ghewar,Sweet,24,500,12000,Friday,0,0,None,60,0,0,33.3
2023-09-08,Station Road,Gajak,Sweet,2,320,640,Friday,0,0,None,60,0,0,33.3
2023-09-08,Station Road,Soan Papdi,Sweet,7,300,2100,Friday,0,0,None,60,0,0,33.3
2023-09-08,Station Road,Bikaneri Bhujia,Namkeen,79,360,28440,Friday,0,0,None,60,0,0,33.3
2023-09-08,Station Road,Aloo Bhujia,Namkeen,50,300,15000,Friday,0,0,None,60,0,0,33.3
2023-09-09,Station Road,Rasgulla,Sweet,71,280,19880,Saturday,1,0,None,60,0,0,32.1
2023-09-09,Station Road,Gulab Jamun,Sweet,74,300,22200,Saturday,1,0,None,60,0,0,32.1
2023-09-09,Station Road,Kaju Katli,Sweet,34,900,30600,Saturday,1,0,None,60,0,0,32.1
2023-09-09,Station Road,Besan Barfi,Sweet,46,420,19320,Saturday,1,0,None,60,0,0,32.1
2023-09-09,Station Road,Motichoor Laddu,Sweet,36,342,12312,Saturday,1,0,None,60,0,1,32.1
2023-09-09,Station Road,Ghewar,Sweet,21,500,10500,Saturday,1,0,None,60,0,0,32.1
2023-09-09,Station Road,Gajak,Sweet,2,320,640,Saturday,1,0,None,60,0,0,32.1
2023-09-09,Station Road,Soan Papdi,Sweet,13,300,3900,Saturday,1,0,None,60,0,0,32.1
2023-09-09,Station Road,Bikaneri Bhujia,Namkeen,105,360,37800,Saturday,1,0,None,60,0,0,32.1
2023-09-09,Station Road,Aloo Bhujia,Namkeen,41,300,12300,Saturday,1,0,None,60,0,0,32.1
2023-09-10,Station Road,Rasgulla,Sweet,64,280,17920,Sunday,1,0,None,60,0,0,32.0
2023-09-10,Station Road,Gulab Jamun,Sweet,89,300,26700,Sunday,1,0,None,60,0,0,32.0
2023-09-10,Station Road,Kaju Katli,Sweet,48,900,43200,Sunday,1,0,None,60,0,0,32.0
2023-09-10,Station Road,Besan Barfi,Sweet,44,420,18480,Sunday,1,0,None,60,0,0,32.0
2023-09-10,Station Road,Motichoor Laddu,Sweet,43,380,16340,Sunday,1,0,None,60,0,0,32.0
2023-09-10,Station Road,Ghewar,Sweet,26,500,13000,Sunday,1,0,None,60,0,0,32.0
2023-09-10,Station Road,Gajak,Sweet,3,320,960,Sunday,1,0,None,60,0,0,32.0
2023-09-10,Station Road,Soan Papdi,Sweet,32,300,9600,Sunday,1,0,None,60,0,0,32.0
2023-09-10,Station Road,Bikaneri Bhujia,Namkeen,142,324,46008,Sunday,1,0,None,60,0,1,32.0
2023-09-10,Station Road,Aloo Bhujia,Namkeen,48,300,14400,Sunday,1,0,None,60,0,0,32.0
2023-09-11,Station Road,Rasgulla,Sweet,39,280,10920,Monday,0,0,None,60,0,0,32.7
2023-09-11,Station Road,Gulab Jamun,Sweet,47,300,14100,Monday,0,0,None,60,0,0,32.7
2023-09-11,Station Road,Kaju Katli,Sweet,18,900,16200,Monday,0,0,None,60,0,0,32.7
2023-09-11,Station Road,Besan Barfi,Sweet,31,420,13020,Monday,0,0,None,60,0,0,32.7
2023-09-11,Station Road,Motichoor Laddu,Sweet,24,380,9120,Monday,0,0,None,60,0,0,32.7
2023-09-11,Station Road,Ghewar,Sweet,18,500,9000,Monday,0,0,None,60,0,0,32.7
2023-09-11,Station Road,Gajak,Sweet,0,320,0,Monday,0,0,None,60,0,0,32.7
2023-09-11,Station Road,Soan Papdi,Sweet,22,300,6600,Monday,0,0,None,60,0,0,32.7
2023-09-11,Station Road,Bikaneri Bhujia,Namkeen,74,360,26640,Monday,0,0,None,60,0,0,32.7
2023-09-11,Station Road,Aloo Bhujia,Namkeen,38,300,11400,Monday,0,0,None,60,0,0,32.7
2023-09-12,Station Road,Rasgulla,Sweet,45,280,12600,Tuesday,0,0,None,59,0,0,33.5
2023-09-12,Station Road,Gulab Jamun,Sweet,44,300,13200,Tuesday,0,0,None,59,0,0,33.5
2023-09-12,Station Road,Kaju Katli,Sweet,20,900,18000,Tuesday,0,0,None,59,0,0,33.5
2023-09-12,Station Road,Besan Barfi,Sweet,31,420,13020,Tuesday,0,0,None,59,0,0,33.5
2023-09-12,Station Road,Motichoor Laddu,Sweet,25,380,9500,Tuesday,0,0,None,59,0,0,33.5
2023-09-12,Station Road,Ghewar,Sweet,22,450,9900,Tuesday,0,0,None,59,0,1,33.5
2023-09-12,Station Road,Gajak,Sweet,1,320,320,Tuesday,0,0,None,59,0,0,33.5
2023-09-12,Station Road,Soan Papdi,Sweet,26,300,7800,Tuesday,0,0,None,59,0,0,33.5
2023-09-12,Station Road,Bikaneri Bhujia,Namkeen,69,360,24840,Tuesday,0,0,None,59,0,0,33.5
2023-09-12,Station Road,Aloo Bhujia,Namkeen,29,300,8700,Tuesday,0,0,None,59,0,0,33.5
2023-09-13,Station Road,Rasgulla,Sweet,56,280,15680,Wednesday,0,0,None,58,0,0,26.7
2023-09-13,Station Road,Gulab Jamun,Sweet,44,300,13200,Wednesday,0,0,None,58,0,0,26.7
2023-09-13,Station Road,Kaju Katli,Sweet,31,900,27900,Wednesday,0,0,None,58,0,0,26.7
2023-09-13,Station Road,Besan Barfi,Sweet,30,420,12600,Wednesday,0,0,None,58,0,0,26.7
2023-09-13,Station Road,Motichoor Laddu,Sweet,21,380,7980,Wednesday,0,0,None,58,0,0,26.7
2023-09-13,Station Road,Ghewar,Sweet,12,500,6000,Wednesday,0,0,None,58,0,0,26.7
2023-09-13,Station Road,Gajak,Sweet,0,288,0,Wednesday,0,0,None,58,0,1,26.7
2023-09-13,Station Road,Soan Papdi,Sweet,18,300,5400,Wednesday,0,0,None,58,0,0,26.7
2023-09-13,Station Road,Bikaneri Bhujia,Namkeen,98,324,31752,Wednesday,0,0,None,58,0,1,26.7
2023-09-13,Station Road,Aloo Bhujia,Namkeen,42,300,12600,Wednesday,0,0,None,58,0,0,26.7
2023-09-14,Station Road,Rasgulla,Sweet,42,280,11760,Thursday,0,0,None,57,0,0,33.5
2023-09-14,Station Road,Gulab Jamun,Sweet,51,300,15300,Thursday,0,0,None,57,0,0,33.5
2023-09-14,Station Road,Kaju Katli,Sweet,22,900,19800,Thursday,0,0,None,57,0,0,33.5
2023-09-14,Station Road,Besan Barfi,Sweet,30,420,12600,Thursday,0,0,None,57,0,0,33.5
2023-09-14,Station Road,Motichoor Laddu,Sweet,43,342,14706,Thursday,0,0,None,57,0,1,33.5
2023-09-14,Station Road,Ghewar,Sweet,13,500,6500,Thursday,0,0,None,57,0,0,33.5
2023-09-14,Station Road,Gajak,Sweet,1,320,320,Thursday,0,0,None,57,0,0,33.5
2023-09-14,Station Road,Soan Papdi,Sweet,23,300,6900,Thursday,0,0,None,57,0,0,33.5
2023-09-14,Station Road,Bikaneri Bhujia,Namkeen,78,360,28080,Thursday,0,0,None,57,0,0,33.5
2023-09-14,Station Road,Aloo Bhujia,Namkeen,47,300,14100,Thursday,0,0,None,57,0,0,33.5
2023-09-15,Station Road,Rasgulla,Sweet,54,280,15120,Friday,0,0,None,56,0,0,31.4
2023-09-15,Station Road,Gulab Jamun,Sweet,53,300,15900,Friday,0,0,None,56,0,0,31.4
2023-09-15,Station Road,Kaju Katli,Sweet,26,900,23400,Friday,0,0,None,56,0,0,31.4
2023-09-15,Station Road,Besan Barfi,Sweet,38,378,14364,Friday,0,0,None,56,0,1,31.4
2023-09-15,Station Road,Motichoor Laddu,Sweet,32,380,12160,Friday,0,0,None,56,0,0,31.4
2023-09-15,Station Road,Ghewar,Sweet,24,500,12000,Friday,0,0,None,56,0,0,31.4
2023-09-15,Station Road,Gajak,Sweet,3,320,960,Friday,0,0,None,56,0,0,31.4
2023-09-15,Station Road,Soan Papdi,Sweet,28,300,8400,Friday,0,0,None,56,0,0,31.4
2023-09-15,Station Road,Bikaneri Bhujia,Namkeen,99,360,35640,Friday,0,0,None,56,0,0,31.4
2023-09-15,Station Road,Aloo Bhujia,Namkeen,51,300,15300,Friday,0,0,None,56,0,0,31.4
2023-09-16,Station Road,Rasgulla,Sweet,72,280,20160,Saturday,1,0,None,55,0,0,34.1
2023-09-16,Station Road,Gulab Jamun,Sweet,83,300,24900,Saturday,1,0,None,55,0,0,34.1
2023-09-16,Station Road,Kaju Katli,Sweet,21,900,18900,Saturday,1,0,None,55,0,0,34.1
2023-09-16,Station Road,Besan Barfi,Sweet,41,420,17220,Saturday,1,0,None,55,0,0,34.1
2023-09-16,Station Road,Motichoor Laddu,Sweet,39,380,14820,Saturday,1,0,None,55,0,0,34.1
2023-09-16,Station Road,Ghewar,Sweet,21,500,10500,Saturday,1,0,None,55,0,0,34.1
2023-09-16,Station Road,Gajak,Sweet,0,320,0,Saturday,1,0,None,55,0,0,34.1
2023-09-16,Station Road,Soan Papdi,Sweet,23,300,6900,Saturday,1,0,None,55,0,0,34.1
2023-09-16,Station Road,Bikaneri Bhujia,Namkeen,114,360,41040,Saturday,1,0,None,55,0,0,34.1
2023-09-16,Station Road,Aloo Bhujia,Namkeen,52,300,15600,Saturday,1,0,None,55,0,0,34.1
2023-09-17,Station Road,Rasgulla,Sweet,82,252,20664,Sunday,1,0,None,54,0,1,30.0
2023-09-17,Station Road,Gulab Jamun,Sweet,70,300,21000,Sunday,1,0,None,54,0,0,30.0
2023-09-17,Station Road,Kaju Katli,Sweet,38,900,34200,Sunday,1,0,None,54,0,0,30.0
2023-09-17,Station Road,Besan Barfi,Sweet,54,420,22680,Sunday,1,0,None,54,0,0,30.0
2023-09-17,Station Road,Motichoor Laddu,Sweet,31,380,11780,Sunday,1,0,None,54,0,0,30.0
2023-09-17,Station Road,Ghewar,Sweet,18,500,9000,Sunday,1,0,None,54,0,0,30.0
2023-09-17,Station Road,Gajak,Sweet,2,320,640,Sunday,1,0,None,54,0,0,30.0
2023-09-17,Station Road,Soan Papdi,Sweet,28,300,8400,Sunday,1,0,None,54,0,0,30.0
2023-09-17,Station Road,Bikaneri Bhujia,Namkeen,114,360,41040,Sunday,1,0,None,54,0,0,30.0
2023-09-17,Station Road,Aloo Bhujia,Namkeen,67,300,20100,Sunday,1,0,None,54,0,0,30.0
2023-09-18,Station Road,Rasgulla,Sweet,40,280,11200,Monday,0,0,None,53,0,0,34.2
2023-09-18,Station Road,Gulab Jamun,Sweet,69,270,18630,Monday,0,0,None,53,0,1,34.2
2023-09-18,Station Road,Kaju Katli,Sweet,25,900,22500,Monday,0,0,None,53,0,0,34.2
2023-09-18,Station Road,Besan Barfi,Sweet,32,420,13440,Monday,0,0,None,53,0,0,34.2
2023-09-18,Station Road,Motichoor Laddu,Sweet,27,380,10260,Monday,0,0,None,53,0,0,34.2
2023-09-18,Station Road,Ghewar,Sweet,18,500,9000,Monday,0,0,None,53,0,0,34.2
2023-09-18,Station Road,Gajak,Sweet,2,320,640,Monday,0,0,None,53,0,0,34.2
2023-09-18,Station Road,Soan Papdi,Sweet,17,300,5100,Monday,0,0,None,53,0,0,34.2
2023-09-18,Station Road,Bikaneri Bhujia,Namkeen,85,360,30600,Monday,0,0,None,53,0,0,34.2
2023-09-18,Station Road,Aloo Bhujia,Namkeen,45,300,13500,Monday,0,0,None,53,0,0,34.2
2023-09-19,Station Road,Rasgulla,Sweet,32,280,8960,Tuesday,0,0,None,52,0,0,33.5
2023-09-19,Station Road,Gulab Jamun,Sweet,49,300,14700,Tuesday,0,0,None,52,0,0,33.5
2023-09-19,Station Road,Kaju Katli,Sweet,18,900,16200,Tuesday,0,0,None,52,0,0,33.5
2023-09-19,Station Road,Besan Barfi,Sweet,28,420,11760,Tuesday,0,0,None,52,0,0,33.5
2023-09-19,Station Road,Motichoor Laddu,Sweet,36,380,13680,Tuesday,0,0,None,52,0,0,33.5
2023-09-19,Station Road,Ghewar,Sweet,12,500,6000,Tuesday,0,0,None,52,0,0,33.5
2023-09-19,Station Road,Gajak,Sweet,2,320,640,Tuesday,0,0,None,52,0,0,33.5
2023-09-19,Station Road,Soan Papdi,Sweet,19,300,5700,Tuesday,0,0,None,52,0,0,33.5
2023-09-19,Station Road,Bikaneri Bhujia,Namkeen,84,360,30240,Tuesday,0,0,None,52,0,0,33.5
2023-09-19,Station Road,Aloo Bhujia,Namkeen,41,300,12300,Tuesday,0,0,None,52,0,0,33.5
2023-09-20,Station Road,Rasgulla,Sweet,47,280,13160,Wednesday,0,0,None,51,0,0,35.2
2023-09-20,Station Road,Gulab Jamun,Sweet,54,300,16200,Wednesday,0,0,None,51,0,0,35.2
2023-09-20,Station Road,Kaju Katli,Sweet,23,900,20700,Wednesday,0,0,None,51,0,0,35.2
2023-09-20,Station Road,Besan Barfi,Sweet,37,420,15540,Wednesday,0,0,None,51,0,0,35.2
2023-09-20,Station Road,Motichoor Laddu,Sweet,32,380,12160,Wednesday,0,0,None,51,0,0,35.2
2023-09-20,Station Road,Ghewar,Sweet,8,500,4000,Wednesday,0,0,None,51,0,0,35.2
2023-09-20,Station Road,Gajak,Sweet,0,320,0,Wednesday,0,0,None,51,0,0,35.2
2023-09-20,Station Road,Soan Papdi,Sweet,22,300,6600,Wednesday,0,0,None,51,0,0,35.2
2023-09-20,Station Road,Bikaneri Bhujia,Namkeen,85,360,30600,Wednesday,0,0,None,51,0,0,35.2
2023-09-20,Station Road,Aloo Bhujia,Namkeen,34,300,10200,Wednesday,0,0,None,51,0,0,35.2
2023-09-21,Station Road,Rasgulla,Sweet,48,280,13440,Thursday,0,0,None,50,0,0,36.2
2023-09-21,Station Road,Gulab Jamun,Sweet,52,300,15600,Thursday,0,0,None,50,0,0,36.2
2023-09-21,Station Road,Kaju Katli,Sweet,37,900,33300,Thursday,0,0,None,50,0,0,36.2
2023-09-21,Station Road,Besan Barfi,Sweet,35,420,14700,Thursday,0,0,None,50,0,0,36.2
2023-09-21,Station Road,Motichoor Laddu,Sweet,29,380,11020,Thursday,0,0,None,50,0,0,36.2
2023-09-21,Station Road,Ghewar,Sweet,25,500,12500,Thursday,0,0,None,50,0,0,36.2
2023-09-21,Station Road,Gajak,Sweet,2,320,640,Thursday,0,0,None,50,0,0,36.2
2023-09-21,Station Road,Soan Papdi,Sweet,14,300,4200,Thursday,0,0,None,50,0,0,36.2
2023-09-21,Station Road,Bikaneri Bhujia,Namkeen,95,360,34200,Thursday,0,0,None,50,0,0,36.2
2023-09-21,Station Road,Aloo Bhujia,Namkeen,36,300,10800,Thursday,0,0,None,50,0,0,36.2
2023-09-22,Station Road,Rasgulla,Sweet,46,280,12880,Friday,0,0,None,49,0,0,31.6
2023-09-22,Station Road,Gulab Jamun,Sweet,59,300,17700,Friday,0,0,None,49,0,0,31.6
2023-09-22,Station Road,Kaju Katli,Sweet,31,900,27900,Friday,0,0,None,49,0,0,31.6
2023-09-22,Station Road,Besan Barfi,Sweet,37,420,15540,Friday,0,0,None,49,0,0,31.6
2023-09-22,Station Road,Motichoor Laddu,Sweet,41,380,15580,Friday,0,0,None,49,0,0,31.6
2023-09-22,Station Road,Ghewar,Sweet,25,500,12500,Friday,0,0,None,49,0,0,31.6
2023-09-22,Station Road,Gajak,Sweet,0,320,0,Friday,0,0,None,49,0,0,31.6
2023-09-22,Station Road,Soan Papdi,Sweet,17,300,5100,Friday,0,0,None,49,0,0,31.6
2023-09-22,Station Road,Bikaneri Bhujia,Namkeen,97,360,34920,Friday,0,0,None,49,0,0,31.6
2023-09-22,Station Road,Aloo Bhujia,Namkeen,49,300,14700,Friday,0,0,None,49,0,0,31.6
2023-09-23,Station Road,Rasgulla,Sweet,48,280,13440,Saturday,1,0,None,48,0,0,33.5
2023-09-23,Station Road,Gulab Jamun,Sweet,62,300,18600,Saturday,1,0,None,48,0,0,33.5
2023-09-23,Station Road,Kaju Katli,Sweet,45,900,40500,Saturday,1,0,None,48,0,0,33.5
2023-09-23,Station Road,Besan Barfi,Sweet,37,420,15540,Saturday,1,0,None,48,0,0,33.5
2023-09-23,Station Road,Motichoor Laddu,Sweet,41,380,15580,Saturday,1,0,None,48,0,0,33.5
2023-09-23,Station Road,Ghewar,Sweet,14,500,7000,Saturday,1,0,None,48,0,0,33.5
2023-09-23,Station Road,Gajak,Sweet,0,320,0,Saturday,1,0,None,48,0,0,33.5
2023-09-23,Station Road,Soan Papdi,Sweet,21,300,6300,Saturday,1,0,None,48,0,0,33.5
2023-09-23,Station Road,Bikaneri Bhujia,Namkeen,138,360,49680,Saturday,1,0,None,48,0,0,33.5
2023-09-23,Station Road,Aloo Bhujia,Namkeen,52,300,15600,Saturday,1,0,None,48,0,0,33.5
2023-09-24,Station Road,Rasgulla,Sweet,86,280,24080,Sunday,1,0,None,47,0,0,28.3
2023-09-24,Station Road,Gulab Jamun,Sweet,76,300,22800,Sunday,1,0,None,47,0,0,28.3
2023-09-24,Station Road,Kaju Katli,Sweet,41,900,36900,Sunday,1,0,None,47,0,0,28.3
2023-09-24,Station Road,Besan Barfi,Sweet,56,420,23520,Sunday,1,0,None,47,0,0,28.3
2023-09-24,Station Road,Motichoor Laddu,Sweet,32,380,12160,Sunday,1,0,None,47,0,0,28.3
2023-09-24,Station Road,Ghewar,Sweet,28,450,12600,Sunday,1,0,None,47,0,1,28.3
2023-09-24,Station Road,Gajak,Sweet,2,320,640,Sunday,1,0,None,47,0,0,28.3
2023-09-24,Station Road,Soan Papdi,Sweet,29,300,8700,Sunday,1,0,None,47,0,0,28.3
2023-09-24,Station Road,Bikaneri Bhujia,Namkeen,110,360,39600,Sunday,1,0,None,47,0,0,28.3
2023-09-24,Station Road,Aloo Bhujia,Namkeen,62,300,18600,Sunday,1,0,None,47,0,0,28.3
2023-09-25,Station Road,Rasgulla,Sweet,48,280,13440,Monday,0,0,None,46,0,0,31.9
2023-09-25,Station Road,Gulab Jamun,Sweet,40,300,12000,Monday,0,0,None,46,0,0,31.9
2023-09-25,Station Road,Kaju Katli,Sweet,15,900,13500,Monday,0,0,None,46,0,0,31.9
2023-09-25,Station Road,Besan Barfi,Sweet,26,420,10920,Monday,0,0,None,46,0,0,31.9
2023-09-25,Station Road,Motichoor Laddu,Sweet,21,380,7980,Monday,0,0,None,46,0,0,31.9
2023-09-25,Station Road,Ghewar,Sweet,22,500,11000,Monday,0,0,None,46,0,0,31.9
2023-09-25,Station Road,Gajak,Sweet,1,320,320,Monday,0,0,None,46,0,0,31.9
2023-09-25,Station Road,Soan Papdi,Sweet,20,300,6000,Monday,0,0,None,46,0,0,31.9
2023-09-25,Station Road,Bikaneri Bhujia,Namkeen,69,360,24840,Monday,0,0,None,46,0,0,31.9
2023-09-25,Station Road,Aloo Bhujia,Namkeen,39,300,11700,Monday,0,0,None,46,0,0,31.9
2023-09-26,Station Road,Rasgulla,Sweet,56,280,15680,Tuesday,0,0,None,45,0,0,39.7
2023-09-26,Station Road,Gulab Jamun,Sweet,42,300,12600,Tuesday,0,0,None,45,0,0,39.7
2023-09-26,Station Road,Kaju Katli,Sweet,25,900,22500,Tuesday,0,0,None,45,0,0,39.7
2023-09-26,Station Road,Besan Barfi,Sweet,32,420,13440,Tuesday,0,0,None,45,0,0,39.7
2023-09-26,Station Road,Motichoor Laddu,Sweet,38,380,14440,Tuesday,0,0,None,45,0,0,39.7
2023-09-26,Station Road,Ghewar,Sweet,27,500,13500,Tuesday,0,0,None,45,0,0,39.7
2023-09-26,Station Road,Gajak,Sweet,1,320,320,Tuesday,0,0,None,45,0,0,39.7
2023-09-26,Station Road,Soan Papdi,Sweet,21,300,6300,Tuesday,0,0,None,45,0,0,39.7
2023-09-26,Station Road,Bikaneri Bhujia,Namkeen,82,360,29520,Tuesday,0,0,None,45,0,0,39.7
2023-09-26,Station Road,Aloo Bhujia,Namkeen,29,300,8700,Tuesday,0,0,None,45,0,0,39.7
2023-09-27,Station Road,Rasgulla,Sweet,45,280,12600,Wednesday,0,0,None,44,0,0,38.0
2023-09-27,Station Road,Gulab Jamun,Sweet,42,300,12600,Wednesday,0,0,None,44,0,0,38.0
2023-09-27,Station Road,Kaju Katli,Sweet,30,900,27000,Wednesday,0,0,None,44,0,0,38.0
2023-09-27,Station Road,Besan Barfi,Sweet,40,420,16800,Wednesday,0,0,None,44,0,0,38.0
2023-09-27,Station Road,Motichoor Laddu,Sweet,32,380,12160,Wednesday,0,0,None,44,0,0,38.0
2023-09-27,Station Road,Ghewar,Sweet,23,500,11500,Wednesday,0,0,None,44,0,0,38.0
2023-09-27,Station Road,Gajak,Sweet,3,320,960,Wednesday,0,0,None,44,0,0,38.0
2023-09-27,Station Road,Soan Papdi,Sweet,19,300,5700,Wednesday,0,0,None,44,0,0,38.0
2023-09-27,Station Road,Bikaneri Bhujia,Namkeen,78,360,28080,Wednesday,0,0,None,44,0,0,38.0
2023-09-27,Station Road,Aloo Bhujia,Namkeen,68,270,18360,Wednesday,0,0,None,44,0,1,38.0
2023-09-28,Station Road,Rasgulla,Sweet,46,252,11592,Thursday,0,0,None,43,0,1,33.7
2023-09-28,Station Road,Gulab Jamun,Sweet,44,300,13200,Thursday,0,0,None,43,0,0,33.7
2023-09-28,Station Road,Kaju Katli,Sweet,27,900,24300,Thursday,0,0,None,43,0,0,33.7
2023-09-28,Station Road,Besan Barfi,Sweet,30,420,12600,Thursday,0,0,None,43,0,0,33.7
2023-09-28,Station Road,Motichoor Laddu,Sweet,19,380,7220,Thursday,0,0,None,43,0,0,33.7
2023-09-28,Station Road,Ghewar,Sweet,14,500,7000,Thursday,0,0,None,43,0,0,33.7
2023-09-28,Station Road,Gajak,Sweet,5,320,1600,Thursday,0,0,None,43,0,0,33.7
2023-09-28,Station Road,Soan Papdi,Sweet,23,300,6900,Thursday,0,0,None,43,0,0,33.7
2023-09-28,Station Road,Bikaneri Bhujia,Namkeen,76,360,27360,Thursday,0,0,None,43,0,0,33.7
2023-09-28,Station Road,Aloo Bhujia,Namkeen,39,300,11700,Thursday,0,0,None,43,0,0,33.7
2023-09-29,Station Road,Rasgulla,Sweet,47,280,13160,Friday,0,0,None,42,0,0,29.9
2023-09-29,Station Road,Gulab Jamun,Sweet,53,300,15900,Friday,0,0,None,42,0,0,29.9
2023-09-29,Station Road,Kaju Katli,Sweet,23,900,20700,Friday,0,0,None,42,0,0,29.9
2023-09-29,Station Road,Besan Barfi,Sweet,37,420,15540,Friday,0,0,None,42,0,0,29.9
2023-09-29,Station Road,Motichoor Laddu,Sweet,31,380,11780,Friday,0,0,None,42,0,0,29.9
2023-09-29,Station Road,Ghewar,Sweet,24,500,12000,Friday,0,0,None,42,0,0,29.9
2023-09-29,Station Road,Gajak,Sweet,2,320,640,Friday,0,0,None,42,0,0,29.9
2023-09-29,Station Road,Soan Papdi,Sweet,20,300,6000,Friday,0,0,None,42,0,0,29.9
2023-09-29,Station Road,Bikaneri Bhujia,Namkeen,76,360,27360,Friday,0,0,None,42,0,0,29.9
2023-09-29,Station Road,Aloo Bhujia,Namkeen,42,300,12600,Friday,0,0,None,42,0,0,29.9
2023-09-30,Station Road,Rasgulla,Sweet,65,280,18200,Saturday,1,0,None,41,0,0,31.4
2023-09-30,Station Road,Gulab Jamun,Sweet,66,300,19800,Saturday,1,0,None,41,0,0,31.4
2023-09-30,Station Road,Kaju Katli,Sweet,35,900,31500,Saturday,1,0,None,41,0,0,31.4
2023-09-30,Station Road,Besan Barfi,Sweet,32,420,13440,Saturday,1,0,None,41,0,0,31.4
2023-09-30,Station Road,Motichoor Laddu,Sweet,45,380,17100,Saturday,1,0,None,41,0,0,31.4
2023-09-30,Station Road,Ghewar,Sweet,25,500,12500,Saturday,1,0,None,41,0,0,31.4
2023-09-30,Station Road,Gajak,Sweet,1,320,320,Saturday,1,0,None,41,0,0,31.4
2023-09-30,Station Road,Soan Papdi,Sweet,21,300,6300,Saturday,1,0,None,41,0,0,31.4
2023-09-30,Station Road,Bikaneri Bhujia,Namkeen,109,324,35316,Saturday,1,0,None,41,0,1,31.4
2023-09-30,Station Road,Aloo Bhujia,Namkeen,40,300,12000,Saturday,1,0,None,41,0,0,31.4
2023-10-01,Station Road,Rasgulla,Sweet,71,280,19880,Sunday,1,0,None,40,0,0,30.6
2023-10-01,Station Road,Gulab Jamun,Sweet,85,300,25500,Sunday,1,0,None,40,0,0,30.6
2023-10-01,Station Road,Kaju Katli,Sweet,36,900,32400,Sunday,1,0,None,40,0,0,30.6
2023-10-01,Station Road,Besan Barfi,Sweet,42,420,17640,Sunday,1,0,None,40,0,0,30.6
2023-10-01,Station Road,Motichoor Laddu,Sweet,60,380,22800,Sunday,1,0,None,40,0,0,30.6
2023-10-01,Station Road,Ghewar,Sweet,0,450,0,Sunday,1,0,None,40,0,1,30.6
2023-10-01,Station Road,Gajak,Sweet,19,320,6080,Sunday,1,0,None,40,0,0,30.6
2023-10-01,Station Road,Soan Papdi,Sweet,25,300,7500,Sunday,1,0,None,40,0,0,30.6
2023-10-01,Station Road,Bikaneri Bhujia,Namkeen,118,360,42480,Sunday,1,0,None,40,0,0,30.6
2023-10-01,Station Road,Aloo Bhujia,Namkeen,67,300,20100,Sunday,1,0,None,40,0,0,30.6
2023-10-02,Station Road,Rasgulla,Sweet,52,280,14560,Monday,0,0,None,39,0,0,31.8
2023-10-02,Station Road,Gulab Jamun,Sweet,48,300,14400,Monday,0,0,None,39,0,0,31.8
2023-10-02,Station Road,Kaju Katli,Sweet,26,900,23400,Monday,0,0,None,39,0,0,31.8
2023-10-02,Station Road,Besan Barfi,Sweet,31,420,13020,Monday,0,0,None,39,0,0,31.8
2023-10-02,Station Road,Motichoor Laddu,Sweet,33,380,12540,Monday,0,0,None,39,0,0,31.8
2023-10-02,Station Road,Ghewar,Sweet,0,500,0,Monday,0,0,None,39,0,0,31.8
2023-10-02,Station Road,Gajak,Sweet,6,320,1920,Monday,0,0,None,39,0,0,31.8
2023-10-02,Station Road,Soan Papdi,Sweet,17,300,5100,Monday,0,0,None,39,0,0,31.8
2023-10-02,Station Road,Bikaneri Bhujia,Namkeen,60,360,21600,Monday,0,0,None,39,0,0,31.8
2023-10-02,Station Road,Aloo Bhujia,Namkeen,55,270,14850,Monday,0,0,None,39,0,1,31.8
2023-10-03,Station Road,Rasgulla,Sweet,50,280,14000,Tuesday,0,0,None,38,0,0,27.6
2023-10-03,Station Road,Gulab Jamun,Sweet,41,300,12300,Tuesday,0,0,None,38,0,0,27.6
2023-10-03,Station Road,Kaju Katli,Sweet,30,900,27000,Tuesday,0,0,None,38,0,0,27.6
2023-10-03,Station Road,Besan Barfi,Sweet,24,420,10080,Tuesday,0,0,None,38,0,0,27.6
2023-10-03,Station Road,Motichoor Laddu,Sweet,24,380,9120,Tuesday,0,0,None,38,0,0,27.6
2023-10-03,Station Road,Ghewar,Sweet,2,500,1000,Tuesday,0,0,None,38,0,0,27.6
2023-10-03,Station Road,Gajak,Sweet,10,320,3200,Tuesday,0,0,None,38,0,0,27.6
2023-10-03,Station Road,Soan Papdi,Sweet,20,300,6000,Tuesday,0,0,None,38,0,0,27.6
2023-10-03,Station Road,Bikaneri Bhujia,Namkeen,82,360,29520,Tuesday,0,0,None,38,0,0,27.6
2023-10-03,Station Road,Aloo Bhujia,Namkeen,35,300,10500,Tuesday,0,0,None,38,0,0,27.6
2023-10-04,Station Road,Rasgulla,Sweet,55,280,15400,Wednesday,0,0,None,37,0,0,32.4
2023-10-04,Station Road,Gulab Jamun,Sweet,46,300,13800,Wednesday,0,0,None,37,0,0,32.4
2023-10-04,Station Road,Kaju Katli,Sweet,18,900,16200,Wednesday,0,0,None,37,0,0,32.4
2023-10-04,Station Road,Besan Barfi,Sweet,31,420,13020,Wednesday,0,0,None,37,0,0,32.4
2023-10-04,Station Road,Motichoor Laddu,Sweet,31,380,11780,Wednesday,0,0,None,37,0,0,32.4
2023-10-04,Station Road,Ghewar,Sweet,1,500,500,Wednesday,0,0,None,37,0,0,32.4
2023-10-04,Station Road,Gajak,Sweet,11,320,3520,Wednesday,0,0,None,37,0,0,32.4
2023-10-04,Station Road,Soan Papdi,Sweet,15,300,4500,Wednesday,0,0,None,37,0,0,32.4
2023-10-04,Station Road,Bikaneri Bhujia,Namkeen,90,360,32400,Wednesday,0,0,None,37,0,0,32.4
2023-10-04,Station Road,Aloo Bhujia,Namkeen,40,300,12000,Wednesday,0,0,None,37,0,0,32.4
2023-10-05,Station Road,Rasgulla,Sweet,43,280,12040,Thursday,0,0,None,36,0,0,28.6
2023-10-05,Station Road,Gulab Jamun,Sweet,49,300,14700,Thursday,0,0,None,36,0,0,28.6
2023-10-05,Station Road,Kaju Katli,Sweet,26,900,23400,Thursday,0,0,None,36,0,0,28.6
2023-10-05,Station Road,Besan Barfi,Sweet,33,420,13860,Thursday,0,0,None,36,0,0,28.6
2023-10-05,Station Road,Motichoor Laddu,Sweet,35,380,13300,Thursday,0,0,None,36,0,0,28.6
2023-10-05,Station Road,Ghewar,Sweet,1,500,500,Thursday,0,0,None,36,0,0,28.6
2023-10-05,Station Road,Gajak,Sweet,11,320,3520,Thursday,0,0,None,36,0,0,28.6
2023-10-05,Station Road,Soan Papdi,Sweet,16,300,4800,Thursday,0,0,None,36,0,0,28.6
2023-10-05,Station Road,Bikaneri Bhujia,Namkeen,83,360,29880,Thursday,0,0,None,36,0,0,28.6
2023-10-05,Station Road,Aloo Bhujia,Namkeen,35,300,10500,Thursday,0,0,None,36,0,0,28.6
2023-10-06,Station Road,Rasgulla,Sweet,45,280,12600,Friday,0,0,None,35,0,0,30.3
2023-10-06,Station Road,Gulab Jamun,Sweet,58,300,17400,Friday,0,0,None,35,0,0,30.3
2023-10-06,Station Road,Kaju Katli,Sweet,40,900,36000,Friday,0,0,None,35,0,0,30.3
2023-10-06,Station Road,Besan Barfi,Sweet,41,420,17220,Friday,0,0,None,35,0,0,30.3
2023-10-06,Station Road,Motichoor Laddu,Sweet,26,380,9880,Friday,0,0,None,35,0,0,30.3
2023-10-06,Station Road,Ghewar,Sweet,2,500,1000,Friday,0,0,None,35,0,0,30.3
2023-10-06,Station Road,Gajak,Sweet,12,320,3840,Friday,0,0,None,35,0,0,30.3
2023-10-06,Station Road,Soan Papdi,Sweet,24,300,7200,Friday,0,0,None,35,0,0,30.3
2023-10-06,Station Road,Bikaneri Bhujia,Namkeen,97,360,34920,Friday,0,0,None,35,0,0,30.3
2023-10-06,Station Road,Aloo Bhujia,Namkeen,49,300,14700,Friday,0,0,None,35,0,0,30.3
2023-10-07,Station Road,Rasgulla,Sweet,65,280,18200,Saturday,1,0,None,34,0,0,25.2
2023-10-07,Station Road,Gulab Jamun,Sweet,74,300,22200,Saturday,1,0,None,34,0,0,25.2
2023-10-07,Station Road,Kaju Katli,Sweet,47,810,38070,Saturday,1,0,None,34,0,1,25.2
2023-10-07,Station Road,Besan Barfi,Sweet,34,420,14280,Saturday,1,0,None,34,0,0,25.2
2023-10-07,Station Road,Motichoor Laddu,Sweet,47,380,17860,Saturday,1,0,None,34,0,0,25.2
2023-10-07,Station Road,Ghewar,Sweet,0,500,0,Saturday,1,0,None,34,0,0,25.2
2023-10-07,Station Road,Gajak,Sweet,18,320,5760,Saturday,1,0,None,34,0,0,25.2
2023-10-07,Station Road,Soan Papdi,Sweet,20,300,6000,Saturday,1,0,None,34,0,0,25.2
2023-10-07,Station Road,Bikaneri Bhujia,Namkeen,127,360,45720,Saturday,1,0,None,34,0,0,25.2
2023-10-07,Station Road,Aloo Bhujia,Namkeen,47,300,14100,Saturday,1,0,None,34,0,0,25.2
2023-10-08,Station Road,Rasgulla,Sweet,72,280,20160,Sunday,1,0,None,33,0,0,30.3
2023-10-08,Station Road,Gulab Jamun,Sweet,67,300,20100,Sunday,1,0,None,33,0,0,30.3
2023-10-08,Station Road,Kaju Katli,Sweet,40,900,36000,Sunday,1,0,None,33,0,0,30.3
2023-10-08,Station Road,Besan Barfi,Sweet,52,420,21840,Sunday,1,0,None,33,0,0,30.3
2023-10-08,Station Road,Motichoor Laddu,Sweet,45,380,17100,Sunday,1,0,None,33,0,0,30.3
2023-10-08,Station Road,Ghewar,Sweet,3,500,1500,Sunday,1,0,None,33,0,0,30.3
2023-10-08,Station Road,Gajak,Sweet,8,320,2560,Sunday,1,0,None,33,0,0,30.3
2023-10-08,Station Road,Soan Papdi,Sweet,32,300,9600,Sunday,1,0,None,33,0,0,30.3
2023-10-08,Station Road,Bikaneri Bhujia,Namkeen,113,360,40680,Sunday,1,0,None,33,0,0,30.3
2023-10-08,Station Road,Aloo Bhujia,Namkeen,56,300,16800,Sunday,1,0,None,33,0,0,30.3
2023-10-09,Station Road,Rasgulla,Sweet,52,280,14560,Monday,0,0,None,32,0,0,26.8
2023-10-09,Station Road,Gulab Jamun,Sweet,63,300,18900,Monday,0,0,None,32,0,0,26.8
2023-10-09,Station Road,Kaju Katli,Sweet,21,900,18900,Monday,0,0,None,32,0,0,26.8
2023-10-09,Station Road,Besan Barfi,Sweet,20,420,8400,Monday,0,0,None,32,0,0,26.8
2023-10-09,Station Road,Motichoor Laddu,Sweet,24,380,9120,Monday,0,0,None,32,0,0,26.8
2023-10-09,Station Road,Ghewar,Sweet,0,500,0,Monday,0,0,None,32,0,0,26.8
2023-10-09,Station Road,Gajak,Sweet,9,320,2880,Monday,0,0,None,32,0,0,26.8
2023-10-09,Station Road,Soan Papdi,Sweet,27,270,7290,Monday,0,0,None,32,0,1,26.8
2023-10-09,Station Road,Bikaneri Bhujia,Namkeen,78,360,28080,Monday,0,0,None,32,0,0,26.8
2023-10-09,Station Road,Aloo Bhujia,Namkeen,34,270,9180,Monday,0,0,None,32,0,1,26.8
2023-10-10,Station Road,Rasgulla,Sweet,53,280,14840,Tuesday,0,0,None,31,0,0,26.6
2023-10-10,Station Road,Gulab Jamun,Sweet,45,300,13500,Tuesday,0,0,None,31,0,0,26.6
2023-10-10,Station Road,Kaju Katli,Sweet,28,900,25200,Tuesday,0,0,None,31,0,0,26.6
2023-10-10,Station Road,Besan Barfi,Sweet,22,420,9240,Tuesday,0,0,None,31,0,0,26.6
2023-10-10,Station Road,Motichoor Laddu,Sweet,27,380,10260,Tuesday,0,0,None,31,0,0,26.6
2023-10-10,Station Road,Ghewar,Sweet,3,500,1500,Tuesday,0,0,None,31,0,0,26.6
2023-10-10,Station Road,Gajak,Sweet,7,320,2240,Tuesday,0,0,None,31,0,0,26.6
2023-10-10,Station Road,Soan Papdi,Sweet,23,300,6900,Tuesday,0,0,None,31,0,0,26.6
2023-10-10,Station Road,Bikaneri Bhujia,Namkeen,57,360,20520,Tuesday,0,0,None,31,0,0,26.6
2023-10-10,Station Road,Aloo Bhujia,Namkeen,40,300,12000,Tuesday,0,0,None,31,0,0,26.6
2023-10-11,Station Road,Rasgulla,Sweet,60,280,16800,Wednesday,0,0,None,30,0,0,22.1
2023-10-11,Station Road,Gulab Jamun,Sweet,50,300,15000,Wednesday,0,0,None,30,0,0,22.1
2023-10-11,Station Road,Kaju Katli,Sweet,17,900,15300,Wednesday,0,0,None,30,0,0,22.1
2023-10-11,Station Road,Besan Barfi,Sweet,36,420,15120,Wednesday,0,0,None,30,0,0,22.1
2023-10-11,Station Road,Motichoor Laddu,Sweet,27,380,10260,Wednesday,0,0,None,30,0,0,22.1
2023-10-11,Station Road,Ghewar,Sweet,2,500,1000,Wednesday,0,0,None,30,0,0,22.1
2023-10-11,Station Road,Gajak,Sweet,3,320,960,Wednesday,0,0,None,30,0,0,22.1
2023-10-11,Station Road,Soan Papdi,Sweet,21,300,6300,Wednesday,0,0,None,30,0,0,22.1
2023-10-11,Station Road,Bikaneri Bhujia,Namkeen,86,360,30960,Wednesday,0,0,None,30,0,0,22.1
2023-10-11,Station Road,Aloo Bhujia,Namkeen,43,300,12900,Wednesday,0,0,None,30,0,0,22.1
2023-10-12,Station Road,Rasgulla,Sweet,52,280,14560,Thursday,0,0,None,29,0,0,30.1
2023-10-12,Station Road,Gulab Jamun,Sweet,49,300,14700,Thursday,0,0,None,29,0,0,30.1
2023-10-12,Station Road,Kaju Katli,Sweet,23,900,20700,Thursday,0,0,None,29,0,0,30.1
2023-10-12,Station Road,Besan Barfi,Sweet,27,420,11340,Thursday,0,0,None,29,0,0,30.1
2023-10-12,Station Road,Motichoor Laddu,Sweet,27,380,10260,Thursday,0,0,None,29,0,0,30.1
2023-10-12,Station Road,Ghewar,Sweet,0,500,0,Thursday,0,0,None,29,0,0,30.1
2023-10-12,Station Road,Gajak,Sweet,5,320,1600,Thursday,0,0,None,29,0,0,30.1
2023-10-12,Station Road,Soan Papdi,Sweet,26,300,7800,Thursday,0,0,None,29,0,0,30.1
2023-10-12,Station Road,Bikaneri Bhujia,Namkeen,78,360,28080,Thursday,0,0,None,29,0,0,30.1
2023-10-12,Station Road,Aloo Bhujia,Namkeen,39,300,11700,Thursday,0,0,None,29,0,0,30.1
2023-10-13,Station Road,Rasgulla,Sweet,39,280,10920,Friday,0,0,None,28,0,0,32.1
2023-10-13,Station Road,Gulab Jamun,Sweet,57,300,17100,Friday,0,0,None,28,0,0,32.1
2023-10-13,Station Road,Kaju Katli,Sweet,34,900,30600,Friday,0,0,None,28,0,0,32.1
2023-10-13,Station Road,Besan Barfi,Sweet,42,420,17640,Friday,0,0,None,28,0,0,32.1
2023-10-13,Station Road,Motichoor Laddu,Sweet,27,380,10260,Friday,0,0,None,28,0,0,32.1
2023-10-13,Station Road,Ghewar,Sweet,1,500,500,Friday,0,0,None,28,0,0,32.1
2023-10-13,Station Road,Gajak,Sweet,7,320,2240,Friday,0,0,None,28,0,0,32.1
2023-10-13,Station Road,Soan Papdi,Sweet,28,300,8400,Friday,0,0,None,28,0,0,32.1
2023-10-13,Station Road,Bikaneri Bhujia,Namkeen,88,360,31680,Friday,0,0,None,28,0,0,32.1
2023-10-13,Station Road,Aloo Bhujia,Namkeen,44,300,13200,Friday,0,0,None,28,0,0,32.1
2023-10-14,Station Road,Rasgulla,Sweet,60,280,16800,Saturday,1,0,None,27,0,0,30.0
2023-10-14,Station Road,Gulab Jamun,Sweet,62,300,18600,Saturday,1,0,None,27,0,0,30.0
2023-10-14,Station Road,Kaju Katli,Sweet,35,900,31500,Saturday,1,0,None,27,0,0,30.0
2023-10-14,Station Road,Besan Barfi,Sweet,42,420,17640,Saturday,1,0,None,27,0,0,30.0
2023-10-14,Station Road,Motichoor Laddu,Sweet,30,380,11400,Saturday,1,0,None,27,0,0,30.0
2023-10-14,Station Road,Ghewar,Sweet,4,500,2000,Saturday,1,0,None,27,0,0,30.0
2023-10-14,Station Road,Gajak,Sweet,16,320,5120,Saturday,1,0,None,27,0,0,30.0
2023-10-14,Station Road,Soan Papdi,Sweet,26,300,7800,Saturday,1,0,None,27,0,0,30.0
2023-10-14,Station Road,Bikaneri Bhujia,Namkeen,128,324,41472,Saturday,1,0,None,27,0,1,30.0
2023-10-14,Station Road,Aloo Bhujia,Namkeen,66,300,19800,Saturday,1,0,None,27,0,0,30.0
2023-10-15,Station Road,Rasgulla,Sweet,82,280,22960,Sunday,1,0,None,26,0,0,27.7
2023-10-15,Station Road,Gulab Jamun,Sweet,69,300,20700,Sunday,1,0,None,26,0,0,27.7
2023-10-15,Station Road,Kaju Katli,Sweet,58,900,52200,Sunday,1,0,None,26,0,0,27.7
2023-10-15,Station Road,Besan Barfi,Sweet,42,420,17640,Sunday,1,0,None,26,0,0,27.7
2023-10-15,Station Road,Motichoor Laddu,Sweet,43,380,16340,Sunday,1,0,None,26,0,0,27.7
2023-10-15,Station Road,Ghewar,Sweet,1,500,500,Sunday,1,0,None,26,0,0,27.7
2023-10-15,Station Road,Gajak,Sweet,16,320,5120,Sunday,1,0,None,26,0,0,27.7
2023-10-15,Station Road,Soan Papdi,Sweet,26,300,7800,Sunday,1,0,None,26,0,0,27.7
2023-10-15,Station Road,Bikaneri Bhujia,Namkeen,126,360,45360,Sunday,1,0,None,26,0,0,27.7
2023-10-15,Station Road,Aloo Bhujia,Namkeen,52,300,15600,Sunday,1,0,None,26,0,0,27.7
2023-10-16,Station Road,Rasgulla,Sweet,50,280,14000,Monday,0,0,None,25,0,0,24.9
2023-10-16,Station Road,Gulab Jamun,Sweet,43,300,12900,Monday,0,0,None,25,0,0,24.9
2023-10-16,Station Road,Kaju Katli,Sweet,25,900,22500,Monday,0,0,None,25,0,0,24.9
2023-10-16,Station Road,Besan Barfi,Sweet,31,420,13020,Monday,0,0,None,25,0,0,24.9
2023-10-16,Station Road,Motichoor Laddu,Sweet,32,380,12160,Monday,0,0,None,25,0,0,24.9
2023-10-16,Station Road,Ghewar,Sweet,1,500,500,Monday,0,0,None,25,0,0,24.9
2023-10-16,Station Road,Gajak,Sweet,11,320,3520,Monday,0,0,None,25,0,0,24.9
2023-10-16,Station Road,Soan Papdi,Sweet,19,300,5700,Monday,0,0,None,25,0,0,24.9
2023-10-16,Station Road,Bikaneri Bhujia,Namkeen,86,360,30960,Monday,0,0,None,25,0,0,24.9
2023-10-16,Station Road,Aloo Bhujia,Namkeen,35,300,10500,Monday,0,0,None,25,0,0,24.9
2023-10-17,Station Road,Rasgulla,Sweet,43,280,12040,Tuesday,0,0,None,24,0,0,28.1
2023-10-17,Station Road,Gulab Jamun,Sweet,47,300,14100,Tuesday,0,0,None,24,0,0,28.1
2023-10-17,Station Road,Kaju Katli,Sweet,34,810,27540,Tuesday,0,0,None,24,0,1,28.1
2023-10-17,Station Road,Besan Barfi,Sweet,27,420,11340,Tuesday,0,0,None,24,0,0,28.1
2023-10-17,Station Road,Motichoor Laddu,Sweet,26,380,9880,Tuesday,0,0,None,24,0,0,28.1
2023-10-17,Station Road,Ghewar,Sweet,1,500,500,Tuesday,0,0,None,24,0,0,28.1
2023-10-17,Station Road,Gajak,Sweet,12,288,3456,Tuesday,0,0,None,24,0,1,28.1
2023-10-17,Station Road,Soan Papdi,Sweet,14,300,4200,Tuesday,0,0,None,24,0,0,28.1
2023-10-17,Station Road,Bikaneri Bhujia,Namkeen,74,360,26640,Tuesday,0,0,None,24,0,0,28.1
2023-10-17,Station Road,Aloo Bhujia,Namkeen,39,300,11700,Tuesday,0,0,None,24,0,0,28.1
2023-10-18,Station Road,Rasgulla,Sweet,40,280,11200,Wednesday,0,0,pre-Dussehra,23,0,0,23.0
2023-10-18,Station Road,Gulab Jamun,Sweet,78,300,23400,Wednesday,0,0,pre-Dussehra,23,0,0,23.0
2023-10-18,Station Road,Kaju Katli,Sweet,33,900,29700,Wednesday,0,0,pre-Dussehra,23,0,0,23.0
2023-10-18,Station Road,Besan Barfi,Sweet,34,420,14280,Wednesday,0,0,pre-Dussehra,23,0,0,23.0
2023-10-18,Station Road,Motichoor Laddu,Sweet,34,380,12920,Wednesday,0,0,pre-Dussehra,23,0,0,23.0
2023-10-18,Station Road,Ghewar,Sweet,1,500,500,Wednesday,0,0,pre-Dussehra,23,0,0,23.0
2023-10-18,Station Road,Gajak,Sweet,7,320,2240,Wednesday,0,0,pre-Dussehra,23,0,0,23.0
2023-10-18,Station Road,Soan Papdi,Sweet,30,300,9000,Wednesday,0,0,pre-Dussehra,23,0,0,23.0
2023-10-18,Station Road,Bikaneri Bhujia,Namkeen,99,360,35640,Wednesday,0,0,pre-Dussehra,23,0,0,23.0
2023-10-18,Station Road,Aloo Bhujia,Namkeen,51,300,15300,Wednesday,0,0,pre-Dussehra,23,0,0,23.0
2023-10-19,Station Road,Rasgulla,Sweet,76,280,21280,Thursday,0,0,pre-Dussehra,22,0,0,28.7
2023-10-19,Station Road,Gulab Jamun,Sweet,105,300,31500,Thursday,0,0,pre-Dussehra,22,0,0,28.7
2023-10-19,Station Road,Kaju Katli,Sweet,55,900,49500,Thursday,0,0,pre-Dussehra,22,0,0,28.7
2023-10-19,Station Road,Besan Barfi,Sweet,56,420,23520,Thursday,0,0,pre-Dussehra,22,0,0,28.7
2023-10-19,Station Road,Motichoor Laddu,Sweet,35,380,13300,Thursday,0,0,pre-Dussehra,22,0,0,28.7
2023-10-19,Station Road,Ghewar,Sweet,3,500,1500,Thursday,0,0,pre-Dussehra,22,0,0,28.7
2023-10-19,Station Road,Gajak,Sweet,18,288,5184,Thursday,0,0,pre-Dussehra,22,0,1,28.7
2023-10-19,Station Road,Soan Papdi,Sweet,25,300,7500,Thursday,0,0,pre-Dussehra,22,0,0,28.7
2023-10-19,Station Road,Bikaneri Bhujia,Namkeen,110,360,39600,Thursday,0,0,pre-Dussehra,22,0,0,28.7
2023-10-19,Station Road,Aloo Bhujia,Namkeen,70,300,21000,Thursday,0,0,pre-Dussehra,22,0,0,28.7
2023-10-20,Station Road,Rasgulla,Sweet,110,280,30800,Friday,0,0,pre-Dussehra,21,0,0,28.4
2023-10-20,Station Road,Gulab Jamun,Sweet,117,300,35100,Friday,0,0,pre-Dussehra,21,0,0,28.4
2023-10-20,Station Road,Kaju Katli,Sweet,68,900,61200,Friday,0,0,pre-Dussehra,21,0,0,28.4
2023-10-20,Station Road,Besan Barfi,Sweet,77,420,32340,Friday,0,0,pre-Dussehra,21,0,0,28.4
2023-10-20,Station Road,Motichoor Laddu,Sweet,73,380,27740,Friday,0,0,pre-Dussehra,21,0,0,28.4
2023-10-20,Station Road,Ghewar,Sweet,3,500,1500,Friday,0,0,pre-Dussehra,21,0,0,28.4
2023-10-20,Station Road,Gajak,Sweet,12,320,3840,Friday,0,0,pre-Dussehra,21,0,0,28.4
2023-10-20,Station Road,Soan Papdi,Sweet,41,300,12300,Friday,0,0,pre-Dussehra,21,0,0,28.4
2023-10-20,Station Road,Bikaneri Bhujia,Namkeen,181,360,65160,Friday,0,0,pre-Dussehra,21,0,0,28.4
2023-10-20,Station Road,Aloo Bhujia,Namkeen,89,300,26700,Friday,0,0,pre-Dussehra,21,0,0,28.4
2023-10-21,Station Road,Rasgulla,Sweet,143,280,40040,Saturday,1,0,pre-Dussehra,20,0,0,31.8
2023-10-21,Station Road,Gulab Jamun,Sweet,167,300,50100,Saturday,1,0,pre-Dussehra,20,0,0,31.8
2023-10-21,Station Road,Kaju Katli,Sweet,86,900,77400,Saturday,1,0,pre-Dussehra,20,0,0,31.8
2023-10-21,Station Road,Besan Barfi,Sweet,94,420,39480,Saturday,1,0,pre-Dussehra,20,0,0,31.8
2023-10-21,Station Road,Motichoor Laddu,Sweet,96,380,36480,Saturday,1,0,pre-Dussehra,20,0,0,31.8
2023-10-21,Station Road,Ghewar,Sweet,5,500,2500,Saturday,1,0,pre-Dussehra,20,0,0,31.8
2023-10-21,Station Road,Gajak,Sweet,18,320,5760,Saturday,1,0,pre-Dussehra,20,0,0,31.8
2023-10-21,Station Road,Soan Papdi,Sweet,58,300,17400,Saturday,1,0,pre-Dussehra,20,0,0,31.8
2023-10-21,Station Road,Bikaneri Bhujia,Namkeen,261,360,93960,Saturday,1,0,pre-Dussehra,20,0,0,31.8
2023-10-21,Station Road,Aloo Bhujia,Namkeen,101,300,30300,Saturday,1,0,pre-Dussehra,20,0,0,31.8
2023-10-22,Station Road,Rasgulla,Sweet,147,280,41160,Sunday,1,0,pre-Dussehra,19,0,0,27.0
2023-10-22,Station Road,Gulab Jamun,Sweet,210,300,63000,Sunday,1,0,pre-Dussehra,19,0,0,27.0
2023-10-22,Station Road,Kaju Katli,Sweet,123,900,110700,Sunday,1,0,pre-Dussehra,19,0,0,27.0
2023-10-22,Station Road,Besan Barfi,Sweet,107,420,44940,Sunday,1,0,pre-Dussehra,19,0,0,27.0
2023-10-22,Station Road,Motichoor Laddu,Sweet,142,380,53960,Sunday,1,0,pre-Dussehra,19,0,0,27.0
2023-10-22,Station Road,Ghewar,Sweet,3,500,1500,Sunday,1,0,pre-Dussehra,19,0,0,27.0
2023-10-22,Station Road,Gajak,Sweet,20,320,6400,Sunday,1,0,pre-Dussehra,19,0,0,27.0
2023-10-22,Station Road,Soan Papdi,Sweet,81,300,24300,Sunday,1,0,pre-Dussehra,19,0,0,27.0
2023-10-22,Station Road,Bikaneri Bhujia,Namkeen,282,360,101520,Sunday,1,0,pre-Dussehra,19,0,0,27.0
2023-10-22,Station Road,Aloo Bhujia,Namkeen,123,300,36900,Sunday,1,0,pre-Dussehra,19,0,0,27.0
2023-10-23,Station Road,Rasgulla,Sweet,119,280,33320,Monday,0,0,pre-Dussehra,18,0,0,27.6
2023-10-23,Station Road,Gulab Jamun,Sweet,144,300,43200,Monday,0,0,pre-Dussehra,18,0,0,27.6
2023-10-23,Station Road,Kaju Katli,Sweet,94,900,84600,Monday,0,0,pre-Dussehra,18,0,0,27.6
2023-10-23,Station Road,Besan Barfi,Sweet,96,420,40320,Monday,0,0,pre-Dussehra,18,0,0,27.6
2023-10-23,Station Road,Motichoor Laddu,Sweet,83,380,31540,Monday,0,0,pre-Dussehra,18,0,0,27.6
2023-10-23,Station Road,Ghewar,Sweet,2,500,1000,Monday,0,0,pre-Dussehra,18,0,0,27.6
2023-10-23,Station Road,Gajak,Sweet,21,320,6720,Monday,0,0,pre-Dussehra,18,0,0,27.6
2023-10-23,Station Road,Soan Papdi,Sweet,49,300,14700,Monday,0,0,pre-Dussehra,18,0,0,27.6
2023-10-23,Station Road,Bikaneri Bhujia,Namkeen,185,360,66600,Monday,0,0,pre-Dussehra,18,0,0,27.6
2023-10-23,Station Road,Aloo Bhujia,Namkeen,92,300,27600,Monday,0,0,pre-Dussehra,18,0,0,27.6
2023-10-24,Station Road,Rasgulla,Sweet,184,280,51520,Tuesday,0,1,Dussehra,17,0,0,33.5
2023-10-24,Station Road,Gulab Jamun,Sweet,245,300,73500,Tuesday,0,1,Dussehra,17,0,0,33.5
2023-10-24,Station Road,Kaju Katli,Sweet,156,900,140400,Tuesday,0,1,Dussehra,17,0,0,33.5
2023-10-24,Station Road,Besan Barfi,Sweet,148,420,62160,Tuesday,0,1,Dussehra,17,0,0,33.5
2023-10-24,Station Road,Motichoor Laddu,Sweet,178,380,67640,Tuesday,0,1,Dussehra,17,0,0,33.5
2023-10-24,Station Road,Ghewar,Sweet,8,500,4000,Tuesday,0,1,Dussehra,17,0,0,33.5
2023-10-24,Station Road,Gajak,Sweet,31,320,9920,Tuesday,0,1,Dussehra,17,0,0,33.5
2023-10-24,Station Road,Soan Papdi,Sweet,104,300,31200,Tuesday,0,1,Dussehra,17,0,0,33.5
2023-10-24,Station Road,Bikaneri Bhujia,Namkeen,340,360,122400,Tuesday,0,1,Dussehra,17,0,0,33.5
2023-10-24,Station Road,Aloo Bhujia,Namkeen,148,300,44400,Tuesday,0,1,Dussehra,17,0,0,33.5
2023-10-25,Station Road,Rasgulla,Sweet,46,280,12880,Wednesday,0,0,None,16,0,0,29.6
2023-10-25,Station Road,Gulab Jamun,Sweet,58,300,17400,Wednesday,0,0,None,16,0,0,29.6
2023-10-25,Station Road,Kaju Katli,Sweet,20,900,18000,Wednesday,0,0,None,16,0,0,29.6
2023-10-25,Station Road,Besan Barfi,Sweet,30,420,12600,Wednesday,0,0,None,16,0,0,29.6
2023-10-25,Station Road,Motichoor Laddu,Sweet,36,342,12312,Wednesday,0,0,None,16,0,1,29.6
2023-10-25,Station Road,Ghewar,Sweet,0,500,0,Wednesday,0,0,None,16,0,0,29.6
2023-10-25,Station Road,Gajak,Sweet,13,320,4160,Wednesday,0,0,None,16,0,0,29.6
2023-10-25,Station Road,Soan Papdi,Sweet,17,300,5100,Wednesday,0,0,None,16,0,0,29.6
2023-10-25,Station Road,Bikaneri Bhujia,Namkeen,89,360,32040,Wednesday,0,0,None,16,0,0,29.6
2023-10-25,Station Road,Aloo Bhujia,Namkeen,48,300,14400,Wednesday,0,0,None,16,0,0,29.6
2023-10-26,Station Road,Rasgulla,Sweet,51,280,14280,Thursday,0,0,pre-Karva Chauth,15,0,0,28.4
2023-10-26,Station Road,Gulab Jamun,Sweet,68,300,20400,Thursday,0,0,pre-Karva Chauth,15,0,0,28.4
2023-10-26,Station Road,Kaju Katli,Sweet,33,900,29700,Thursday,0,0,pre-Karva Chauth,15,0,0,28.4
2023-10-26,Station Road,Besan Barfi,Sweet,33,420,13860,Thursday,0,0,pre-Karva Chauth,15,0,0,28.4
2023-10-26,Station Road,Motichoor Laddu,Sweet,44,380,16720,Thursday,0,0,pre-Karva Chauth,15,0,0,28.4
2023-10-26,Station Road,Ghewar,Sweet,1,500,500,Thursday,0,0,pre-Karva Chauth,15,0,0,28.4
2023-10-26,Station Road,Gajak,Sweet,13,320,4160,Thursday,0,0,pre-Karva Chauth,15,0,0,28.4
2023-10-26,Station Road,Soan Papdi,Sweet,22,300,6600,Thursday,0,0,pre-Karva Chauth,15,0,0,28.4
2023-10-26,Station Road,Bikaneri Bhujia,Namkeen,93,360,33480,Thursday,0,0,pre-Karva Chauth,15,0,0,28.4
2023-10-26,Station Road,Aloo Bhujia,Namkeen,53,300,15900,Thursday,0,0,pre-Karva Chauth,15,0,0,28.4
2023-10-27,Station Road,Rasgulla,Sweet,68,280,19040,Friday,0,0,pre-Karva Chauth,14,0,0,33.3
2023-10-27,Station Road,Gulab Jamun,Sweet,98,300,29400,Friday,0,0,pre-Karva Chauth,14,0,0,33.3
2023-10-27,Station Road,Kaju Katli,Sweet,38,900,34200,Friday,0,0,pre-Karva Chauth,14,0,0,33.3
2023-10-27,Station Road,Besan Barfi,Sweet,49,420,20580,Friday,0,0,pre-Karva Chauth,14,0,0,33.3
2023-10-27,Station Road,Motichoor Laddu,Sweet,40,380,15200,Friday,0,0,pre-Karva Chauth,14,0,0,33.3
2023-10-27,Station Road,Ghewar,Sweet,0,500,0,Friday,0,0,pre-Karva Chauth,14,0,0,33.3
2023-10-27,Station Road,Gajak,Sweet,14,320,4480,Friday,0,0,pre-Karva Chauth,14,0,0,33.3
2023-10-27,Station Road,Soan Papdi,Sweet,30,300,9000,Friday,0,0,pre-Karva Chauth,14,0,0,33.3
2023-10-27,Station Road,Bikaneri Bhujia,Namkeen,133,360,47880,Friday,0,0,pre-Karva Chauth,14,0,0,33.3
2023-10-27,Station Road,Aloo Bhujia,Namkeen,66,300,19800,Friday,0,0,pre-Karva Chauth,14,0,0,33.3
2023-10-28,Station Road,Rasgulla,Sweet,125,280,35000,Saturday,1,0,pre-Karva Chauth,13,0,0,28.6
2023-10-28,Station Road,Gulab Jamun,Sweet,115,300,34500,Saturday,1,0,pre-Karva Chauth,13,0,0,28.6
2023-10-28,Station Road,Kaju Katli,Sweet,69,900,62100,Saturday,1,0,pre-Karva Chauth,13,0,0,28.6
2023-10-28,Station Road,Besan Barfi,Sweet,72,420,30240,Saturday,1,0,pre-Karva Chauth,13,0,0,28.6
2023-10-28,Station Road,Motichoor Laddu,Sweet,66,380,25080,Saturday,1,0,pre-Karva Chauth,13,0,0,28.6
2023-10-28,Station Road,Ghewar,Sweet,1,500,500,Saturday,1,0,pre-Karva Chauth,13,0,0,28.6
2023-10-28,Station Road,Gajak,Sweet,11,320,3520,Saturday,1,0,pre-Karva Chauth,13,0,0,28.6
2023-10-28,Station Road,Soan Papdi,Sweet,47,300,14100,Saturday,1,0,pre-Karva Chauth,13,0,0,28.6
2023-10-28,Station Road,Bikaneri Bhujia,Namkeen,157,360,56520,Saturday,1,0,pre-Karva Chauth,13,0,0,28.6
2023-10-28,Station Road,Aloo Bhujia,Namkeen,80,300,24000,Saturday,1,0,pre-Karva Chauth,13,0,0,28.6
2023-10-29,Station Road,Rasgulla,Sweet,129,280,36120,Sunday,1,0,pre-Karva Chauth,12,0,0,30.5
2023-10-29,Station Road,Gulab Jamun,Sweet,148,300,44400,Sunday,1,0,pre-Karva Chauth,12,0,0,30.5
2023-10-29,Station Road,Kaju Katli,Sweet,80,900,72000,Sunday,1,0,pre-Karva Chauth,12,0,0,30.5
2023-10-29,Station Road,Besan Barfi,Sweet,86,420,36120,Sunday,1,0,pre-Karva Chauth,12,0,0,30.5
2023-10-29,Station Road,Motichoor Laddu,Sweet,81,380,30780,Sunday,1,0,pre-Karva Chauth,12,0,0,30.5
2023-10-29,Station Road,Ghewar,Sweet,4,500,2000,Sunday,1,0,pre-Karva Chauth,12,0,0,30.5
2023-10-29,Station Road,Gajak,Sweet,15,320,4800,Sunday,1,0,pre-Karva Chauth,12,0,0,30.5
2023-10-29,Station Road,Soan Papdi,Sweet,61,300,18300,Sunday,1,0,pre-Karva Chauth,12,0,0,30.5
2023-10-29,Station Road,Bikaneri Bhujia,Namkeen,214,360,77040,Sunday,1,0,pre-Karva Chauth,12,0,0,30.5
2023-10-29,Station Road,Aloo Bhujia,Namkeen,86,300,25800,Sunday,1,0,pre-Karva Chauth,12,0,0,30.5
2023-10-30,Station Road,Rasgulla,Sweet,70,280,19600,Monday,0,0,pre-Karva Chauth,11,0,0,36.8
2023-10-30,Station Road,Gulab Jamun,Sweet,119,300,35700,Monday,0,0,pre-Karva Chauth,11,0,0,36.8
2023-10-30,Station Road,Kaju Katli,Sweet,80,900,72000,Monday,0,0,pre-Karva Chauth,11,0,0,36.8
2023-10-30,Station Road,Besan Barfi,Sweet,58,420,24360,Monday,0,0,pre-Karva Chauth,11,0,0,36.8
2023-10-30,Station Road,Motichoor Laddu,Sweet,65,380,24700,Monday,0,0,pre-Karva Chauth,11,0,0,36.8
2023-10-30,Station Road,Ghewar,Sweet,1,500,500,Monday,0,0,pre-Karva Chauth,11,0,0,36.8
2023-10-30,Station Road,Gajak,Sweet,20,320,6400,Monday,0,0,pre-Karva Chauth,11,0,0,36.8
2023-10-30,Station Road,Soan Papdi,Sweet,44,300,13200,Monday,0,0,pre-Karva Chauth,11,0,0,36.8
2023-10-30,Station Road,Bikaneri Bhujia,Namkeen,180,360,64800,Monday,0,0,pre-Karva Chauth,11,0,0,36.8
2023-10-30,Station Road,Aloo Bhujia,Namkeen,76,300,22800,Monday,0,0,pre-Karva Chauth,11,0,0,36.8
2023-10-31,Station Road,Rasgulla,Sweet,102,280,28560,Tuesday,0,0,pre-Karva Chauth,10,0,0,27.0
2023-10-31,Station Road,Gulab Jamun,Sweet,103,300,30900,Tuesday,0,0,pre-Karva Chauth,10,0,0,27.0
2023-10-31,Station Road,Kaju Katli,Sweet,78,900,70200,Tuesday,0,0,pre-Karva Chauth,10,0,0,27.0
2023-10-31,Station Road,Besan Barfi,Sweet,82,420,34440,Tuesday,0,0,pre-Karva Chauth,10,0,0,27.0
2023-10-31,Station Road,Motichoor Laddu,Sweet,68,380,25840,Tuesday,0,0,pre-Karva Chauth,10,0,0,27.0
2023-10-31,Station Road,Ghewar,Sweet,5,500,2500,Tuesday,0,0,pre-Karva Chauth,10,0,0,27.0
2023-10-31,Station Road,Gajak,Sweet,14,320,4480,Tuesday,0,0,pre-Karva Chauth,10,0,0,27.0
2023-10-31,Station Road,Soan Papdi,Sweet,57,300,17100,Tuesday,0,0,pre-Karva Chauth,10,0,0,27.0
2023-10-31,Station Road,Bikaneri Bhujia,Namkeen,184,360,66240,Tuesday,0,0,pre-Karva Chauth,10,0,0,27.0
2023-10-31,Station Road,Aloo Bhujia,Namkeen,76,300,22800,Tuesday,0,0,pre-Karva Chauth,10,0,0,27.0
2023-11-01,Station Road,Rasgulla,Sweet,218,280,61040,Wednesday,0,1,Karva Chauth,9,1,0,22.8
2023-11-01,Station Road,Gulab Jamun,Sweet,234,300,70200,Wednesday,0,1,Karva Chauth,9,1,0,22.8
2023-11-01,Station Road,Kaju Katli,Sweet,169,900,152100,Wednesday,0,1,Karva Chauth,9,1,0,22.8
2023-11-01,Station Road,Besan Barfi,Sweet,189,420,79380,Wednesday,0,1,Karva Chauth,9,1,0,22.8
2023-11-01,Station Road,Motichoor Laddu,Sweet,189,380,71820,Wednesday,0,1,Karva Chauth,9,1,0,22.8
2023-11-01,Station Road,Ghewar,Sweet,3,500,1500,Wednesday,0,1,Karva Chauth,9,1,0,22.8
2023-11-01,Station Road,Gajak,Sweet,92,320,29440,Wednesday,0,1,Karva Chauth,9,1,0,22.8
2023-11-01,Station Road,Soan Papdi,Sweet,116,300,34800,Wednesday,0,1,Karva Chauth,9,1,0,22.8
2023-11-01,Station Road,Bikaneri Bhujia,Namkeen,396,360,142560,Wednesday,0,1,Karva Chauth,9,1,0,22.8
2023-11-01,Station Road,Aloo Bhujia,Namkeen,134,300,40200,Wednesday,0,1,Karva Chauth,9,1,0,22.8
2023-11-02,Station Road,Rasgulla,Sweet,56,280,15680,Thursday,0,0,None,8,1,0,24.7
2023-11-02,Station Road,Gulab Jamun,Sweet,60,300,18000,Thursday,0,0,None,8,1,0,24.7
2023-11-02,Station Road,Kaju Katli,Sweet,36,900,32400,Thursday,0,0,None,8,1,0,24.7
2023-11-02,Station Road,Besan Barfi,Sweet,44,420,18480,Thursday,0,0,None,8,1,0,24.7
2023-11-02,Station Road,Motichoor Laddu,Sweet,31,380,11780,Thursday,0,0,None,8,1,0,24.7
2023-11-02,Station Road,Ghewar,Sweet,3,500,1500,Thursday,0,0,None,8,1,0,24.7
2023-11-02,Station Road,Gajak,Sweet,31,320,9920,Thursday,0,0,None,8,1,0,24.7
2023-11-02,Station Road,Soan Papdi,Sweet,26,300,7800,Thursday,0,0,None,8,1,0,24.7
2023-11-02,Station Road,Bikaneri Bhujia,Namkeen,113,360,40680,Thursday,0,0,None,8,1,0,24.7
2023-11-02,Station Road,Aloo Bhujia,Namkeen,42,300,12600,Thursday,0,0,None,8,1,0,24.7
2023-11-03,Station Road,Rasgulla,Sweet,56,280,15680,Friday,0,0,None,7,1,0,22.0
2023-11-03,Station Road,Gulab Jamun,Sweet,53,300,15900,Friday,0,0,None,7,1,0,22.0
2023-11-03,Station Road,Kaju Katli,Sweet,38,900,34200,Friday,0,0,None,7,1,0,22.0
2023-11-03,Station Road,Besan Barfi,Sweet,41,420,17220,Friday,0,0,None,7,1,0,22.0
2023-11-03,Station Road,Motichoor Laddu,Sweet,33,380,12540,Friday,0,0,None,7,1,0,22.0
2023-11-03,Station Road,Ghewar,Sweet,1,500,500,Friday,0,0,None,7,1,0,22.0
2023-11-03,Station Road,Gajak,Sweet,32,320,10240,Friday,0,0,None,7,1,0,22.0
2023-11-03,Station Road,Soan Papdi,Sweet,27,300,8100,Friday,0,0,None,7,1,0,22.0
2023-11-03,Station Road,Bikaneri Bhujia,Namkeen,111,360,39960,Friday,0,0,None,7,1,0,22.0
2023-11-03,Station Road,Aloo Bhujia,Namkeen,68,300,20400,Friday,0,0,None,7,1,0,22.0
2023-11-04,Station Road,Rasgulla,Sweet,85,280,23800,Saturday,1,0,pre-Dhanteras,6,1,0,22.0
2023-11-04,Station Road,Gulab Jamun,Sweet,113,300,33900,Saturday,1,0,pre-Dhanteras,6,1,0,22.0
2023-11-04,Station Road,Kaju Katli,Sweet,78,900,70200,Saturday,1,0,pre-Dhanteras,6,1,0,22.0
2023-11-04,Station Road,Besan Barfi,Sweet,86,420,36120,Saturday,1,0,pre-Dhanteras,6,1,0,22.0
2023-11-04,Station Road,Motichoor Laddu,Sweet,84,380,31920,Saturday,1,0,pre-Dhanteras,6,1,0,22.0
2023-11-04,Station Road,Ghewar,Sweet,1,500,500,Saturday,1,0,pre-Dhanteras,6,1,0,22.0
2023-11-04,Station Road,Gajak,Sweet,42,320,13440,Saturday,1,0,pre-Dhanteras,6,1,0,22.0
2023-11-04,Station Road,Soan Papdi,Sweet,39,300,11700,Saturday,1,0,pre-Dhanteras,6,1,0,22.0
2023-11-04,Station Road,Bikaneri Bhujia,Namkeen,217,360,78120,Saturday,1,0,pre-Dhanteras,6,1,0,22.0
2023-11-04,Station Road,Aloo Bhujia,Namkeen,75,300,22500,Saturday,1,0,pre-Dhanteras,6,1,0,22.0
2023-11-05,Station Road,Rasgulla,Sweet,129,280,36120,Sunday,1,0,pre-Dhanteras,5,1,0,29.0
2023-11-05,Station Road,Gulab Jamun,Sweet,157,300,47100,Sunday,1,0,pre-Dhanteras,5,1,0,29.0
2023-11-05,Station Road,Kaju Katli,Sweet,101,900,90900,Sunday,1,0,pre-Dhanteras,5,1,0,29.0
2023-11-05,Station Road,Besan Barfi,Sweet,137,420,57540,Sunday,1,0,pre-Dhanteras,5,1,0,29.0
2023-11-05,Station Road,Motichoor Laddu,Sweet,109,380,41420,Sunday,1,0,pre-Dhanteras,5,1,0,29.0
2023-11-05,Station Road,Ghewar,Sweet,2,500,1000,Sunday,1,0,pre-Dhanteras,5,1,0,29.0
2023-11-05,Station Road,Gajak,Sweet,63,320,20160,Sunday,1,0,pre-Dhanteras,5,1,0,29.0
2023-11-05,Station Road,Soan Papdi,Sweet,67,300,20100,Sunday,1,0,pre-Dhanteras,5,1,0,29.0
2023-11-05,Station Road,Bikaneri Bhujia,Namkeen,311,324,100764,Sunday,1,0,pre-Dhanteras,5,1,1,29.0
2023-11-05,Station Road,Aloo Bhujia,Namkeen,77,300,23100,Sunday,1,0,pre-Dhanteras,5,1,0,29.0
2023-11-06,Station Road,Rasgulla,Sweet,134,280,37520,Monday,0,0,pre-Dhanteras,4,1,0,22.0
2023-11-06,Station Road,Gulab Jamun,Sweet,172,300,51600,Monday,0,0,pre-Dhanteras,4,1,0,22.0
2023-11-06,Station Road,Kaju Katli,Sweet,160,900,144000,Monday,0,0,pre-Dhanteras,4,1,0,22.0
2023-11-06,Station Road,Besan Barfi,Sweet,143,420,60060,Monday,0,0,pre-Dhanteras,4,1,0,22.0
2023-11-06,Station Road,Motichoor Laddu,Sweet,176,380,66880,Monday,0,0,pre-Dhanteras,4,1,0,22.0
2023-11-06,Station Road,Ghewar,Sweet,0,500,0,Monday,0,0,pre-Dhanteras,4,1,0,22.0
2023-11-06,Station Road,Gajak,Sweet,66,320,21120,Monday,0,0,pre-Dhanteras,4,1,0,22.0
2023-11-06,Station Road,Soan Papdi,Sweet,99,300,29700,Monday,0,0,pre-Dhanteras,4,1,0,22.0
2023-11-06,Station Road,Bikaneri Bhujia,Namkeen,295,360,106200,Monday,0,0,pre-Dhanteras,4,1,0,22.0
2023-11-06,Station Road,Aloo Bhujia,Namkeen,105,300,31500,Monday,0,0,pre-Dhanteras,4,1,0,22.0
2023-11-07,Station Road,Rasgulla,Sweet,243,280,68040,Tuesday,0,0,pre-Dhanteras,3,1,0,22.2
2023-11-07,Station Road,Gulab Jamun,Sweet,324,300,97200,Tuesday,0,0,pre-Dhanteras,3,1,0,22.2
2023-11-07,Station Road,Kaju Katli,Sweet,229,900,206100,Tuesday,0,0,pre-Dhanteras,3,1,0,22.2
2023-11-07,Station Road,Besan Barfi,Sweet,256,420,107520,Tuesday,0,0,pre-Dhanteras,3,1,0,22.2
2023-11-07,Station Road,Motichoor Laddu,Sweet,253,380,96140,Tuesday,0,0,pre-Dhanteras,3,1,0,22.2
2023-11-07,Station Road,Ghewar,Sweet,3,500,1500,Tuesday,0,0,pre-Dhanteras,3,1,0,22.2
2023-11-07,Station Road,Gajak,Sweet,71,320,22720,Tuesday,0,0,pre-Dhanteras,3,1,0,22.2
2023-11-07,Station Road,Soan Papdi,Sweet,150,300,45000,Tuesday,0,0,pre-Dhanteras,3,1,0,22.2
2023-11-07,Station Road,Bikaneri Bhujia,Namkeen,398,360,143280,Tuesday,0,0,pre-Dhanteras,3,1,0,22.2
2023-11-07,Station Road,Aloo Bhujia,Namkeen,136,300,40800,Tuesday,0,0,pre-Dhanteras,3,1,0,22.2
2023-11-08,Station Road,Rasgulla,Sweet,466,280,130480,Wednesday,0,0,pre-Dhanteras,2,1,0,21.4
2023-11-08,Station Road,Gulab Jamun,Sweet,612,300,183600,Wednesday,0,0,pre-Dhanteras,2,1,0,21.4
2023-11-08,Station Road,Kaju Katli,Sweet,490,900,441000,Wednesday,0,0,pre-Dhanteras,2,1,0,21.4
2023-11-08,Station Road,Besan Barfi,Sweet,517,420,217140,Wednesday,0,0,pre-Dhanteras,2,1,0,21.4
2023-11-08,Station Road,Motichoor Laddu,Sweet,557,380,211660,Wednesday,0,0,pre-Dhanteras,2,1,0,21.4
2023-11-08,Station Road,Ghewar,Sweet,10,500,5000,Wednesday,0,0,pre-Dhanteras,2,1,0,21.4
2023-11-08,Station Road,Gajak,Sweet,135,320,43200,Wednesday,0,0,pre-Dhanteras,2,1,0,21.4
2023-11-08,Station Road,Soan Papdi,Sweet,306,300,91800,Wednesday,0,0,pre-Dhanteras,2,1,0,21.4
2023-11-08,Station Road,Bikaneri Bhujia,Namkeen,782,360,281520,Wednesday,0,0,pre-Dhanteras,2,1,0,21.4
2023-11-08,Station Road,Aloo Bhujia,Namkeen,234,300,70200,Wednesday,0,0,pre-Dhanteras,2,1,0,21.4
2023-11-09,Station Road,Rasgulla,Sweet,721,280,201880,Thursday,0,0,pre-Dhanteras,1,1,0,24.2
2023-11-09,Station Road,Gulab Jamun,Sweet,1022,300,306600,Thursday,0,0,pre-Dhanteras,1,1,0,24.2
2023-11-09,Station Road,Kaju Katli,Sweet,995,900,895500,Thursday,0,0,pre-Dhanteras,1,1,0,24.2
2023-11-09,Station Road,Besan Barfi,Sweet,933,420,391860,Thursday,0,0,pre-Dhanteras,1,1,0,24.2
2023-11-09,Station Road,Motichoor Laddu,Sweet,933,380,354540,Thursday,0,0,pre-Dhanteras,1,1,0,24.2
2023-11-09,Station Road,Ghewar,Sweet,9,500,4500,Thursday,0,0,pre-Dhanteras,1,1,0,24.2
2023-11-09,Station Road,Gajak,Sweet,177,320,56640,Thursday,0,0,pre-Dhanteras,1,1,0,24.2
2023-11-09,Station Road,Soan Papdi,Sweet,570,300,171000,Thursday,0,0,pre-Dhanteras,1,1,0,24.2
2023-11-09,Station Road,Bikaneri Bhujia,Namkeen,1281,360,461160,Thursday,0,0,pre-Dhanteras,1,1,0,24.2
2023-11-09,Station Road,Aloo Bhujia,Namkeen,424,300,127200,Thursday,0,0,pre-Dhanteras,1,1,0,24.2
2023-11-10,Station Road,Rasgulla,Sweet,2195,280,614600,Friday,0,1,Dhanteras,0,1,0,26.5
2023-11-10,Station Road,Gulab Jamun,Sweet,3230,300,969000,Friday,0,1,Dhanteras,0,1,0,26.5
2023-11-10,Station Road,Kaju Katli,Sweet,3334,900,3000600,Friday,0,1,Dhanteras,0,1,0,26.5
2023-11-10,Station Road,Besan Barfi,Sweet,3156,420,1325520,Friday,0,1,Dhanteras,0,1,0,26.5
2023-11-10,Station Road,Motichoor Laddu,Sweet,3337,380,1268060,Friday,0,1,Dhanteras,0,1,0,26.5
2023-11-10,Station Road,Ghewar,Sweet,33,500,16500,Friday,0,1,Dhanteras,0,1,0,26.5
2023-11-10,Station Road,Gajak,Sweet,463,320,148160,Friday,0,1,Dhanteras,0,1,0,26.5
2023-11-10,Station Road,Soan Papdi,Sweet,1846,300,553800,Friday,0,1,Dhanteras,0,1,0,26.5
2023-11-10,Station Road,Bikaneri Bhujia,Namkeen,3593,360,1293480,Friday,0,1,Dhanteras,0,1,0,26.5
2023-11-10,Station Road,Aloo Bhujia,Namkeen,1040,300,312000,Friday,0,1,Dhanteras,0,1,0,26.5
2023-11-11,Station Road,Rasgulla,Sweet,555,280,155400,Saturday,1,0,pre-Diwali,1,1,0,23.8
2023-11-11,Station Road,Gulab Jamun,Sweet,782,300,234600,Saturday,1,0,pre-Diwali,1,1,0,23.8
2023-11-11,Station Road,Kaju Katli,Sweet,572,900,514800,Saturday,1,0,pre-Diwali,1,1,0,23.8
2023-11-11,Station Road,Besan Barfi,Sweet,628,420,263760,Saturday,1,0,pre-Diwali,1,1,0,23.8
2023-11-11,Station Road,Motichoor Laddu,Sweet,642,380,243960,Saturday,1,0,pre-Diwali,1,1,0,23.8
2023-11-11,Station Road,Ghewar,Sweet,7,500,3500,Saturday,1,0,pre-Diwali,1,1,0,23.8
2023-11-11,Station Road,Gajak,Sweet,185,320,59200,Saturday,1,0,pre-Diwali,1,1,0,23.8
2023-11-11,Station Road,Soan Papdi,Sweet,435,300,130500,Saturday,1,0,pre-Diwali,1,1,0,23.8
2023-11-11,Station Road,Bikaneri Bhujia,Namkeen,914,360,329040,Saturday,1,0,pre-Diwali,1,1,0,23.8
2023-11-11,Station Road,Aloo Bhujia,Namkeen,302,300,90600,Saturday,1,0,pre-Diwali,1,1,0,23.8
2023-11-12,Station Road,Rasgulla,Sweet,1254,280,351120,Sunday,1,1,Diwali,0,1,0,23.6
2023-11-12,Station Road,Gulab Jamun,Sweet,1828,300,548400,Sunday,1,1,Diwali,0,1,0,23.6
2023-11-12,Station Road,Kaju Katli,Sweet,1629,900,1466100,Sunday,1,1,Diwali,0,1,0,23.6
2023-11-12,Station Road,Besan Barfi,Sweet,1603,420,673260,Sunday,1,1,Diwali,0,1,0,23.6
2023-11-12,Station Road,Motichoor Laddu,Sweet,1604,380,609520,Sunday,1,1,Diwali,0,1,0,23.6
2023-11-12,Station Road,Ghewar,Sweet,15,500,7500,Sunday,1,1,Diwali,0,1,0,23.6
2023-11-12,Station Road,Gajak,Sweet,364,320,116480,Sunday,1,1,Diwali,0,1,0,23.6
2023-11-12,Station Road,Soan Papdi,Sweet,966,300,289800,Sunday,1,1,Diwali,0,1,0,23.6
2023-11-12,Station Road,Bikaneri Bhujia,Namkeen,2335,360,840600,Sunday,1,1,Diwali,0,1,0,23.6
2023-11-12,Station Road,Aloo Bhujia,Namkeen,693,300,207900,Sunday,1,1,Diwali,0,1,0,23.6
2023-11-13,Station Road,Rasgulla,Sweet,126,280,35280,Monday,0,0,pre-Bhai Dooj,60,1,0,22.4
2023-11-13,Station Road,Gulab Jamun,Sweet,157,300,47100,Monday,0,0,pre-Bhai Dooj,60,1,0,22.4
2023-11-13,Station Road,Kaju Katli,Sweet,129,900,116100,Monday,0,0,pre-Bhai Dooj,60,1,0,22.4
2023-11-13,Station Road,Besan Barfi,Sweet,132,420,55440,Monday,0,0,pre-Bhai Dooj,60,1,0,22.4
2023-11-13,Station Road,Motichoor Laddu,Sweet,129,380,49020,Monday,0,0,pre-Bhai Dooj,60,1,0,22.4
2023-11-13,Station Road,Ghewar,Sweet,2,500,1000,Monday,0,0,pre-Bhai Dooj,60,1,0,22.4
2023-11-13,Station Road,Gajak,Sweet,45,320,14400,Monday,0,0,pre-Bhai Dooj,60,1,0,22.4
2023-11-13,Station Road,Soan Papdi,Sweet,97,300,29100,Monday,0,0,pre-Bhai Dooj,60,1,0,22.4
2023-11-13,Station Road,Bikaneri Bhujia,Namkeen,266,360,95760,Monday,0,0,pre-Bhai Dooj,60,1,0,22.4
2023-11-13,Station Road,Aloo Bhujia,Namkeen,102,300,30600,Monday,0,0,pre-Bhai Dooj,60,1,0,22.4
2023-11-14,Station Road,Rasgulla,Sweet,211,280,59080,Tuesday,0,1,Bhai Dooj,60,1,0,22.7
2023-11-14,Station Road,Gulab Jamun,Sweet,275,300,82500,Tuesday,0,1,Bhai Dooj,60,1,0,22.7
2023-11-14,Station Road,Kaju Katli,Sweet,203,900,182700,Tuesday,0,1,Bhai Dooj,60,1,0,22.7
2023-11-14,Station Road,Besan Barfi,Sweet,262,420,110040,Tuesday,0,1,Bhai Dooj,60,1,0,22.7
2023-11-14,Station Road,Motichoor Laddu,Sweet,231,380,87780,Tuesday,0,1,Bhai Dooj,60,1,0,22.7
2023-11-14,Station Road,Ghewar,Sweet,4,500,2000,Tuesday,0,1,Bhai Dooj,60,1,0,22.7
2023-11-14,Station Road,Gajak,Sweet,88,320,28160,Tuesday,0,1,Bhai Dooj,60,1,0,22.7
2023-11-14,Station Road,Soan Papdi,Sweet,142,300,42600,Tuesday,0,1,Bhai Dooj,60,1,0,22.7
2023-11-14,Station Road,Bikaneri Bhujia,Namkeen,464,360,167040,Tuesday,0,1,Bhai Dooj,60,1,0,22.7
2023-11-14,Station Road,Aloo Bhujia,Namkeen,180,300,54000,Tuesday,0,1,Bhai Dooj,60,1,0,22.7
2023-11-15,Station Road,Rasgulla,Sweet,57,280,15960,Wednesday,0,0,None,60,1,0,21.9
2023-11-15,Station Road,Gulab Jamun,Sweet,51,300,15300,Wednesday,0,0,None,60,1,0,21.9
2023-11-15,Station Road,Kaju Katli,Sweet,22,900,19800,Wednesday,0,0,None,60,1,0,21.9
2023-11-15,Station Road,Besan Barfi,Sweet,49,420,20580,Wednesday,0,0,None,60,1,0,21.9
2023-11-15,Station Road,Motichoor Laddu,Sweet,41,380,15580,Wednesday,0,0,None,60,1,0,21.9
2023-11-15,Station Road,Ghewar,Sweet,1,500,500,Wednesday,0,0,None,60,1,0,21.9
2023-11-15,Station Road,Gajak,Sweet,25,320,8000,Wednesday,0,0,None,60,1,0,21.9
2023-11-15,Station Road,Soan Papdi,Sweet,19,300,5700,Wednesday,0,0,None,60,1,0,21.9
2023-11-15,Station Road,Bikaneri Bhujia,Namkeen,111,360,39960,Wednesday,0,0,None,60,1,0,21.9
2023-11-15,Station Road,Aloo Bhujia,Namkeen,44,300,13200,Wednesday,0,0,None,60,1,0,21.9
2023-11-16,Station Road,Rasgulla,Sweet,47,280,13160,Thursday,0,0,None,60,1,0,18.4
2023-11-16,Station Road,Gulab Jamun,Sweet,81,270,21870,Thursday,0,0,None,60,1,1,18.4
2023-11-16,Station Road,Kaju Katli,Sweet,27,900,24300,Thursday,0,0,None,60,1,0,18.4
2023-11-16,Station Road,Besan Barfi,Sweet,37,420,15540,Thursday,0,0,None,60,1,0,18.4
2023-11-16,Station Road,Motichoor Laddu,Sweet,45,380,17100,Thursday,0,0,None,60,1,0,18.4
2023-11-16,Station Road,Ghewar,Sweet,3,500,1500,Thursday,0,0,None,60,1,0,18.4
2023-11-16,Station Road,Gajak,Sweet,35,320,11200,Thursday,0,0,None,60,1,0,18.4
2023-11-16,Station Road,Soan Papdi,Sweet,25,300,7500,Thursday,0,0,None,60,1,0,18.4
2023-11-16,Station Road,Bikaneri Bhujia,Namkeen,89,360,32040,Thursday,0,0,None,60,1,0,18.4
2023-11-16,Station Road,Aloo Bhujia,Namkeen,42,300,12600,Thursday,0,0,None,60,1,0,18.4
2023-11-17,Station Road,Rasgulla,Sweet,52,280,14560,Friday,0,0,None,60,1,0,23.8
2023-11-17,Station Road,Gulab Jamun,Sweet,73,300,21900,Friday,0,0,None,60,1,0,23.8
2023-11-17,Station Road,Kaju Katli,Sweet,44,900,39600,Friday,0,0,None,60,1,0,23.8
2023-11-17,Station Road,Besan Barfi,Sweet,49,420,20580,Friday,0,0,None,60,1,0,23.8
2023-11-17,Station Road,Motichoor Laddu,Sweet,43,380,16340,Friday,0,0,None,60,1,0,23.8
2023-11-17,Station Road,Ghewar,Sweet,2,500,1000,Friday,0,0,None,60,1,0,23.8
2023-11-17,Station Road,Gajak,Sweet,37,320,11840,Friday,0,0,None,60,1,0,23.8
2023-11-17,Station Road,Soan Papdi,Sweet,26,300,7800,Friday,0,0,None,60,1,0,23.8
2023-11-17,Station Road,Bikaneri Bhujia,Namkeen,106,360,38160,Friday,0,0,None,60,1,0,23.8
2023-11-17,Station Road,Aloo Bhujia,Namkeen,54,300,16200,Friday,0,0,None,60,1,0,23.8
2023-11-18,Station Road,Rasgulla,Sweet,63,280,17640,Saturday,1,0,None,60,1,0,21.4
2023-11-18,Station Road,Gulab Jamun,Sweet,67,300,20100,Saturday,1,0,None,60,1,0,21.4
2023-11-18,Station Road,Kaju Katli,Sweet,45,900,40500,Saturday,1,0,None,60,1,0,21.4
2023-11-18,Station Road,Besan Barfi,Sweet,60,420,25200,Saturday,1,0,None,60,1,0,21.4
2023-11-18,Station Road,Motichoor Laddu,Sweet,50,380,19000,Saturday,1,0,None,60,1,0,21.4
2023-11-18,Station Road,Ghewar,Sweet,0,500,0,Saturday,1,0,None,60,1,0,21.4
2023-11-18,Station Road,Gajak,Sweet,33,320,10560,Saturday,1,0,None,60,1,0,21.4
2023-11-18,Station Road,Soan Papdi,Sweet,28,300,8400,Saturday,1,0,None,60,1,0,21.4
2023-11-18,Station Road,Bikaneri Bhujia,Namkeen,146,360,52560,Saturday,1,0,None,60,1,0,21.4
2023-11-18,Station Road,Aloo Bhujia,Namkeen,60,270,16200,Saturday,1,0,None,60,1,1,21.4
2023-11-19,Station Road,Rasgulla,Sweet,83,280,23240,Sunday,1,0,None,60,1,0,23.9
2023-11-19,Station Road,Gulab Jamun,Sweet,70,300,21000,Sunday,1,0,None,60,1,0,23.9
2023-11-19,Station Road,Kaju Katli,Sweet,57,900,51300,Sunday,1,0,None,60,1,0,23.9
2023-11-19,Station Road,Besan Barfi,Sweet,65,420,27300,Sunday,1,0,None,60,1,0,23.9
2023-11-19,Station Road,Motichoor Laddu,Sweet,52,380,19760,Sunday,1,0,None,60,1,0,23.9
2023-11-19,Station Road,Ghewar,Sweet,2,500,1000,Sunday,1,0,None,60,1,0,23.9
2023-11-19,Station Road,Gajak,Sweet,45,320,14400,Sunday,1,0,None,60,1,0,23.9
2023-11-19,Station Road,Soan Papdi,Sweet,41,300,12300,Sunday,1,0,None,60,1,0,23.9
2023-11-19,Station Road,Bikaneri Bhujia,Namkeen,166,360,59760,Sunday,1,0,None,60,1,0,23.9
2023-11-19,Station Road,Aloo Bhujia,Namkeen,67,300,20100,Sunday,1,0,None,60,1,0,23.9
2023-11-20,Station Road,Rasgulla,Sweet,46,280,12880,Monday,0,0,None,60,1,0,20.9
2023-11-20,Station Road,Gulab Jamun,Sweet,54,300,16200,Monday,0,0,None,60,1,0,20.9
2023-11-20,Station Road,Kaju Katli,Sweet,30,900,27000,Monday,0,0,None,60,1,0,20.9
2023-11-20,Station Road,Besan Barfi,Sweet,38,420,15960,Monday,0,0,None,60,1,0,20.9
2023-11-20,Station Road,Motichoor Laddu,Sweet,41,380,15580,Monday,0,0,None,60,1,0,20.9
2023-11-20,Station Road,Ghewar,Sweet,3,500,1500,Monday,0,0,None,60,1,0,20.9
2023-11-20,Station Road,Gajak,Sweet,29,320,9280,Monday,0,0,None,60,1,0,20.9
2023-11-20,Station Road,Soan Papdi,Sweet,25,270,6750,Monday,0,0,None,60,1,1,20.9
2023-11-20,Station Road,Bikaneri Bhujia,Namkeen,106,360,38160,Monday,0,0,None,60,1,0,20.9
2023-11-20,Station Road,Aloo Bhujia,Namkeen,42,300,12600,Monday,0,0,None,60,1,0,20.9
2023-11-21,Station Road,Rasgulla,Sweet,55,280,15400,Tuesday,0,0,None,60,1,0,20.1
2023-11-21,Station Road,Gulab Jamun,Sweet,54,300,16200,Tuesday,0,0,None,60,1,0,20.1
2023-11-21,Station Road,Kaju Katli,Sweet,37,900,33300,Tuesday,0,0,None,60,1,0,20.1
2023-11-21,Station Road,Besan Barfi,Sweet,35,420,14700,Tuesday,0,0,None,60,1,0,20.1
2023-11-21,Station Road,Motichoor Laddu,Sweet,37,380,14060,Tuesday,0,0,None,60,1,0,20.1
2023-11-21,Station Road,Ghewar,Sweet,2,500,1000,Tuesday,0,0,None,60,1,0,20.1
2023-11-21,Station Road,Gajak,Sweet,21,320,6720,Tuesday,0,0,None,60,1,0,20.1
2023-11-21,Station Road,Soan Papdi,Sweet,15,300,4500,Tuesday,0,0,None,60,1,0,20.1
2023-11-21,Station Road,Bikaneri Bhujia,Namkeen,107,360,38520,Tuesday,0,0,None,60,1,0,20.1
2023-11-21,Station Road,Aloo Bhujia,Namkeen,39,300,11700,Tuesday,0,0,None,60,1,0,20.1
2023-11-22,Station Road,Rasgulla,Sweet,54,280,15120,Wednesday,0,0,None,60,1,0,24.8
2023-11-22,Station Road,Gulab Jamun,Sweet,43,300,12900,Wednesday,0,0,None,60,1,0,24.8
2023-11-22,Station Road,Kaju Katli,Sweet,31,900,27900,Wednesday,0,0,None,60,1,0,24.8
2023-11-22,Station Road,Besan Barfi,Sweet,40,420,16800,Wednesday,0,0,None,60,1,0,24.8
2023-11-22,Station Road,Motichoor Laddu,Sweet,32,380,12160,Wednesday,0,0,None,60,1,0,24.8
2023-11-22,Station Road,Ghewar,Sweet,1,500,500,Wednesday,0,0,None,60,1,0,24.8
2023-11-22,Station Road,Gajak,Sweet,39,320,12480,Wednesday,0,0,None,60,1,0,24.8
2023-11-22,Station Road,Soan Papdi,Sweet,23,300,6900,Wednesday,0,0,None,60,1,0,24.8
2023-11-22,Station Road,Bikaneri Bhujia,Namkeen,108,360,38880,Wednesday,0,0,None,60,1,0,24.8
2023-11-22,Station Road,Aloo Bhujia,Namkeen,42,300,12600,Wednesday,0,0,None,60,1,0,24.8
2023-11-23,Station Road,Rasgulla,Sweet,47,280,13160,Thursday,0,0,None,60,1,0,22.4
2023-11-23,Station Road,Gulab Jamun,Sweet,46,300,13800,Thursday,0,0,None,60,1,0,22.4
2023-11-23,Station Road,Kaju Katli,Sweet,38,900,34200,Thursday,0,0,None,60,1,0,22.4
2023-11-23,Station Road,Besan Barfi,Sweet,39,420,16380,Thursday,0,0,None,60,1,0,22.4
2023-11-23,Station Road,Motichoor Laddu,Sweet,38,380,14440,Thursday,0,0,None,60,1,0,22.4
2023-11-23,Station Road,Ghewar,Sweet,0,500,0,Thursday,0,0,None,60,1,0,22.4
2023-11-23,Station Road,Gajak,Sweet,21,320,6720,Thursday,0,0,None,60,1,0,22.4
2023-11-23,Station Road,Soan Papdi,Sweet,24,300,7200,Thursday,0,0,None,60,1,0,22.4
2023-11-23,Station Road,Bikaneri Bhujia,Namkeen,118,360,42480,Thursday,0,0,None,60,1,0,22.4
2023-11-23,Station Road,Aloo Bhujia,Namkeen,54,270,14580,Thursday,0,0,None,60,1,1,22.4
2023-11-24,Station Road,Rasgulla,Sweet,59,280,16520,Friday,0,0,None,60,1,0,24.8
2023-11-24,Station Road,Gulab Jamun,Sweet,59,300,17700,Friday,0,0,None,60,1,0,24.8
2023-11-24,Station Road,Kaju Katli,Sweet,44,900,39600,Friday,0,0,None,60,1,0,24.8
2023-11-24,Station Road,Besan Barfi,Sweet,40,420,16800,Friday,0,0,None,60,1,0,24.8
2023-11-24,Station Road,Motichoor Laddu,Sweet,44,380,16720,Friday,0,0,None,60,1,0,24.8
2023-11-24,Station Road,Ghewar,Sweet,2,500,1000,Friday,0,0,None,60,1,0,24.8
2023-11-24,Station Road,Gajak,Sweet,39,320,12480,Friday,0,0,None,60,1,0,24.8
2023-11-24,Station Road,Soan Papdi,Sweet,30,300,9000,Friday,0,0,None,60,1,0,24.8
2023-11-24,Station Road,Bikaneri Bhujia,Namkeen,126,360,45360,Friday,0,0,None,60,1,0,24.8
2023-11-24,Station Road,Aloo Bhujia,Namkeen,51,300,15300,Friday,0,0,None,60,1,0,24.8
2023-11-25,Station Road,Rasgulla,Sweet,49,280,13720,Saturday,1,0,None,60,1,0,23.8
2023-11-25,Station Road,Gulab Jamun,Sweet,71,300,21300,Saturday,1,0,None,60,1,0,23.8
2023-11-25,Station Road,Kaju Katli,Sweet,51,900,45900,Saturday,1,0,None,60,1,0,23.8
2023-11-25,Station Road,Besan Barfi,Sweet,48,420,20160,Saturday,1,0,None,60,1,0,23.8
2023-11-25,Station Road,Motichoor Laddu,Sweet,43,380,16340,Saturday,1,0,None,60,1,0,23.8
2023-11-25,Station Road,Ghewar,Sweet,1,500,500,Saturday,1,0,None,60,1,0,23.8
2023-11-25,Station Road,Gajak,Sweet,42,320,13440,Saturday,1,0,None,60,1,0,23.8
2023-11-25,Station Road,Soan Papdi,Sweet,41,300,12300,Saturday,1,0,None,60,1,0,23.8
2023-11-25,Station Road,Bikaneri Bhujia,Namkeen,149,360,53640,Saturday,1,0,None,60,1,0,23.8
2023-11-25,Station Road,Aloo Bhujia,Namkeen,60,300,18000,Saturday,1,0,None,60,1,0,23.8
2023-11-26,Station Road,Rasgulla,Sweet,66,280,18480,Sunday,1,0,None,60,1,0,22.0
2023-11-26,Station Road,Gulab Jamun,Sweet,74,300,22200,Sunday,1,0,None,60,1,0,22.0
2023-11-26,Station Road,Kaju Katli,Sweet,52,900,46800,Sunday,1,0,None,60,1,0,22.0
2023-11-26,Station Road,Besan Barfi,Sweet,58,420,24360,Sunday,1,0,None,60,1,0,22.0
2023-11-26,Station Road,Motichoor Laddu,Sweet,63,380,23940,Sunday,1,0,None,60,1,0,22.0
2023-11-26,Station Road,Ghewar,Sweet,0,500,0,Sunday,1,0,None,60,1,0,22.0
2023-11-26,Station Road,Gajak,Sweet,48,320,15360,Sunday,1,0,None,60,1,0,22.0
2023-11-26,Station Road,Soan Papdi,Sweet,34,300,10200,Sunday,1,0,None,60,1,0,22.0
2023-11-26,Station Road,Bikaneri Bhujia,Namkeen,170,324,55080,Sunday,1,0,None,60,1,1,22.0
2023-11-26,Station Road,Aloo Bhujia,Namkeen,74,300,22200,Sunday,1,0,None,60,1,0,22.0
2023-11-27,Station Road,Rasgulla,Sweet,46,280,12880,Monday,0,0,None,60,1,0,24.7
2023-11-27,Station Road,Gulab Jamun,Sweet,60,300,18000,Monday,0,0,None,60,1,0,24.7
2023-11-27,Station Road,Kaju Katli,Sweet,26,900,23400,Monday,0,0,None,60,1,0,24.7
2023-11-27,Station Road,Besan Barfi,Sweet,22,420,9240,Monday,0,0,None,60,1,0,24.7
2023-11-27,Station Road,Motichoor Laddu,Sweet,33,380,12540,Monday,0,0,None,60,1,0,24.7
2023-11-27,Station Road,Ghewar,Sweet,0,500,0,Monday,0,0,None,60,1,0,24.7
2023-11-27,Station Road,Gajak,Sweet,29,320,9280,Monday,0,0,None,60,1,0,24.7
2023-11-27,Station Road,Soan Papdi,Sweet,27,300,8100,Monday,0,0,None,60,1,0,24.7
2023-11-27,Station Road,Bikaneri Bhujia,Namkeen,104,360,37440,Monday,0,0,None,60,1,0,24.7
2023-11-27,Station Road,Aloo Bhujia,Namkeen,49,300,14700,Monday,0,0,None,60,1,0,24.7
2023-11-28,Station Road,Rasgulla,Sweet,46,280,12880,Tuesday,0,0,None,60,1,0,24.1
2023-11-28,Station Road,Gulab Jamun,Sweet,57,300,17100,Tuesday,0,0,None,60,1,0,24.1
2023-11-28,Station Road,Kaju Katli,Sweet,30,900,27000,Tuesday,0,0,None,60,1,0,24.1
2023-11-28,Station Road,Besan Barfi,Sweet,43,420,18060,Tuesday,0,0,None,60,1,0,24.1
2023-11-28,Station Road,Motichoor Laddu,Sweet,38,380,14440,Tuesday,0,0,None,60,1,0,24.1
2023-11-28,Station Road,Ghewar,Sweet,4,500,2000,Tuesday,0,0,None,60,1,0,24.1
2023-11-28,Station Road,Gajak,Sweet,29,320,9280,Tuesday,0,0,None,60,1,0,24.1
2023-11-28,Station Road,Soan Papdi,Sweet,19,300,5700,Tuesday,0,0,None,60,1,0,24.1
2023-11-28,Station Road,Bikaneri Bhujia,Namkeen,92,360,33120,Tuesday,0,0,None,60,1,0,24.1
2023-11-28,Station Road,Aloo Bhujia,Namkeen,40,300,12000,Tuesday,0,0,None,60,1,0,24.1
2023-11-29,Station Road,Rasgulla,Sweet,53,280,14840,Wednesday,0,0,None,60,1,0,27.5
2023-11-29,Station Road,Gulab Jamun,Sweet,61,300,18300,Wednesday,0,0,None,60,1,0,27.5
2023-11-29,Station Road,Kaju Katli,Sweet,28,900,25200,Wednesday,0,0,None,60,1,0,27.5
2023-11-29,Station Road,Besan Barfi,Sweet,36,420,15120,Wednesday,0,0,None,60,1,0,27.5
2023-11-29,Station Road,Motichoor Laddu,Sweet,35,380,13300,Wednesday,0,0,None,60,1,0,27.5
2023-11-29,Station Road,Ghewar,Sweet,1,500,500,Wednesday,0,0,None,60,1,0,27.5
2023-11-29,Station Road,Gajak,Sweet,27,320,8640,Wednesday,0,0,None,60,1,0,27.5
2023-11-29,Station Road,Soan Papdi,Sweet,16,300,4800,Wednesday,0,0,None,60,1,0,27.5
2023-11-29,Station Road,Bikaneri Bhujia,Namkeen,125,360,45000,Wednesday,0,0,None,60,1,0,27.5
2023-11-29,Station Road,Aloo Bhujia,Namkeen,43,300,12900,Wednesday,0,0,None,60,1,0,27.5
2023-11-30,Station Road,Rasgulla,Sweet,41,280,11480,Thursday,0,0,None,60,1,0,24.7
2023-11-30,Station Road,Gulab Jamun,Sweet,60,300,18000,Thursday,0,0,None,60,1,0,24.7
2023-11-30,Station Road,Kaju Katli,Sweet,43,900,38700,Thursday,0,0,None,60,1,0,24.7
2023-11-30,Station Road,Besan Barfi,Sweet,49,420,20580,Thursday,0,0,None,60,1,0,24.7
2023-11-30,Station Road,Motichoor Laddu,Sweet,46,380,17480,Thursday,0,0,None,60,1,0,24.7
2023-11-30,Station Road,Ghewar,Sweet,1,500,500,Thursday,0,0,None,60,1,0,24.7
2023-11-30,Station Road,Gajak,Sweet,25,320,8000,Thursday,0,0,None,60,1,0,24.7
2023-11-30,Station Road,Soan Papdi,Sweet,25,300,7500,Thursday,0,0,None,60,1,0,24.7
2023-11-30,Station Road,Bikaneri Bhujia,Namkeen,129,360,46440,Thursday,0,0,None,60,1,0,24.7
2023-11-30,Station Road,Aloo Bhujia,Namkeen,57,300,17100,Thursday,0,0,None,60,1,0,24.7
2023-12-01,Station Road,Rasgulla,Sweet,56,280,15680,Friday,0,0,None,60,1,0,21.3
2023-12-01,Station Road,Gulab Jamun,Sweet,84,270,22680,Friday,0,0,None,60,1,1,21.3
2023-12-01,Station Road,Kaju Katli,Sweet,39,900,35100,Friday,0,0,None,60,1,0,21.3
2023-12-01,Station Road,Besan Barfi,Sweet,41,420,17220,Friday,0,0,None,60,1,0,21.3
2023-12-01,Station Road,Motichoor Laddu,Sweet,37,380,14060,Friday,0,0,None,60,1,0,21.3
2023-12-01,Station Road,Ghewar,Sweet,3,500,1500,Friday,0,0,None,60,1,0,21.3
2023-12-01,Station Road,Gajak,Sweet,40,320,12800,Friday,0,0,None,60,1,0,21.3
2023-12-01,Station Road,Soan Papdi,Sweet,30,300,9000,Friday,0,0,None,60,1,0,21.3
2023-12-01,Station Road,Bikaneri Bhujia,Namkeen,134,360,48240,Friday,0,0,None,60,1,0,21.3
2023-12-01,Station Road,Aloo Bhujia,Namkeen,39,300,11700,Friday,0,0,None,60,1,0,21.3
2023-12-02,Station Road,Rasgulla,Sweet,64,280,17920,Saturday,1,0,None,60,1,0,15.6
2023-12-02,Station Road,Gulab Jamun,Sweet,75,300,22500,Saturday,1,0,None,60,1,0,15.6
2023-12-02,Station Road,Kaju Katli,Sweet,51,900,45900,Saturday,1,0,None,60,1,0,15.6
2023-12-02,Station Road,Besan Barfi,Sweet,55,420,23100,Saturday,1,0,None,60,1,0,15.6
2023-12-02,Station Road,Motichoor Laddu,Sweet,41,380,15580,Saturday,1,0,None,60,1,0,15.6
2023-12-02,Station Road,Ghewar,Sweet,1,500,500,Saturday,1,0,None,60,1,0,15.6
2023-12-02,Station Road,Gajak,Sweet,65,320,20800,Saturday,1,0,None,60,1,0,15.6
2023-12-02,Station Road,Soan Papdi,Sweet,32,300,9600,Saturday,1,0,None,60,1,0,15.6
2023-12-02,Station Road,Bikaneri Bhujia,Namkeen,144,360,51840,Saturday,1,0,None,60,1,0,15.6
2023-12-02,Station Road,Aloo Bhujia,Namkeen,67,300,20100,Saturday,1,0,None,60,1,0,15.6
2023-12-03,Station Road,Rasgulla,Sweet,76,280,21280,Sunday,1,0,None,60,1,0,17.5
2023-12-03,Station Road,Gulab Jamun,Sweet,75,300,22500,Sunday,1,0,None,60,1,0,17.5
2023-12-03,Station Road,Kaju Katli,Sweet,48,900,43200,Sunday,1,0,None,60,1,0,17.5
2023-12-03,Station Road,Besan Barfi,Sweet,71,420,29820,Sunday,1,0,None,60,1,0,17.5
2023-12-03,Station Road,Motichoor Laddu,Sweet,55,380,20900,Sunday,1,0,None,60,1,0,17.5
2023-12-03,Station Road,Ghewar,Sweet,3,500,1500,Sunday,1,0,None,60,1,0,17.5
2023-12-03,Station Road,Gajak,Sweet,70,320,22400,Sunday,1,0,None,60,1,0,17.5
2023-12-03,Station Road,Soan Papdi,Sweet,39,300,11700,Sunday,1,0,None,60,1,0,17.5
2023-12-03,Station Road,Bikaneri Bhujia,Namkeen,171,360,61560,Sunday,1,0,None,60,1,0,17.5
2023-12-03,Station Road,Aloo Bhujia,Namkeen,62,300,18600,Sunday,1,0,None,60,1,0,17.5
2023-12-04,Station Road,Rasgulla,Sweet,44,280,12320,Monday,0,0,None,60,1,0,19.0
2023-12-04,Station Road,Gulab Jamun,Sweet,63,300,18900,Monday,0,0,None,60,1,0,19.0
2023-12-04,Station Road,Kaju Katli,Sweet,30,900,27000,Monday,0,0,None,60,1,0,19.0
2023-12-04,Station Road,Besan Barfi,Sweet,40,420,16800,Monday,0,0,None,60,1,0,19.0
2023-12-04,Station Road,Motichoor Laddu,Sweet,44,380,16720,Monday,0,0,None,60,1,0,19.0
2023-12-04,Station Road,Ghewar,Sweet,2,500,1000,Monday,0,0,None,60,1,0,19.0
2023-12-04,Station Road,Gajak,Sweet,33,320,10560,Monday,0,0,None,60,1,0,19.0
2023-12-04,Station Road,Soan Papdi,Sweet,19,300,5700,Monday,0,0,None,60,1,0,19.0
2023-12-04,Station Road,Bikaneri Bhujia,Namkeen,151,324,48924,Monday,0,0,None,60,1,1,19.0
2023-12-04,Station Road,Aloo Bhujia,Namkeen,47,300,14100,Monday,0,0,None,60,1,0,19.0
2023-12-05,Station Road,Rasgulla,Sweet,39,280,10920,Tuesday,0,0,None,60,1,0,19.2
2023-12-05,Station Road,Gulab Jamun,Sweet,40,300,12000,Tuesday,0,0,None,60,1,0,19.2
2023-12-05,Station Road,Kaju Katli,Sweet,29,900,26100,Tuesday,0,0,None,60,1,0,19.2
2023-12-05,Station Road,Besan Barfi,Sweet,46,420,19320,Tuesday,0,0,None,60,1,0,19.2
2023-12-05,Station Road,Motichoor Laddu,Sweet,50,380,19000,Tuesday,0,0,None,60,1,0,19.2
2023-12-05,Station Road,Ghewar,Sweet,2,500,1000,Tuesday,0,0,None,60,1,0,19.2
2023-12-05,Station Road,Gajak,Sweet,49,320,15680,Tuesday,0,0,None,60,1,0,19.2
2023-12-05,Station Road,Soan Papdi,Sweet,17,300,5100,Tuesday,0,0,None,60,1,0,19.2
2023-12-05,Station Road,Bikaneri Bhujia,Namkeen,91,360,32760,Tuesday,0,0,None,60,1,0,19.2
2023-12-05,Station Road,Aloo Bhujia,Namkeen,37,300,11100,Tuesday,0,0,None,60,1,0,19.2
2023-12-06,Station Road,Rasgulla,Sweet,50,280,14000,Wednesday,0,0,None,60,1,0,17.6
2023-12-06,Station Road,Gulab Jamun,Sweet,61,300,18300,Wednesday,0,0,None,60,1,0,17.6
2023-12-06,Station Road,Kaju Katli,Sweet,35,900,31500,Wednesday,0,0,None,60,1,0,17.6
2023-12-06,Station Road,Besan Barfi,Sweet,38,420,15960,Wednesday,0,0,None,60,1,0,17.6
2023-12-06,Station Road,Motichoor Laddu,Sweet,44,380,16720,Wednesday,0,0,None,60,1,0,17.6
2023-12-06,Station Road,Ghewar,Sweet,2,500,1000,Wednesday,0,0,None,60,1,0,17.6
2023-12-06,Station Road,Gajak,Sweet,52,320,16640,Wednesday,0,0,None,60,1,0,17.6
2023-12-06,Station Road,Soan Papdi,Sweet,28,300,8400,Wednesday,0,0,None,60,1,0,17.6
2023-12-06,Station Road,Bikaneri Bhujia,Namkeen,101,360,36360,Wednesday,0,0,None,60,1,0,17.6
2023-12-06,Station Road,Aloo Bhujia,Namkeen,53,300,15900,Wednesday,0,0,None,60,1,0,17.6
2023-12-07,Station Road,Rasgulla,Sweet,43,280,12040,Thursday,0,0,None,60,1,0,17.0
2023-12-07,Station Road,Gulab Jamun,Sweet,68,300,20400,Thursday,0,0,None,60,1,0,17.0
2023-12-07,Station Road,Kaju Katli,Sweet,39,900,35100,Thursday,0,0,None,60,1,0,17.0
2023-12-07,Station Road,Besan Barfi,Sweet,44,420,18480,Thursday,0,0,None,60,1,0,17.0
2023-12-07,Station Road,Motichoor Laddu,Sweet,40,380,15200,Thursday,0,0,None,60,1,0,17.0
2023-12-07,Station Road,Ghewar,Sweet,0,500,0,Thursday,0,0,None,60,1,0,17.0
2023-12-07,Station Road,Gajak,Sweet,61,320,19520,Thursday,0,0,None,60,1,0,17.0
2023-12-07,Station Road,Soan Papdi,Sweet,29,270,7830,Thursday,0,0,None,60,1,1,17.0
2023-12-07,Station Road,Bikaneri Bhujia,Namkeen,113,360,40680,Thursday,0,0,None,60,1,0,17.0
2023-12-07,Station Road,Aloo Bhujia,Namkeen,50,300,15000,Thursday,0,0,None,60,1,0,17.0
2023-12-08,Station Road,Rasgulla,Sweet,40,280,11200,Friday,0,0,None,60,1,0,17.3
2023-12-08,Station Road,Gulab Jamun,Sweet,55,300,16500,Friday,0,0,None,60,1,0,17.3
2023-12-08,Station Road,Kaju Katli,Sweet,44,900,39600,Friday,0,0,None,60,1,0,17.3
2023-12-08,Station Road,Besan Barfi,Sweet,51,420,21420,Friday,0,0,None,60,1,0,17.3
2023-12-08,Station Road,Motichoor Laddu,Sweet,61,380,23180,Friday,0,0,None,60,1,0,17.3
2023-12-08,Station Road,Ghewar,Sweet,1,500,500,Friday,0,0,None,60,1,0,17.3
2023-12-08,Station Road,Gajak,Sweet,71,320,22720,Friday,0,0,None,60,1,0,17.3
2023-12-08,Station Road,Soan Papdi,Sweet,32,300,9600,Friday,0,0,None,60,1,0,17.3
2023-12-08,Station Road,Bikaneri Bhujia,Namkeen,133,360,47880,Friday,0,0,None,60,1,0,17.3
2023-12-08,Station Road,Aloo Bhujia,Namkeen,33,300,9900,Friday,0,0,None,60,1,0,17.3
2023-12-09,Station Road,Rasgulla,Sweet,67,280,18760,Saturday,1,0,None,60,1,0,16.7
2023-12-09,Station Road,Gulab Jamun,Sweet,80,300,24000,Saturday,1,0,None,60,1,0,16.7
2023-12-09,Station Road,Kaju Katli,Sweet,55,900,49500,Saturday,1,0,None,60,1,0,16.7
2023-12-09,Station Road,Besan Barfi,Sweet,69,420,28980,Saturday,1,0,None,60,1,0,16.7
2023-12-09,Station Road,Motichoor Laddu,Sweet,52,380,19760,Saturday,1,0,None,60,1,0,16.7
2023-12-09,Station Road,Ghewar,Sweet,4,500,2000,Saturday,1,0,None,60,1,0,16.7
2023-12-09,Station Road,Gajak,Sweet,54,320,17280,Saturday,1,0,None,60,1,0,16.7
2023-12-09,Station Road,Soan Papdi,Sweet,28,300,8400,Saturday,1,0,None,60,1,0,16.7
2023-12-09,Station Road,Bikaneri Bhujia,Namkeen,140,360,50400,Saturday,1,0,None,60,1,0,16.7
2023-12-09,Station Road,Aloo Bhujia,Namkeen,64,300,19200,Saturday,1,0,None,60,1,0,16.7
2023-12-10,Station Road,Rasgulla,Sweet,73,280,20440,Sunday,1,0,None,60,1,0,19.5
2023-12-10,Station Road,Gulab Jamun,Sweet,87,300,26100,Sunday,1,0,None,60,1,0,19.5
2023-12-10,Station Road,Kaju Katli,Sweet,66,900,59400,Sunday,1,0,None,60,1,0,19.5
2023-12-10,Station Road,Besan Barfi,Sweet,68,420,28560,Sunday,1,0,None,60,1,0,19.5
2023-12-10,Station Road,Motichoor Laddu,Sweet,57,380,21660,Sunday,1,0,None,60,1,0,19.5
2023-12-10,Station Road,Ghewar,Sweet,1,500,500,Sunday,1,0,None,60,1,0,19.5
2023-12-10,Station Road,Gajak,Sweet,65,320,20800,Sunday,1,0,None,60,1,0,19.5
2023-12-10,Station Road,Soan Papdi,Sweet,23,300,6900,Sunday,1,0,None,60,1,0,19.5
2023-12-10,Station Road,Bikaneri Bhujia,Namkeen,151,360,54360,Sunday,1,0,None,60,1,0,19.5
2023-12-10,Station Road,Aloo Bhujia,Namkeen,77,300,23100,Sunday,1,0,None,60,1,0,19.5
2023-12-11,Station Road,Rasgulla,Sweet,52,252,13104,Monday,0,0,None,60,1,1,15.8
2023-12-11,Station Road,Gulab Jamun,Sweet,63,300,18900,Monday,0,0,None,60,1,0,15.8
2023-12-11,Station Road,Kaju Katli,Sweet,39,900,35100,Monday,0,0,None,60,1,0,15.8
2023-12-11,Station Road,Besan Barfi,Sweet,37,420,15540,Monday,0,0,None,60,1,0,15.8
2023-12-11,Station Road,Motichoor Laddu,Sweet,31,380,11780,Monday,0,0,None,60,1,0,15.8
2023-12-11,Station Road,Ghewar,Sweet,2,500,1000,Monday,0,0,None,60,1,0,15.8
2023-12-11,Station Road,Gajak,Sweet,32,320,10240,Monday,0,0,None,60,1,0,15.8
2023-12-11,Station Road,Soan Papdi,Sweet,20,300,6000,Monday,0,0,None,60,1,0,15.8
2023-12-11,Station Road,Bikaneri Bhujia,Namkeen,110,360,39600,Monday,0,0,None,60,1,0,15.8
2023-12-11,Station Road,Aloo Bhujia,Namkeen,46,300,13800,Monday,0,0,None,60,1,0,15.8
2023-12-12,Station Road,Rasgulla,Sweet,48,280,13440,Tuesday,0,0,None,60,1,0,15.1
2023-12-12,Station Road,Gulab Jamun,Sweet,54,300,16200,Tuesday,0,0,None,60,1,0,15.1
2023-12-12,Station Road,Kaju Katli,Sweet,42,900,37800,Tuesday,0,0,None,60,1,0,15.1
2023-12-12,Station Road,Besan Barfi,Sweet,32,420,13440,Tuesday,0,0,None,60,1,0,15.1
2023-12-12,Station Road,Motichoor Laddu,Sweet,36,380,13680,Tuesday,0,0,None,60,1,0,15.1
2023-12-12,Station Road,Ghewar,Sweet,0,500,0,Tuesday,0,0,None,60,1,0,15.1
2023-12-12,Station Road,Gajak,Sweet,45,320,14400,Tuesday,0,0,None,60,1,0,15.1
2023-12-12,Station Road,Soan Papdi,Sweet,17,300,5100,Tuesday,0,0,None,60,1,0,15.1
2023-12-12,Station Road,Bikaneri Bhujia,Namkeen,105,360,37800,Tuesday,0,0,None,60,1,0,15.1
2023-12-12,Station Road,Aloo Bhujia,Namkeen,53,270,14310,Tuesday,0,0,None,60,1,1,15.1
2023-12-13,Station Road,Rasgulla,Sweet,48,280,13440,Wednesday,0,0,None,60,1,0,15.2
2023-12-13,Station Road,Gulab Jamun,Sweet,47,300,14100,Wednesday,0,0,None,60,1,0,15.2
2023-12-13,Station Road,Kaju Katli,Sweet,40,900,36000,Wednesday,0,0,None,60,1,0,15.2
2023-12-13,Station Road,Besan Barfi,Sweet,49,420,20580,Wednesday,0,0,None,60,1,0,15.2
2023-12-13,Station Road,Motichoor Laddu,Sweet,39,380,14820,Wednesday,0,0,None,60,1,0,15.2
2023-12-13,Station Road,Ghewar,Sweet,2,500,1000,Wednesday,0,0,None,60,1,0,15.2
2023-12-13,Station Road,Gajak,Sweet,45,320,14400,Wednesday,0,0,None,60,1,0,15.2
2023-12-13,Station Road,Soan Papdi,Sweet,21,300,6300,Wednesday,0,0,None,60,1,0,15.2
2023-12-13,Station Road,Bikaneri Bhujia,Namkeen,101,360,36360,Wednesday,0,0,None,60,1,0,15.2
2023-12-13,Station Road,Aloo Bhujia,Namkeen,38,300,11400,Wednesday,0,0,None,60,1,0,15.2
2023-12-14,Station Road,Rasgulla,Sweet,54,280,15120,Thursday,0,0,None,60,1,0,20.8
2023-12-14,Station Road,Gulab Jamun,Sweet,56,300,16800,Thursday,0,0,None,60,1,0,20.8
2023-12-14,Station Road,Kaju Katli,Sweet,26,900,23400,Thursday,0,0,None,60,1,0,20.8
2023-12-14,Station Road,Besan Barfi,Sweet,46,420,19320,Thursday,0,0,None,60,1,0,20.8
2023-12-14,Station Road,Motichoor Laddu,Sweet,49,380,18620,Thursday,0,0,None,60,1,0,20.8
2023-12-14,Station Road,Ghewar,Sweet,1,450,450,Thursday,0,0,None,60,1,1,20.8
2023-12-14,Station Road,Gajak,Sweet,53,320,16960,Thursday,0,0,None,60,1,0,20.8
2023-12-14,Station Road,Soan Papdi,Sweet,24,300,7200,Thursday,0,0,None,60,1,0,20.8
2023-12-14,Station Road,Bikaneri Bhujia,Namkeen,122,360,43920,Thursday,0,0,None,60,1,0,20.8
2023-12-14,Station Road,Aloo Bhujia,Namkeen,55,300,16500,Thursday,0,0,None,60,1,0,20.8
2023-12-15,Station Road,Rasgulla,Sweet,58,280,16240,Friday,0,0,None,60,1,0,15.8
2023-12-15,Station Road,Gulab Jamun,Sweet,58,300,17400,Friday,0,0,None,60,1,0,15.8
2023-12-15,Station Road,Kaju Katli,Sweet,45,900,40500,Friday,0,0,None,60,1,0,15.8
2023-12-15,Station Road,Besan Barfi,Sweet,38,420,15960,Friday,0,0,None,60,1,0,15.8
2023-12-15,Station Road,Motichoor Laddu,Sweet,46,380,17480,Friday,0,0,None,60,1,0,15.8
2023-12-15,Station Road,Ghewar,Sweet,1,500,500,Friday,0,0,None,60,1,0,15.8
2023-12-15,Station Road,Gajak,Sweet,48,320,15360,Friday,0,0,None,60,1,0,15.8
2023-12-15,Station Road,Soan Papdi,Sweet,27,300,8100,Friday,0,0,None,60,1,0,15.8
2023-12-15,Station Road,Bikaneri Bhujia,Namkeen,154,360,55440,Friday,0,0,None,60,1,0,15.8
2023-12-15,Station Road,Aloo Bhujia,Namkeen,60,300,18000,Friday,0,0,None,60,1,0,15.8
2023-12-16,Station Road,Rasgulla,Sweet,54,280,15120,Saturday,1,0,None,60,1,0,18.6
2023-12-16,Station Road,Gulab Jamun,Sweet,82,300,24600,Saturday,1,0,None,60,1,0,18.6
2023-12-16,Station Road,Kaju Katli,Sweet,35,900,31500,Saturday,1,0,None,60,1,0,18.6
2023-12-16,Station Road,Besan Barfi,Sweet,54,420,22680,Saturday,1,0,None,60,1,0,18.6
2023-12-16,Station Road,Motichoor Laddu,Sweet,67,380,25460,Saturday,1,0,None,60,1,0,18.6
2023-12-16,Station Road,Ghewar,Sweet,2,500,1000,Saturday,1,0,None,60,1,0,18.6
2023-12-16,Station Road,Gajak,Sweet,63,320,20160,Saturday,1,0,None,60,1,0,18.6
2023-12-16,Station Road,Soan Papdi,Sweet,31,300,9300,Saturday,1,0,None,60,1,0,18.6
2023-12-16,Station Road,Bikaneri Bhujia,Namkeen,150,360,54000,Saturday,1,0,None,60,1,0,18.6
2023-12-16,Station Road,Aloo Bhujia,Namkeen,63,300,18900,Saturday,1,0,None,60,1,0,18.6
2023-12-17,Station Road,Rasgulla,Sweet,71,280,19880,Sunday,1,0,None,60,1,0,11.7
2023-12-17,Station Road,Gulab Jamun,Sweet,81,300,24300,Sunday,1,0,None,60,1,0,11.7
2023-12-17,Station Road,Kaju Katli,Sweet,53,900,47700,Sunday,1,0,None,60,1,0,11.7
2023-12-17,Station Road,Besan Barfi,Sweet,57,420,23940,Sunday,1,0,None,60,1,0,11.7
2023-12-17,Station Road,Motichoor Laddu,Sweet,57,380,21660,Sunday,1,0,None,60,1,0,11.7
2023-12-17,Station Road,Ghewar,Sweet,6,500,3000,Sunday,1,0,None,60,1,0,11.7
2023-12-17,Station Road,Gajak,Sweet,69,320,22080,Sunday,1,0,None,60,1,0,11.7
2023-12-17,Station Road,Soan Papdi,Sweet,47,300,14100,Sunday,1,0,None,60,1,0,11.7
2023-12-17,Station Road,Bikaneri Bhujia,Namkeen,173,360,62280,Sunday,1,0,None,60,1,0,11.7
2023-12-17,Station Road,Aloo Bhujia,Namkeen,61,300,18300,Sunday,1,0,None,60,1,0,11.7
2023-12-18,Station Road,Rasgulla,Sweet,39,280,10920,Monday,0,0,None,60,1,0,16.1
2023-12-18,Station Road,Gulab Jamun,Sweet,60,300,18000,Monday,0,0,None,60,1,0,16.1
2023-12-18,Station Road,Kaju Katli,Sweet,37,900,33300,Monday,0,0,None,60,1,0,16.1
2023-12-18,Station Road,Besan Barfi,Sweet,42,420,17640,Monday,0,0,None,60,1,0,16.1
2023-12-18,Station Road,Motichoor Laddu,Sweet,33,380,12540,Monday,0,0,None,60,1,0,16.1
2023-12-18,Station Road,Ghewar,Sweet,3,500,1500,Monday,0,0,None,60,1,0,16.1
2023-12-18,Station Road,Gajak,Sweet,48,320,15360,Monday,0,0,None,60,1,0,16.1
2023-12-18,Station Road,Soan Papdi,Sweet,24,300,7200,Monday,0,0,None,60,1,0,16.1
2023-12-18,Station Road,Bikaneri Bhujia,Namkeen,104,360,37440,Monday,0,0,None,60,1,0,16.1
2023-12-18,Station Road,Aloo Bhujia,Namkeen,39,300,11700,Monday,0,0,None,60,1,0,16.1
2023-12-19,Station Road,Rasgulla,Sweet,62,280,17360,Tuesday,0,0,pre-Christmas/NY,60,1,0,16.1
2023-12-19,Station Road,Gulab Jamun,Sweet,57,300,17100,Tuesday,0,0,pre-Christmas/NY,60,1,0,16.1
2023-12-19,Station Road,Kaju Katli,Sweet,38,900,34200,Tuesday,0,0,pre-Christmas/NY,60,1,0,16.1
2023-12-19,Station Road,Besan Barfi,Sweet,41,420,17220,Tuesday,0,0,pre-Christmas/NY,60,1,0,16.1
2023-12-19,Station Road,Motichoor Laddu,Sweet,50,380,19000,Tuesday,0,0,pre-Christmas/NY,60,1,0,16.1
2023-12-19,Station Road,Ghewar,Sweet,2,500,1000,Tuesday,0,0,pre-Christmas/NY,60,1,0,16.1
2023-12-19,Station Road,Gajak,Sweet,47,320,15040,Tuesday,0,0,pre-Christmas/NY,60,1,0,16.1
2023-12-19,Station Road,Soan Papdi,Sweet,31,300,9300,Tuesday,0,0,pre-Christmas/NY,60,1,0,16.1
2023-12-19,Station Road,Bikaneri Bhujia,Namkeen,90,360,32400,Tuesday,0,0,pre-Christmas/NY,60,1,0,16.1
2023-12-19,Station Road,Aloo Bhujia,Namkeen,46,300,13800,Tuesday,0,0,pre-Christmas/NY,60,1,0,16.1
2023-12-20,Station Road,Rasgulla,Sweet,71,280,19880,Wednesday,0,0,pre-Christmas/NY,60,1,0,15.9
2023-12-20,Station Road,Gulab Jamun,Sweet,95,300,28500,Wednesday,0,0,pre-Christmas/NY,60,1,0,15.9
2023-12-20,Station Road,Kaju Katli,Sweet,59,900,53100,Wednesday,0,0,pre-Christmas/NY,60,1,0,15.9
2023-12-20,Station Road,Besan Barfi,Sweet,67,420,28140,Wednesday,0,0,pre-Christmas/NY,60,1,0,15.9
2023-12-20,Station Road,Motichoor Laddu,Sweet,63,380,23940,Wednesday,0,0,pre-Christmas/NY,60,1,0,15.9
2023-12-20,Station Road,Ghewar,Sweet,2,500,1000,Wednesday,0,0,pre-Christmas/NY,60,1,0,15.9
2023-12-20,Station Road,Gajak,Sweet,55,320,17600,Wednesday,0,0,pre-Christmas/NY,60,1,0,15.9
2023-12-20,Station Road,Soan Papdi,Sweet,31,300,9300,Wednesday,0,0,pre-Christmas/NY,60,1,0,15.9
2023-12-20,Station Road,Bikaneri Bhujia,Namkeen,130,360,46800,Wednesday,0,0,pre-Christmas/NY,60,1,0,15.9
2023-12-20,Station Road,Aloo Bhujia,Namkeen,61,300,18300,Wednesday,0,0,pre-Christmas/NY,60,1,0,15.9
2023-12-21,Station Road,Rasgulla,Sweet,65,280,18200,Thursday,0,0,pre-Christmas/NY,60,1,0,20.0
2023-12-21,Station Road,Gulab Jamun,Sweet,77,300,23100,Thursday,0,0,pre-Christmas/NY,60,1,0,20.0
2023-12-21,Station Road,Kaju Katli,Sweet,67,900,60300,Thursday,0,0,pre-Christmas/NY,60,1,0,20.0
2023-12-21,Station Road,Besan Barfi,Sweet,89,420,37380,Thursday,0,0,pre-Christmas/NY,60,1,0,20.0
2023-12-21,Station Road,Motichoor Laddu,Sweet,80,380,30400,Thursday,0,0,pre-Christmas/NY,60,1,0,20.0
2023-12-21,Station Road,Ghewar,Sweet,2,500,1000,Thursday,0,0,pre-Christmas/NY,60,1,0,20.0
2023-12-21,Station Road,Gajak,Sweet,77,320,24640,Thursday,0,0,pre-Christmas/NY,60,1,0,20.0
2023-12-21,Station Road,Soan Papdi,Sweet,45,300,13500,Thursday,0,0,pre-Christmas/NY,60,1,0,20.0
2023-12-21,Station Road,Bikaneri Bhujia,Namkeen,182,360,65520,Thursday,0,0,pre-Christmas/NY,60,1,0,20.0
2023-12-21,Station Road,Aloo Bhujia,Namkeen,59,300,17700,Thursday,0,0,pre-Christmas/NY,60,1,0,20.0
2023-12-22,Station Road,Rasgulla,Sweet,109,280,30520,Friday,0,0,pre-Christmas/NY,60,1,0,16.9
2023-12-22,Station Road,Gulab Jamun,Sweet,113,300,33900,Friday,0,0,pre-Christmas/NY,60,1,0,16.9
2023-12-22,Station Road,Kaju Katli,Sweet,83,900,74700,Friday,0,0,pre-Christmas/NY,60,1,0,16.9
2023-12-22,Station Road,Besan Barfi,Sweet,91,420,38220,Friday,0,0,pre-Christmas/NY,60,1,0,16.9
2023-12-22,Station Road,Motichoor Laddu,Sweet,84,380,31920,Friday,0,0,pre-Christmas/NY,60,1,0,16.9
2023-12-22,Station Road,Ghewar,Sweet,3,500,1500,Friday,0,0,pre-Christmas/NY,60,1,0,16.9
2023-12-22,Station Road,Gajak,Sweet,60,320,19200,Friday,0,0,pre-Christmas/NY,60,1,0,16.9
2023-12-22,Station Road,Soan Papdi,Sweet,69,270,18630,Friday,0,0,pre-Christmas/NY,60,1,1,16.9
2023-12-22,Station Road,Bikaneri Bhujia,Namkeen,217,360,78120,Friday,0,0,pre-Christmas/NY,60,1,0,16.9
2023-12-22,Station Road,Aloo Bhujia,Namkeen,80,300,24000,Friday,0,0,pre-Christmas/NY,60,1,0,16.9
2023-12-23,Station Road,Rasgulla,Sweet,139,280,38920,Saturday,1,0,pre-Christmas/NY,60,1,0,18.2
2023-12-23,Station Road,Gulab Jamun,Sweet,139,300,41700,Saturday,1,0,pre-Christmas/NY,60,1,0,18.2
2023-12-23,Station Road,Kaju Katli,Sweet,124,810,100440,Saturday,1,0,pre-Christmas/NY,60,1,1,18.2
2023-12-23,Station Road,Besan Barfi,Sweet,97,420,40740,Saturday,1,0,pre-Christmas/NY,60,1,0,18.2
2023-12-23,Station Road,Motichoor Laddu,Sweet,138,380,52440,Saturday,1,0,pre-Christmas/NY,60,1,0,18.2
2023-12-23,Station Road,Ghewar,Sweet,2,500,1000,Saturday,1,0,pre-Christmas/NY,60,1,0,18.2
2023-12-23,Station Road,Gajak,Sweet,94,320,30080,Saturday,1,0,pre-Christmas/NY,60,1,0,18.2
2023-12-23,Station Road,Soan Papdi,Sweet,50,300,15000,Saturday,1,0,pre-Christmas/NY,60,1,0,18.2
2023-12-23,Station Road,Bikaneri Bhujia,Namkeen,262,360,94320,Saturday,1,0,pre-Christmas/NY,60,1,0,18.2
2023-12-23,Station Road,Aloo Bhujia,Namkeen,93,300,27900,Saturday,1,0,pre-Christmas/NY,60,1,0,18.2
2023-12-24,Station Road,Rasgulla,Sweet,158,280,44240,Sunday,1,0,pre-Christmas/NY,60,1,0,16.7
2023-12-24,Station Road,Gulab Jamun,Sweet,200,300,60000,Sunday,1,0,pre-Christmas/NY,60,1,0,16.7
2023-12-24,Station Road,Kaju Katli,Sweet,115,900,103500,Sunday,1,0,pre-Christmas/NY,60,1,0,16.7
2023-12-24,Station Road,Besan Barfi,Sweet,119,420,49980,Sunday,1,0,pre-Christmas/NY,60,1,0,16.7
2023-12-24,Station Road,Motichoor Laddu,Sweet,133,380,50540,Sunday,1,0,pre-Christmas/NY,60,1,0,16.7
2023-12-24,Station Road,Ghewar,Sweet,4,500,2000,Sunday,1,0,pre-Christmas/NY,60,1,0,16.7
2023-12-24,Station Road,Gajak,Sweet,114,320,36480,Sunday,1,0,pre-Christmas/NY,60,1,0,16.7
2023-12-24,Station Road,Soan Papdi,Sweet,91,300,27300,Sunday,1,0,pre-Christmas/NY,60,1,0,16.7
2023-12-24,Station Road,Bikaneri Bhujia,Namkeen,292,360,105120,Sunday,1,0,pre-Christmas/NY,60,1,0,16.7
2023-12-24,Station Road,Aloo Bhujia,Namkeen,120,300,36000,Sunday,1,0,pre-Christmas/NY,60,1,0,16.7
2023-12-25,Station Road,Rasgulla,Sweet,172,280,48160,Monday,0,1,Christmas/NY,60,1,0,15.4
2023-12-25,Station Road,Gulab Jamun,Sweet,196,300,58800,Monday,0,1,Christmas/NY,60,1,0,15.4
2023-12-25,Station Road,Kaju Katli,Sweet,171,900,153900,Monday,0,1,Christmas/NY,60,1,0,15.4
2023-12-25,Station Road,Besan Barfi,Sweet,155,420,65100,Monday,0,1,Christmas/NY,60,1,0,15.4
2023-12-25,Station Road,Motichoor Laddu,Sweet,148,380,56240,Monday,0,1,Christmas/NY,60,1,0,15.4
2023-12-25,Station Road,Ghewar,Sweet,4,500,2000,Monday,0,1,Christmas/NY,60,1,0,15.4
2023-12-25,Station Road,Gajak,Sweet,99,320,31680,Monday,0,1,Christmas/NY,60,1,0,15.4
2023-12-25,Station Road,Soan Papdi,Sweet,114,300,34200,Monday,0,1,Christmas/NY,60,1,0,15.4
2023-12-25,Station Road,Bikaneri Bhujia,Namkeen,365,360,131400,Monday,0,1,Christmas/NY,60,1,0,15.4
2023-12-25,Station Road,Aloo Bhujia,Namkeen,132,300,39600,Monday,0,1,Christmas/NY,60,1,0,15.4
2023-12-26,Station Road,Rasgulla,Sweet,49,280,13720,Tuesday,0,0,None,60,1,0,11.6
2023-12-26,Station Road,Gulab Jamun,Sweet,59,300,17700,Tuesday,0,0,None,60,1,0,11.6
2023-12-26,Station Road,Kaju Katli,Sweet,37,900,33300,Tuesday,0,0,None,60,1,0,11.6
2023-12-26,Station Road,Besan Barfi,Sweet,32,420,13440,Tuesday,0,0,None,60,1,0,11.6
2023-12-26,Station Road,Motichoor Laddu,Sweet,40,380,15200,Tuesday,0,0,None,60,1,0,11.6
2023-12-26,Station Road,Ghewar,Sweet,1,450,450,Tuesday,0,0,None,60,1,1,11.6
2023-12-26,Station Road,Gajak,Sweet,58,320,18560,Tuesday,0,0,None,60,1,0,11.6
2023-12-26,Station Road,Soan Papdi,Sweet,24,300,7200,Tuesday,0,0,None,60,1,0,11.6
2023-12-26,Station Road,Bikaneri Bhujia,Namkeen,109,360,39240,Tuesday,0,0,None,60,1,0,11.6
2023-12-26,Station Road,Aloo Bhujia,Namkeen,35,300,10500,Tuesday,0,0,None,60,1,0,11.6
2023-12-27,Station Road,Rasgulla,Sweet,53,280,14840,Wednesday,0,0,None,60,1,0,12.8
2023-12-27,Station Road,Gulab Jamun,Sweet,57,300,17100,Wednesday,0,0,None,60,1,0,12.8
2023-12-27,Station Road,Kaju Katli,Sweet,34,900,30600,Wednesday,0,0,None,60,1,0,12.8
2023-12-27,Station Road,Besan Barfi,Sweet,37,420,15540,Wednesday,0,0,None,60,1,0,12.8
2023-12-27,Station Road,Motichoor Laddu,Sweet,44,380,16720,Wednesday,0,0,None,60,1,0,12.8
2023-12-27,Station Road,Ghewar,Sweet,3,500,1500,Wednesday,0,0,None,60,1,0,12.8
2023-12-27,Station Road,Gajak,Sweet,44,320,14080,Wednesday,0,0,None,60,1,0,12.8
2023-12-27,Station Road,Soan Papdi,Sweet,31,300,9300,Wednesday,0,0,None,60,1,0,12.8
2023-12-27,Station Road,Bikaneri Bhujia,Namkeen,102,360,36720,Wednesday,0,0,None,60,1,0,12.8
2023-12-27,Station Road,Aloo Bhujia,Namkeen,40,300,12000,Wednesday,0,0,None,60,1,0,12.8
2023-12-28,Station Road,Rasgulla,Sweet,60,280,16800,Thursday,0,0,None,60,1,0,18.7
2023-12-28,Station Road,Gulab Jamun,Sweet,64,300,19200,Thursday,0,0,None,60,1,0,18.7
2023-12-28,Station Road,Kaju Katli,Sweet,40,900,36000,Thursday,0,0,None,60,1,0,18.7
2023-12-28,Station Road,Besan Barfi,Sweet,29,420,12180,Thursday,0,0,None,60,1,0,18.7
2023-12-28,Station Road,Motichoor Laddu,Sweet,38,380,14440,Thursday,0,0,None,60,1,0,18.7
2023-12-28,Station Road,Ghewar,Sweet,0,500,0,Thursday,0,0,None,60,1,0,18.7
2023-12-28,Station Road,Gajak,Sweet,54,320,17280,Thursday,0,0,None,60,1,0,18.7
2023-12-28,Station Road,Soan Papdi,Sweet,31,300,9300,Thursday,0,0,None,60,1,0,18.7
2023-12-28,Station Road,Bikaneri Bhujia,Namkeen,122,360,43920,Thursday,0,0,None,60,1,0,18.7
2023-12-28,Station Road,Aloo Bhujia,Namkeen,40,300,12000,Thursday,0,0,None,60,1,0,18.7
2023-12-29,Station Road,Rasgulla,Sweet,50,280,14000,Friday,0,0,None,60,1,0,18.8
2023-12-29,Station Road,Gulab Jamun,Sweet,75,300,22500,Friday,0,0,None,60,1,0,18.8
2023-12-29,Station Road,Kaju Katli,Sweet,41,900,36900,Friday,0,0,None,60,1,0,18.8
2023-12-29,Station Road,Besan Barfi,Sweet,54,420,22680,Friday,0,0,None,60,1,0,18.8
2023-12-29,Station Road,Motichoor Laddu,Sweet,46,380,17480,Friday,0,0,None,60,1,0,18.8
2023-12-29,Station Road,Ghewar,Sweet,2,500,1000,Friday,0,0,None,60,1,0,18.8
2023-12-29,Station Road,Gajak,Sweet,50,320,16000,Friday,0,0,None,60,1,0,18.8
2023-12-29,Station Road,Soan Papdi,Sweet,28,300,8400,Friday,0,0,None,60,1,0,18.8
2023-12-29,Station Road,Bikaneri Bhujia,Namkeen,145,360,52200,Friday,0,0,None,60,1,0,18.8
2023-12-29,Station Road,Aloo Bhujia,Namkeen,41,300,12300,Friday,0,0,None,60,1,0,18.8
2023-12-30,Station Road,Rasgulla,Sweet,67,280,18760,Saturday,1,0,None,60,1,0,15.8
2023-12-30,Station Road,Gulab Jamun,Sweet,64,300,19200,Saturday,1,0,None,60,1,0,15.8
2023-12-30,Station Road,Kaju Katli,Sweet,62,810,50220,Saturday,1,0,None,60,1,1,15.8
2023-12-30,Station Road,Besan Barfi,Sweet,46,420,19320,Saturday,1,0,None,60,1,0,15.8
2023-12-30,Station Road,Motichoor Laddu,Sweet,59,380,22420,Saturday,1,0,None,60,1,0,15.8
2023-12-30,Station Road,Ghewar,Sweet,1,500,500,Saturday,1,0,None,60,1,0,15.8
2023-12-30,Station Road,Gajak,Sweet,76,320,24320,Saturday,1,0,None,60,1,0,15.8
2023-12-30,Station Road,Soan Papdi,Sweet,30,300,9000,Saturday,1,0,None,60,1,0,15.8
2023-12-30,Station Road,Bikaneri Bhujia,Namkeen,192,324,62208,Saturday,1,0,None,60,1,1,15.8
2023-12-30,Station Road,Aloo Bhujia,Namkeen,56,300,16800,Saturday,1,0,None,60,1,0,15.8
2023-12-31,Station Road,Rasgulla,Sweet,70,280,19600,Sunday,1,0,None,60,1,0,20.5
2023-12-31,Station Road,Gulab Jamun,Sweet,91,300,27300,Sunday,1,0,None,60,1,0,20.5
2023-12-31,Station Road,Kaju Katli,Sweet,54,900,48600,Sunday,1,0,None,60,1,0,20.5
2023-12-31,Station Road,Besan Barfi,Sweet,55,420,23100,Sunday,1,0,None,60,1,0,20.5
2023-12-31,Station Road,Motichoor Laddu,Sweet,57,380,21660,Sunday,1,0,None,60,1,0,20.5
2023-12-31,Station Road,Ghewar,Sweet,3,500,1500,Sunday,1,0,None,60,1,0,20.5
2023-12-31,Station Road,Gajak,Sweet,71,320,22720,Sunday,1,0,None,60,1,0,20.5
2023-12-31,Station Road,Soan Papdi,Sweet,29,300,8700,Sunday,1,0,None,60,1,0,20.5
2023-12-31,Station Road,Bikaneri Bhujia,Namkeen,158,360,56880,Sunday,1,0,None,60,1,0,20.5
2023-12-31,Station Road,Aloo Bhujia,Namkeen,72,300,21600,Sunday,1,0,None,60,1,0,20.5
2024-01-01,Station Road,Rasgulla,Sweet,41,280,11480,Monday,0,0,None,60,1,0,14.6
2024-01-01,Station Road,Gulab Jamun,Sweet,33,300,9900,Monday,0,0,None,60,1,0,14.6
2024-01-01,Station Road,Kaju Katli,Sweet,37,900,33300,Monday,0,0,None,60,1,0,14.6
2024-01-01,Station Road,Besan Barfi,Sweet,48,420,20160,Monday,0,0,None,60,1,0,14.6
2024-01-01,Station Road,Motichoor Laddu,Sweet,29,380,11020,Monday,0,0,None,60,1,0,14.6
2024-01-01,Station Road,Ghewar,Sweet,0,500,0,Monday,0,0,None,60,1,0,14.6
2024-01-01,Station Road,Gajak,Sweet,37,320,11840,Monday,0,0,None,60,1,0,14.6
2024-01-01,Station Road,Soan Papdi,Sweet,35,300,10500,Monday,0,0,None,60,1,0,14.6
2024-01-01,Station Road,Bikaneri Bhujia,Namkeen,97,360,34920,Monday,0,0,None,60,1,0,14.6
2024-01-01,Station Road,Aloo Bhujia,Namkeen,36,300,10800,Monday,0,0,None,60,1,0,14.6
2024-01-02,Station Road,Rasgulla,Sweet,38,280,10640,Tuesday,0,0,None,60,1,0,15.7
2024-01-02,Station Road,Gulab Jamun,Sweet,49,300,14700,Tuesday,0,0,None,60,1,0,15.7
2024-01-02,Station Road,Kaju Katli,Sweet,43,900,38700,Tuesday,0,0,None,60,1,0,15.7
2024-01-02,Station Road,Besan Barfi,Sweet,35,420,14700,Tuesday,0,0,None,60,1,0,15.7
2024-01-02,Station Road,Motichoor Laddu,Sweet,41,380,15580,Tuesday,0,0,None,60,1,0,15.7
2024-01-02,Station Road,Ghewar,Sweet,1,450,450,Tuesday,0,0,None,60,1,1,15.7
2024-01-02,Station Road,Gajak,Sweet,41,320,13120,Tuesday,0,0,None,60,1,0,15.7
2024-01-02,Station Road,Soan Papdi,Sweet,22,300,6600,Tuesday,0,0,None,60,1,0,15.7
2024-01-02,Station Road,Bikaneri Bhujia,Namkeen,115,360,41400,Tuesday,0,0,None,60,1,0,15.7
2024-01-02,Station Road,Aloo Bhujia,Namkeen,51,300,15300,Tuesday,0,0,None,60,1,0,15.7
2024-01-03,Station Road,Rasgulla,Sweet,58,280,16240,Wednesday,0,0,None,60,1,0,17.0
2024-01-03,Station Road,Gulab Jamun,Sweet,58,300,17400,Wednesday,0,0,None,60,1,0,17.0
2024-01-03,Station Road,Kaju Katli,Sweet,34,900,30600,Wednesday,0,0,None,60,1,0,17.0
2024-01-03,Station Road,Besan Barfi,Sweet,41,420,17220,Wednesday,0,0,None,60,1,0,17.0
2024-01-03,Station Road,Motichoor Laddu,Sweet,39,380,14820,Wednesday,0,0,None,60,1,0,17.0
2024-01-03,Station Road,Ghewar,Sweet,3,500,1500,Wednesday,0,0,None,60,1,0,17.0
2024-01-03,Station Road,Gajak,Sweet,51,320,16320,Wednesday,0,0,None,60,1,0,17.0
2024-01-03,Station Road,Soan Papdi,Sweet,17,300,5100,Wednesday,0,0,None,60,1,0,17.0
2024-01-03,Station Road,Bikaneri Bhujia,Namkeen,100,360,36000,Wednesday,0,0,None,60,1,0,17.0
2024-01-03,Station Road,Aloo Bhujia,Namkeen,44,300,13200,Wednesday,0,0,None,60,1,0,17.0
2024-01-04,Station Road,Rasgulla,Sweet,62,252,15624,Thursday,0,0,None,60,1,1,20.8
2024-01-04,Station Road,Gulab Jamun,Sweet,72,270,19440,Thursday,0,0,None,60,1,1,20.8
2024-01-04,Station Road,Kaju Katli,Sweet,34,900,30600,Thursday,0,0,None,60,1,0,20.8
2024-01-04,Station Road,Besan Barfi,Sweet,44,420,18480,Thursday,0,0,None,60,1,0,20.8
2024-01-04,Station Road,Motichoor Laddu,Sweet,37,380,14060,Thursday,0,0,None,60,1,0,20.8
2024-01-04,Station Road,Ghewar,Sweet,1,500,500,Thursday,0,0,None,60,1,0,20.8
2024-01-04,Station Road,Gajak,Sweet,52,320,16640,Thursday,0,0,None,60,1,0,20.8
2024-01-04,Station Road,Soan Papdi,Sweet,26,300,7800,Thursday,0,0,None,60,1,0,20.8
2024-01-04,Station Road,Bikaneri Bhujia,Namkeen,105,360,37800,Thursday,0,0,None,60,1,0,20.8
2024-01-04,Station Road,Aloo Bhujia,Namkeen,48,300,14400,Thursday,0,0,None,60,1,0,20.8
2024-01-05,Station Road,Rasgulla,Sweet,57,280,15960,Friday,0,0,None,60,1,0,14.4
2024-01-05,Station Road,Gulab Jamun,Sweet,68,300,20400,Friday,0,0,None,60,1,0,14.4
2024-01-05,Station Road,Kaju Katli,Sweet,31,900,27900,Friday,0,0,None,60,1,0,14.4
2024-01-05,Station Road,Besan Barfi,Sweet,38,420,15960,Friday,0,0,None,60,1,0,14.4
2024-01-05,Station Road,Motichoor Laddu,Sweet,41,380,15580,Friday,0,0,None,60,1,0,14.4
2024-01-05,Station Road,Ghewar,Sweet,2,500,1000,Friday,0,0,None,60,1,0,14.4
2024-01-05,Station Road,Gajak,Sweet,50,320,16000,Friday,0,0,None,60,1,0,14.4
2024-01-05,Station Road,Soan Papdi,Sweet,35,270,9450,Friday,0,0,None,60,1,1,14.4
2024-01-05,Station Road,Bikaneri Bhujia,Namkeen,145,360,52200,Friday,0,0,None,60,1,0,14.4
2024-01-05,Station Road,Aloo Bhujia,Namkeen,45,300,13500,Friday,0,0,None,60,1,0,14.4
2024-01-06,Station Road,Rasgulla,Sweet,71,280,19880,Saturday,1,0,None,60,1,0,18.8
2024-01-06,Station Road,Gulab Jamun,Sweet,84,300,25200,Saturday,1,0,None,60,1,0,18.8
2024-01-06,Station Road,Kaju Katli,Sweet,57,900,51300,Saturday,1,0,None,60,1,0,18.8
2024-01-06,Station Road,Besan Barfi,Sweet,73,420,30660,Saturday,1,0,None,60,1,0,18.8
2024-01-06,Station Road,Motichoor Laddu,Sweet,49,380,18620,Saturday,1,0,None,60,1,0,18.8
2024-01-06,Station Road,Ghewar,Sweet,0,500,0,Saturday,1,0,None,60,1,0,18.8
2024-01-06,Station Road,Gajak,Sweet,70,320,22400,Saturday,1,0,None,60,1,0,18.8
2024-01-06,Station Road,Soan Papdi,Sweet,39,300,11700,Saturday,1,0,None,60,1,0,18.8
2024-01-06,Station Road,Bikaneri Bhujia,Namkeen,140,360,50400,Saturday,1,0,None,60,1,0,18.8
2024-01-06,Station Road,Aloo Bhujia,Namkeen,59,300,17700,Saturday,1,0,None,60,1,0,18.8
2024-01-07,Station Road,Rasgulla,Sweet,77,280,21560,Sunday,1,0,None,60,1,0,16.4
2024-01-07,Station Road,Gulab Jamun,Sweet,95,300,28500,Sunday,1,0,None,60,1,0,16.4
2024-01-07,Station Road,Kaju Katli,Sweet,66,900,59400,Sunday,1,0,None,60,1,0,16.4
2024-01-07,Station Road,Besan Barfi,Sweet,57,420,23940,Sunday,1,0,None,60,1,0,16.4
2024-01-07,Station Road,Motichoor Laddu,Sweet,49,380,18620,Sunday,1,0,None,60,1,0,16.4
2024-01-07,Station Road,Ghewar,Sweet,2,500,1000,Sunday,1,0,None,60,1,0,16.4
2024-01-07,Station Road,Gajak,Sweet,74,320,23680,Sunday,1,0,None,60,1,0,16.4
2024-01-07,Station Road,Soan Papdi,Sweet,25,300,7500,Sunday,1,0,None,60,1,0,16.4
2024-01-07,Station Road,Bikaneri Bhujia,Namkeen,162,360,58320,Sunday,1,0,None,60,1,0,16.4
2024-01-07,Station Road,Aloo Bhujia,Namkeen,65,300,19500,Sunday,1,0,None,60,1,0,16.4
2024-01-08,Station Road,Rasgulla,Sweet,49,280,13720,Monday,0,0,pre-Makar Sankranti,60,1,0,13.1
2024-01-08,Station Road,Gulab Jamun,Sweet,52,300,15600,Monday,0,0,pre-Makar Sankranti,60,1,0,13.1
2024-01-08,Station Road,Kaju Katli,Sweet,48,900,43200,Monday,0,0,pre-Makar Sankranti,60,1,0,13.1
2024-01-08,Station Road,Besan Barfi,Sweet,64,420,26880,Monday,0,0,pre-Makar Sankranti,60,1,0,13.1
2024-01-08,Station Road,Motichoor Laddu,Sweet,57,380,21660,Monday,0,0,pre-Makar Sankranti,60,1,0,13.1
2024-01-08,Station Road,Ghewar,Sweet,0,500,0,Monday,0,0,pre-Makar Sankranti,60,1,0,13.1
2024-01-08,Station Road,Gajak,Sweet,42,320,13440,Monday,0,0,pre-Makar Sankranti,60,1,0,13.1
2024-01-08,Station Road,Soan Papdi,Sweet,37,270,9990,Monday,0,0,pre-Makar Sankranti,60,1,1,13.1
2024-01-08,Station Road,Bikaneri Bhujia,Namkeen,123,360,44280,Monday,0,0,pre-Makar Sankranti,60,1,0,13.1
2024-01-08,Station Road,Aloo Bhujia,Namkeen,64,300,19200,Monday,0,0,pre-Makar Sankranti,60,1,0,13.1
2024-01-09,Station Road,Rasgulla,Sweet,64,280,17920,Tuesday,0,0,pre-Makar Sankranti,60,1,0,14.8
2024-01-09,Station Road,Gulab Jamun,Sweet,80,300,24000,Tuesday,0,0,pre-Makar Sankranti,60,1,0,14.8
2024-01-09,Station Road,Kaju Katli,Sweet,63,900,56700,Tuesday,0,0,pre-Makar Sankranti,60,1,0,14.8
2024-01-09,Station Road,Besan Barfi,Sweet,78,420,32760,Tuesday,0,0,pre-Makar Sankranti,60,1,0,14.8
2024-01-09,Station Road,Motichoor Laddu,Sweet,64,380,24320,Tuesday,0,0,pre-Makar Sankranti,60,1,0,14.8
2024-01-09,Station Road,Ghewar,Sweet,2,500,1000,Tuesday,0,0,pre-Makar Sankranti,60,1,0,14.8
2024-01-09,Station Road,Gajak,Sweet,59,320,18880,Tuesday,0,0,pre-Makar Sankranti,60,1,0,14.8
2024-01-09,Station Road,Soan Papdi,Sweet,30,300,9000,Tuesday,0,0,pre-Makar Sankranti,60,1,0,14.8
2024-01-09,Station Road,Bikaneri Bhujia,Namkeen,140,360,50400,Tuesday,0,0,pre-Makar Sankranti,60,1,0,14.8
2024-01-09,Station Road,Aloo Bhujia,Namkeen,51,300,15300,Tuesday,0,0,pre-Makar Sankranti,60,1,0,14.8
2024-01-10,Station Road,Rasgulla,Sweet,80,280,22400,Wednesday,0,0,pre-Makar Sankranti,60,1,0,15.9
2024-01-10,Station Road,Gulab Jamun,Sweet,103,300,30900,Wednesday,0,0,pre-Makar Sankranti,60,1,0,15.9
2024-01-10,Station Road,Kaju Katli,Sweet,93,900,83700,Wednesday,0,0,pre-Makar Sankranti,60,1,0,15.9
2024-01-10,Station Road,Besan Barfi,Sweet,86,420,36120,Wednesday,0,0,pre-Makar Sankranti,60,1,0,15.9
2024-01-10,Station Road,Motichoor Laddu,Sweet,73,380,27740,Wednesday,0,0,pre-Makar Sankranti,60,1,0,15.9
2024-01-10,Station Road,Ghewar,Sweet,1,500,500,Wednesday,0,0,pre-Makar Sankranti,60,1,0,15.9
2024-01-10,Station Road,Gajak,Sweet,67,320,21440,Wednesday,0,0,pre-Makar Sankranti,60,1,0,15.9
2024-01-10,Station Road,Soan Papdi,Sweet,35,300,10500,Wednesday,0,0,pre-Makar Sankranti,60,1,0,15.9
2024-01-10,Station Road,Bikaneri Bhujia,Namkeen,176,360,63360,Wednesday,0,0,pre-Makar Sankranti,60,1,0,15.9
2024-01-10,Station Road,Aloo Bhujia,Namkeen,70,300,21000,Wednesday,0,0,pre-Makar Sankranti,60,1,0,15.9
2024-01-11,Station Road,Rasgulla,Sweet,102,280,28560,Thursday,0,0,pre-Makar Sankranti,60,1,0,17.2
2024-01-11,Station Road,Gulab Jamun,Sweet,124,300,37200,Thursday,0,0,pre-Makar Sankranti,60,1,0,17.2
2024-01-11,Station Road,Kaju Katli,Sweet,70,900,63000,Thursday,0,0,pre-Makar Sankranti,60,1,0,17.2
2024-01-11,Station Road,Besan Barfi,Sweet,86,420,36120,Thursday,0,0,pre-Makar Sankranti,60,1,0,17.2
2024-01-11,Station Road,Motichoor Laddu,Sweet,101,380,38380,Thursday,0,0,pre-Makar Sankranti,60,1,0,17.2
2024-01-11,Station Road,Ghewar,Sweet,4,500,2000,Thursday,0,0,pre-Makar Sankranti,60,1,0,17.2
2024-01-11,Station Road,Gajak,Sweet,75,320,24000,Thursday,0,0,pre-Makar Sankranti,60,1,0,17.2
2024-01-11,Station Road,Soan Papdi,Sweet,49,300,14700,Thursday,0,0,pre-Makar Sankranti,60,1,0,17.2
2024-01-11,Station Road,Bikaneri Bhujia,Namkeen,205,360,73800,Thursday,0,0,pre-Makar Sankranti,60,1,0,17.2
2024-01-11,Station Road,Aloo Bhujia,Namkeen,86,300,25800,Thursday,0,0,pre-Makar Sankranti,60,1,0,17.2
2024-01-12,Station Road,Rasgulla,Sweet,127,280,35560,Friday,0,0,pre-Makar Sankranti,60,1,0,13.9
2024-01-12,Station Road,Gulab Jamun,Sweet,136,300,40800,Friday,0,0,pre-Makar Sankranti,60,1,0,13.9
2024-01-12,Station Road,Kaju Katli,Sweet,105,900,94500,Friday,0,0,pre-Makar Sankranti,60,1,0,13.9
2024-01-12,Station Road,Besan Barfi,Sweet,110,420,46200,Friday,0,0,pre-Makar Sankranti,60,1,0,13.9
2024-01-12,Station Road,Motichoor Laddu,Sweet,130,380,49400,Friday,0,0,pre-Makar Sankranti,60,1,0,13.9
2024-01-12,Station Road,Ghewar,Sweet,4,500,2000,Friday,0,0,pre-Makar Sankranti,60,1,0,13.9
2024-01-12,Station Road,Gajak,Sweet,92,320,29440,Friday,0,0,pre-Makar Sankranti,60,1,0,13.9
2024-01-12,Station Road,Soan Papdi,Sweet,77,300,23100,Friday,0,0,pre-Makar Sankranti,60,1,0,13.9
2024-01-12,Station Road,Bikaneri Bhujia,Namkeen,267,360,96120,Friday,0,0,pre-Makar Sankranti,60,1,0,13.9
2024-01-12,Station Road,Aloo Bhujia,Namkeen,82,300,24600,Friday,0,0,pre-Makar Sankranti,60,1,0,13.9
2024-01-13,Station Road,Rasgulla,Sweet,174,280,48720,Saturday,1,0,pre-Makar Sankranti,60,1,0,21.0
2024-01-13,Station Road,Gulab Jamun,Sweet,208,300,62400,Saturday,1,0,pre-Makar Sankranti,60,1,0,21.0
2024-01-13,Station Road,Kaju Katli,Sweet,167,900,150300,Saturday,1,0,pre-Makar Sankranti,60,1,0,21.0
2024-01-13,Station Road,Besan Barfi,Sweet,151,420,63420,Saturday,1,0,pre-Makar Sankranti,60,1,0,21.0
2024-01-13,Station Road,Motichoor Laddu,Sweet,153,380,58140,Saturday,1,0,pre-Makar Sankranti,60,1,0,21.0
2024-01-13,Station Road,Ghewar,Sweet,2,500,1000,Saturday,1,0,pre-Makar Sankranti,60,1,0,21.0
2024-01-13,Station Road,Gajak,Sweet,144,320,46080,Saturday,1,0,pre-Makar Sankranti,60,1,0,21.0
2024-01-13,Station Road,Soan Papdi,Sweet,106,300,31800,Saturday,1,0,pre-Makar Sankranti,60,1,0,21.0
2024-01-13,Station Road,Bikaneri Bhujia,Namkeen,363,360,130680,Saturday,1,0,pre-Makar Sankranti,60,1,0,21.0
2024-01-13,Station Road,Aloo Bhujia,Namkeen,133,300,39900,Saturday,1,0,pre-Makar Sankranti,60,1,0,21.0
2024-01-14,Station Road,Rasgulla,Sweet,353,280,98840,Sunday,1,1,Makar Sankranti,60,1,0,14.8
2024-01-14,Station Road,Gulab Jamun,Sweet,408,300,122400,Sunday,1,1,Makar Sankranti,60,1,0,14.8
2024-01-14,Station Road,Kaju Katli,Sweet,293,900,263700,Sunday,1,1,Makar Sankranti,60,1,0,14.8
2024-01-14,Station Road,Besan Barfi,Sweet,343,420,144060,Sunday,1,1,Makar Sankranti,60,1,0,14.8
2024-01-14,Station Road,Motichoor Laddu,Sweet,343,380,130340,Sunday,1,1,Makar Sankranti,60,1,0,14.8
2024-01-14,Station Road,Ghewar,Sweet,6,500,3000,Sunday,1,1,Makar Sankranti,60,1,0,14.8
2024-01-14,Station Road,Gajak,Sweet,208,320,66560,Sunday,1,1,Makar Sankranti,60,1,0,14.8
2024-01-14,Station Road,Soan Papdi,Sweet,170,300,51000,Sunday,1,1,Makar Sankranti,60,1,0,14.8
2024-01-14,Station Road,Bikaneri Bhujia,Namkeen,626,360,225360,Sunday,1,1,Makar Sankranti,60,1,0,14.8
2024-01-14,Station Road,Aloo Bhujia,Namkeen,274,270,73980,Sunday,1,1,Makar Sankranti,60,1,1,14.8
2024-01-15,Station Road,Rasgulla,Sweet,39,280,10920,Monday,0,0,None,60,1,0,18.1
2024-01-15,Station Road,Gulab Jamun,Sweet,56,300,16800,Monday,0,0,None,60,1,0,18.1
2024-01-15,Station Road,Kaju Katli,Sweet,36,900,32400,Monday,0,0,None,60,1,0,18.1
2024-01-15,Station Road,Besan Barfi,Sweet,50,420,21000,Monday,0,0,None,60,1,0,18.1
2024-01-15,Station Road,Motichoor Laddu,Sweet,28,380,10640,Monday,0,0,None,60,1,0,18.1
2024-01-15,Station Road,Ghewar,Sweet,0,500,0,Monday,0,0,None,60,1,0,18.1
2024-01-15,Station Road,Gajak,Sweet,56,320,17920,Monday,0,0,None,60,1,0,18.1
2024-01-15,Station Road,Soan Papdi,Sweet,28,300,8400,Monday,0,0,None,60,1,0,18.1
2024-01-15,Station Road,Bikaneri Bhujia,Namkeen,99,360,35640,Monday,0,0,None,60,1,0,18.1
2024-01-15,Station Road,Aloo Bhujia,Namkeen,48,300,14400,Monday,0,0,None,60,1,0,18.1
2024-01-16,Station Road,Rasgulla,Sweet,42,280,11760,Tuesday,0,0,None,60,1,0,17.7
2024-01-16,Station Road,Gulab Jamun,Sweet,49,300,14700,Tuesday,0,0,None,60,1,0,17.7
2024-01-16,Station Road,Kaju Katli,Sweet,33,900,29700,Tuesday,0,0,None,60,1,0,17.7
2024-01-16,Station Road,Besan Barfi,Sweet,41,420,17220,Tuesday,0,0,None,60,1,0,17.7
2024-01-16,Station Road,Motichoor Laddu,Sweet,35,380,13300,Tuesday,0,0,None,60,1,0,17.7
2024-01-16,Station Road,Ghewar,Sweet,3,500,1500,Tuesday,0,0,None,60,1,0,17.7
2024-01-16,Station Road,Gajak,Sweet,58,320,18560,Tuesday,0,0,None,60,1,0,17.7
2024-01-16,Station Road,Soan Papdi,Sweet,23,300,6900,Tuesday,0,0,None,60,1,0,17.7
2024-01-16,Station Road,Bikaneri Bhujia,Namkeen,85,360,30600,Tuesday,0,0,None,60,1,0,17.7
2024-01-16,Station Road,Aloo Bhujia,Namkeen,39,300,11700,Tuesday,0,0,None,60,1,0,17.7
2024-01-17,Station Road,Rasgulla,Sweet,48,280,13440,Wednesday,0,0,None,60,1,0,16.4
2024-01-17,Station Road,Gulab Jamun,Sweet,74,270,19980,Wednesday,0,0,None,60,1,1,16.4
2024-01-17,Station Road,Kaju Katli,Sweet,29,900,26100,Wednesday,0,0,None,60,1,0,16.4
2024-01-17,Station Road,Besan Barfi,Sweet,39,420,16380,Wednesday,0,0,None,60,1,0,16.4
2024-01-17,Station Road,Motichoor Laddu,Sweet,47,380,17860,Wednesday,0,0,None,60,1,0,16.4
2024-01-17,Station Road,Ghewar,Sweet,1,500,500,Wednesday,0,0,None,60,1,0,16.4
2024-01-17,Station Road,Gajak,Sweet,35,320,11200,Wednesday,0,0,None,60,1,0,16.4
2024-01-17,Station Road,Soan Papdi,Sweet,19,300,5700,Wednesday,0,0,None,60,1,0,16.4
2024-01-17,Station Road,Bikaneri Bhujia,Namkeen,116,360,41760,Wednesday,0,0,None,60,1,0,16.4
2024-01-17,Station Road,Aloo Bhujia,Namkeen,39,300,11700,Wednesday,0,0,None,60,1,0,16.4
2024-01-18,Station Road,Rasgulla,Sweet,46,280,12880,Thursday,0,0,None,60,1,0,10.4
2024-01-18,Station Road,Gulab Jamun,Sweet,56,300,16800,Thursday,0,0,None,60,1,0,10.4
2024-01-18,Station Road,Kaju Katli,Sweet,55,810,44550,Thursday,0,0,None,60,1,1,10.4
2024-01-18,Station Road,Besan Barfi,Sweet,42,420,17640,Thursday,0,0,None,60,1,0,10.4
2024-01-18,Station Road,Motichoor Laddu,Sweet,46,380,17480,Thursday,0,0,None,60,1,0,10.4
2024-01-18,Station Road,Ghewar,Sweet,3,500,1500,Thursday,0,0,None,60,1,0,10.4
2024-01-18,Station Road,Gajak,Sweet,55,320,17600,Thursday,0,0,None,60,1,0,10.4
2024-01-18,Station Road,Soan Papdi,Sweet,32,300,9600,Thursday,0,0,None,60,1,0,10.4
2024-01-18,Station Road,Bikaneri Bhujia,Namkeen,117,360,42120,Thursday,0,0,None,60,1,0,10.4
2024-01-18,Station Road,Aloo Bhujia,Namkeen,56,300,16800,Thursday,0,0,None,60,1,0,10.4
2024-01-19,Station Road,Rasgulla,Sweet,73,280,20440,Friday,0,0,None,60,1,0,17.6
2024-01-19,Station Road,Gulab Jamun,Sweet,62,300,18600,Friday,0,0,None,60,1,0,17.6
2024-01-19,Station Road,Kaju Katli,Sweet,36,900,32400,Friday,0,0,None,60,1,0,17.6
2024-01-19,Station Road,Besan Barfi,Sweet,51,420,21420,Friday,0,0,None,60,1,0,17.6
2024-01-19,Station Road,Motichoor Laddu,Sweet,42,380,15960,Friday,0,0,None,60,1,0,17.6
2024-01-19,Station Road,Ghewar,Sweet,2,500,1000,Friday,0,0,None,60,1,0,17.6
2024-01-19,Station Road,Gajak,Sweet,54,320,17280,Friday,0,0,None,60,1,0,17.6
2024-01-19,Station Road,Soan Papdi,Sweet,23,300,6900,Friday,0,0,None,60,1,0,17.6
2024-01-19,Station Road,Bikaneri Bhujia,Namkeen,136,360,48960,Friday,0,0,None,60,1,0,17.6
2024-01-19,Station Road,Aloo Bhujia,Namkeen,43,300,12900,Friday,0,0,None,60,1,0,17.6
2024-01-20,Station Road,Rasgulla,Sweet,62,280,17360,Saturday,1,0,None,60,1,0,17.8
2024-01-20,Station Road,Gulab Jamun,Sweet,80,300,24000,Saturday,1,0,None,60,1,0,17.8
2024-01-20,Station Road,Kaju Katli,Sweet,40,900,36000,Saturday,1,0,None,60,1,0,17.8
2024-01-20,Station Road,Besan Barfi,Sweet,64,420,26880,Saturday,1,0,None,60,1,0,17.8
2024-01-20,Station Road,Motichoor Laddu,Sweet,55,380,20900,Saturday,1,0,None,60,1,0,17.8
2024-01-20,Station Road,Ghewar,Sweet,3,450,1350,Saturday,1,0,None,60,1,1,17.8
2024-01-20,Station Road,Gajak,Sweet,72,320,23040,Saturday,1,0,None,60,1,0,17.8
2024-01-20,Station Road,Soan Papdi,Sweet,41,300,12300,Saturday,1,0,None,60,1,0,17.8
2024-01-20,Station Road,Bikaneri Bhujia,Namkeen,145,360,52200,Saturday,1,0,None,60,1,0,17.8
2024-01-20,Station Road,Aloo Bhujia,Namkeen,65,300,19500,Saturday,1,0,None,60,1,0,17.8
2024-01-21,Station Road,Rasgulla,Sweet,84,280,23520,Sunday,1,0,None,60,1,0,16.5
2024-01-21,Station Road,Gulab Jamun,Sweet,91,300,27300,Sunday,1,0,None,60,1,0,16.5
2024-01-21,Station Road,Kaju Katli,Sweet,51,900,45900,Sunday,1,0,None,60,1,0,16.5
2024-01-21,Station Road,Besan Barfi,Sweet,67,420,28140,Sunday,1,0,None,60,1,0,16.5
2024-01-21,Station Road,Motichoor Laddu,Sweet,47,380,17860,Sunday,1,0,None,60,1,0,16.5
2024-01-21,Station Road,Ghewar,Sweet,2,500,1000,Sunday,1,0,None,60,1,0,16.5
2024-01-21,Station Road,Gajak,Sweet,66,320,21120,Sunday,1,0,None,60,1,0,16.5
2024-01-21,Station Road,Soan Papdi,Sweet,38,300,11400,Sunday,1,0,None,60,1,0,16.5
2024-01-21,Station Road,Bikaneri Bhujia,Namkeen,164,360,59040,Sunday,1,0,None,60,1,0,16.5
2024-01-21,Station Road,Aloo Bhujia,Namkeen,74,300,22200,Sunday,1,0,None,60,1,0,16.5
2024-01-22,Station Road,Rasgulla,Sweet,39,280,10920,Monday,0,0,None,60,1,0,14.3
2024-01-22,Station Road,Gulab Jamun,Sweet,51,300,15300,Monday,0,0,None,60,1,0,14.3
2024-01-22,Station Road,Kaju Katli,Sweet,42,900,37800,Monday,0,0,None,60,1,0,14.3
2024-01-22,Station Road,Besan Barfi,Sweet,33,420,13860,Monday,0,0,None,60,1,0,14.3
2024-01-22,Station Road,Motichoor Laddu,Sweet,34,380,12920,Monday,0,0,None,60,1,0,14.3
2024-01-22,Station Road,Ghewar,Sweet,1,500,500,Monday,0,0,None,60,1,0,14.3
2024-01-22,Station Road,Gajak,Sweet,58,320,18560,Monday,0,0,None,60,1,0,14.3
2024-01-22,Station Road,Soan Papdi,Sweet,31,300,9300,Monday,0,0,None,60,1,0,14.3
2024-01-22,Station Road,Bikaneri Bhujia,Namkeen,116,360,41760,Monday,0,0,None,60,1,0,14.3
2024-01-22,Station Road,Aloo Bhujia,Namkeen,41,300,12300,Monday,0,0,None,60,1,0,14.3
2024-01-23,Station Road,Rasgulla,Sweet,50,280,14000,Tuesday,0,0,None,60,1,0,11.2
2024-01-23,Station Road,Gulab Jamun,Sweet,67,300,20100,Tuesday,0,0,None,60,1,0,11.2
2024-01-23,Station Road,Kaju Katli,Sweet,32,900,28800,Tuesday,0,0,None,60,1,0,11.2
2024-01-23,Station Road,Besan Barfi,Sweet,42,420,17640,Tuesday,0,0,None,60,1,0,11.2
2024-01-23,Station Road,Motichoor Laddu,Sweet,34,380,12920,Tuesday,0,0,None,60,1,0,11.2
2024-01-23,Station Road,Ghewar,Sweet,1,500,500,Tuesday,0,0,None,60,1,0,11.2
2024-01-23,Station Road,Gajak,Sweet,50,320,16000,Tuesday,0,0,None,60,1,0,11.2
2024-01-23,Station Road,Soan Papdi,Sweet,21,300,6300,Tuesday,0,0,None,60,1,0,11.2
2024-01-23,Station Road,Bikaneri Bhujia,Namkeen,118,360,42480,Tuesday,0,0,None,60,1,0,11.2
2024-01-23,Station Road,Aloo Bhujia,Namkeen,42,300,12600,Tuesday,0,0,None,60,1,0,11.2
2024-01-24,Station Road,Rasgulla,Sweet,46,280,12880,Wednesday,0,0,None,60,1,0,15.5
2024-01-24,Station Road,Gulab Jamun,Sweet,62,300,18600,Wednesday,0,0,None,60,1,0,15.5
2024-01-24,Station Road,Kaju Katli,Sweet,29,900,26100,Wednesday,0,0,None,60,1,0,15.5
2024-01-24,Station Road,Besan Barfi,Sweet,48,420,20160,Wednesday,0,0,None,60,1,0,15.5
2024-01-24,Station Road,Motichoor Laddu,Sweet,38,380,14440,Wednesday,0,0,None,60,1,0,15.5
2024-01-24,Station Road,Ghewar,Sweet,4,500,2000,Wednesday,0,0,None,60,1,0,15.5
2024-01-24,Station Road,Gajak,Sweet,54,320,17280,Wednesday,0,0,None,60,1,0,15.5
2024-01-24,Station Road,Soan Papdi,Sweet,25,300,7500,Wednesday,0,0,None,60,1,0,15.5
2024-01-24,Station Road,Bikaneri Bhujia,Namkeen,109,360,39240,Wednesday,0,0,None,60,1,0,15.5
2024-01-24,Station Road,Aloo Bhujia,Namkeen,40,300,12000,Wednesday,0,0,None,60,1,0,15.5
2024-01-25,Station Road,Rasgulla,Sweet,59,280,16520,Thursday,0,0,None,60,1,0,14.8
2024-01-25,Station Road,Gulab Jamun,Sweet,60,300,18000,Thursday,0,0,None,60,1,0,14.8
2024-01-25,Station Road,Kaju Katli,Sweet,34,900,30600,Thursday,0,0,None,60,1,0,14.8
2024-01-25,Station Road,Besan Barfi,Sweet,51,420,21420,Thursday,0,0,None,60,1,0,14.8
2024-01-25,Station Road,Motichoor Laddu,Sweet,38,380,14440,Thursday,0,0,None,60,1,0,14.8
2024-01-25,Station Road,Ghewar,Sweet,1,500,500,Thursday,0,0,None,60,1,0,14.8
2024-01-25,Station Road,Gajak,Sweet,50,320,16000,Thursday,0,0,None,60,1,0,14.8
2024-01-25,Station Road,Soan Papdi,Sweet,29,300,8700,Thursday,0,0,None,60,1,0,14.8
2024-01-25,Station Road,Bikaneri Bhujia,Namkeen,148,324,47952,Thursday,0,0,None,60,1,1,14.8
2024-01-25,Station Road,Aloo Bhujia,Namkeen,52,300,15600,Thursday,0,0,None,60,1,0,14.8
2024-01-26,Station Road,Rasgulla,Sweet,55,280,15400,Friday,0,0,None,59,1,0,16.1
2024-01-26,Station Road,Gulab Jamun,Sweet,58,300,17400,Friday,0,0,None,59,1,0,16.1
2024-01-26,Station Road,Kaju Katli,Sweet,41,900,36900,Friday,0,0,None,59,1,0,16.1
2024-01-26,Station Road,Besan Barfi,Sweet,53,420,22260,Friday,0,0,None,59,1,0,16.1
2024-01-26,Station Road,Motichoor Laddu,Sweet,43,380,16340,Friday,0,0,None,59,1,0,16.1
2024-01-26,Station Road,Ghewar,Sweet,3,500,1500,Friday,0,0,None,59,1,0,16.1
2024-01-26,Station Road,Gajak,Sweet,66,320,21120,Friday,0,0,None,59,1,0,16.1
2024-01-26,Station Road,Soan Papdi,Sweet,35,300,10500,Friday,0,0,None,59,1,0,16.1
2024-01-26,Station Road,Bikaneri Bhujia,Namkeen,141,360,50760,Friday,0,0,None,59,1,0,16.1
2024-01-26,Station Road,Aloo Bhujia,Namkeen,66,300,19800,Friday,0,0,None,59,1,0,16.1
2024-01-27,Station Road,Rasgulla,Sweet,78,280,21840,Saturday,1,0,None,58,1,0,17.0
2024-01-27,Station Road,Gulab Jamun,Sweet,77,300,23100,Saturday,1,0,None,58,1,0,17.0
2024-01-27,Station Road,Kaju Katli,Sweet,37,900,33300,Saturday,1,0,None,58,1,0,17.0
2024-01-27,Station Road,Besan Barfi,Sweet,63,420,26460,Saturday,1,0,None,58,1,0,17.0
2024-01-27,Station Road,Motichoor Laddu,Sweet,55,380,20900,Saturday,1,0,None,58,1,0,17.0
2024-01-27,Station Road,Ghewar,Sweet,4,500,2000,Saturday,1,0,None,58,1,0,17.0
2024-01-27,Station Road,Gajak,Sweet,66,320,21120,Saturday,1,0,None,58,1,0,17.0
2024-01-27,Station Road,Soan Papdi,Sweet,32,300,9600,Saturday,1,0,None,58,1,0,17.0
2024-01-27,Station Road,Bikaneri Bhujia,Namkeen,152,360,54720,Saturday,1,0,None,58,1,0,17.0
2024-01-27,Station Road,Aloo Bhujia,Namkeen,58,300,17400,Saturday,1,0,None,58,1,0,17.0
2024-01-28,Station Road,Rasgulla,Sweet,76,252,19152,Sunday,1,0,None,57,1,1,16.7
2024-01-28,Station Road,Gulab Jamun,Sweet,82,300,24600,Sunday,1,0,None,57,1,0,16.7
2024-01-28,Station Road,Kaju Katli,Sweet,55,900,49500,Sunday,1,0,None,57,1,0,16.7
2024-01-28,Station Road,Besan Barfi,Sweet,69,420,28980,Sunday,1,0,None,57,1,0,16.7
2024-01-28,Station Road,Motichoor Laddu,Sweet,58,380,22040,Sunday,1,0,None,57,1,0,16.7
2024-01-28,Station Road,Ghewar,Sweet,5,500,2500,Sunday,1,0,None,57,1,0,16.7
2024-01-28,Station Road,Gajak,Sweet,71,320,22720,Sunday,1,0,None,57,1,0,16.7
2024-01-28,Station Road,Soan Papdi,Sweet,35,300,10500,Sunday,1,0,None,57,1,0,16.7
2024-01-28,Station Road,Bikaneri Bhujia,Namkeen,155,360,55800,Sunday,1,0,None,57,1,0,16.7
2024-01-28,Station Road,Aloo Bhujia,Namkeen,63,300,18900,Sunday,1,0,None,57,1,0,16.7
2024-01-29,Station Road,Rasgulla,Sweet,45,280,12600,Monday,0,0,None,56,1,0,16.7
2024-01-29,Station Road,Gulab Jamun,Sweet,49,300,14700,Monday,0,0,None,56,1,0,16.7
2024-01-29,Station Road,Kaju Katli,Sweet,41,900,36900,Monday,0,0,None,56,1,0,16.7
2024-01-29,Station Road,Besan Barfi,Sweet,40,420,16800,Monday,0,0,None,56,1,0,16.7
2024-01-29,Station Road,Motichoor Laddu,Sweet,33,380,12540,Monday,0,0,None,56,1,0,16.7
2024-01-29,Station Road,Ghewar,Sweet,0,500,0,Monday,0,0,None,56,1,0,16.7
2024-01-29,Station Road,Gajak,Sweet,54,320,17280,Monday,0,0,None,56,1,0,16.7
2024-01-29,Station Road,Soan Papdi,Sweet,22,300,6600,Monday,0,0,None,56,1,0,16.7
2024-01-29,Station Road,Bikaneri Bhujia,Namkeen,118,360,42480,Monday,0,0,None,56,1,0,16.7
2024-01-29,Station Road,Aloo Bhujia,Namkeen,54,300,16200,Monday,0,0,None,56,1,0,16.7
2024-01-30,Station Road,Rasgulla,Sweet,47,280,13160,Tuesday,0,0,None,55,1,0,16.8
2024-01-30,Station Road,Gulab Jamun,Sweet,57,300,17100,Tuesday,0,0,None,55,1,0,16.8
2024-01-30,Station Road,Kaju Katli,Sweet,34,900,30600,Tuesday,0,0,None,55,1,0,16.8
2024-01-30,Station Road,Besan Barfi,Sweet,35,420,14700,Tuesday,0,0,None,55,1,0,16.8
2024-01-30,Station Road,Motichoor Laddu,Sweet,32,380,12160,Tuesday,0,0,None,55,1,0,16.8
2024-01-30,Station Road,Ghewar,Sweet,2,500,1000,Tuesday,0,0,None,55,1,0,16.8
2024-01-30,Station Road,Gajak,Sweet,54,320,17280,Tuesday,0,0,None,55,1,0,16.8
2024-01-30,Station Road,Soan Papdi,Sweet,32,300,9600,Tuesday,0,0,None,55,1,0,16.8
2024-01-30,Station Road,Bikaneri Bhujia,Namkeen,104,360,37440,Tuesday,0,0,None,55,1,0,16.8
2024-01-30,Station Road,Aloo Bhujia,Namkeen,52,300,15600,Tuesday,0,0,None,55,1,0,16.8
2024-01-31,Station Road,Rasgulla,Sweet,64,280,17920,Wednesday,0,0,None,54,1,0,17.2
2024-01-31,Station Road,Gulab Jamun,Sweet,68,300,20400,Wednesday,0,0,None,54,1,0,17.2
2024-01-31,Station Road,Kaju Katli,Sweet,43,900,38700,Wednesday,0,0,None,54,1,0,17.2
2024-01-31,Station Road,Besan Barfi,Sweet,60,420,25200,Wednesday,0,0,None,54,1,0,17.2
2024-01-31,Station Road,Motichoor Laddu,Sweet,45,380,17100,Wednesday,0,0,None,54,1,0,17.2
2024-01-31,Station Road,Ghewar,Sweet,1,500,500,Wednesday,0,0,None,54,1,0,17.2
2024-01-31,Station Road,Gajak,Sweet,59,320,18880,Wednesday,0,0,None,54,1,0,17.2
2024-01-31,Station Road,Soan Papdi,Sweet,22,300,6600,Wednesday,0,0,None,54,1,0,17.2
2024-01-31,Station Road,Bikaneri Bhujia,Namkeen,109,360,39240,Wednesday,0,0,None,54,1,0,17.2
2024-01-31,Station Road,Aloo Bhujia,Namkeen,52,270,14040,Wednesday,0,0,None,54,1,1,17.2
2024-02-01,Station Road,Rasgulla,Sweet,45,280,12600,Thursday,0,0,None,53,1,0,11.4
2024-02-01,Station Road,Gulab Jamun,Sweet,50,300,15000,Thursday,0,0,None,53,1,0,11.4
2024-02-01,Station Road,Kaju Katli,Sweet,37,900,33300,Thursday,0,0,None,53,1,0,11.4
2024-02-01,Station Road,Besan Barfi,Sweet,39,378,14742,Thursday,0,0,None,53,1,1,11.4
2024-02-01,Station Road,Motichoor Laddu,Sweet,35,380,13300,Thursday,0,0,None,53,1,0,11.4
2024-02-01,Station Road,Ghewar,Sweet,2,500,1000,Thursday,0,0,None,53,1,0,11.4
2024-02-01,Station Road,Gajak,Sweet,36,320,11520,Thursday,0,0,None,53,1,0,11.4
2024-02-01,Station Road,Soan Papdi,Sweet,37,300,11100,Thursday,0,0,None,53,1,0,11.4
2024-02-01,Station Road,Bikaneri Bhujia,Namkeen,112,360,40320,Thursday,0,0,None,53,1,0,11.4
2024-02-01,Station Road,Aloo Bhujia,Namkeen,48,300,14400,Thursday,0,0,None,53,1,0,11.4
2024-02-02,Station Road,Rasgulla,Sweet,61,280,17080,Friday,0,0,None,52,1,0,18.6
2024-02-02,Station Road,Gulab Jamun,Sweet,68,300,20400,Friday,0,0,None,52,1,0,18.6
2024-02-02,Station Road,Kaju Katli,Sweet,45,900,40500,Friday,0,0,None,52,1,0,18.6
2024-02-02,Station Road,Besan Barfi,Sweet,51,420,21420,Friday,0,0,None,52,1,0,18.6
2024-02-02,Station Road,Motichoor Laddu,Sweet,38,380,14440,Friday,0,0,None,52,1,0,18.6
2024-02-02,Station Road,Ghewar,Sweet,1,500,500,Friday,0,0,None,52,1,0,18.6
2024-02-02,Station Road,Gajak,Sweet,26,320,8320,Friday,0,0,None,52,1,0,18.6
2024-02-02,Station Road,Soan Papdi,Sweet,37,300,11100,Friday,0,0,None,52,1,0,18.6
2024-02-02,Station Road,Bikaneri Bhujia,Namkeen,144,360,51840,Friday,0,0,None,52,1,0,18.6
2024-02-02,Station Road,Aloo Bhujia,Namkeen,42,300,12600,Friday,0,0,None,52,1,0,18.6
2024-02-03,Station Road,Rasgulla,Sweet,89,280,24920,Saturday,1,0,None,51,1,0,25.0
2024-02-03,Station Road,Gulab Jamun,Sweet,76,300,22800,Saturday,1,0,None,51,1,0,25.0
2024-02-03,Station Road,Kaju Katli,Sweet,46,900,41400,Saturday,1,0,None,51,1,0,25.0
2024-02-03,Station Road,Besan Barfi,Sweet,63,378,23814,Saturday,1,0,None,51,1,1,25.0
2024-02-03,Station Road,Motichoor Laddu,Sweet,71,380,26980,Saturday,1,0,None,51,1,0,25.0
2024-02-03,Station Road,Ghewar,Sweet,4,500,2000,Saturday,1,0,None,51,1,0,25.0
2024-02-03,Station Road,Gajak,Sweet,39,320,12480,Saturday,1,0,None,51,1,0,25.0
2024-02-03,Station Road,Soan Papdi,Sweet,31,300,9300,Saturday,1,0,None,51,1,0,25.0
2024-02-03,Station Road,Bikaneri Bhujia,Namkeen,140,360,50400,Saturday,1,0,None,51,1,0,25.0
2024-02-03,Station Road,Aloo Bhujia,Namkeen,47,300,14100,Saturday,1,0,None,51,1,0,25.0
2024-02-04,Station Road,Rasgulla,Sweet,72,280,20160,Sunday,1,0,None,50,1,0,17.4
2024-02-04,Station Road,Gulab Jamun,Sweet,80,300,24000,Sunday,1,0,None,50,1,0,17.4
2024-02-04,Station Road,Kaju Katli,Sweet,50,900,45000,Sunday,1,0,None,50,1,0,17.4
2024-02-04,Station Road,Besan Barfi,Sweet,59,420,24780,Sunday,1,0,None,50,1,0,17.4
2024-02-04,Station Road,Motichoor Laddu,Sweet,59,380,22420,Sunday,1,0,None,50,1,0,17.4
2024-02-04,Station Road,Ghewar,Sweet,3,500,1500,Sunday,1,0,None,50,1,0,17.4
2024-02-04,Station Road,Gajak,Sweet,37,320,11840,Sunday,1,0,None,50,1,0,17.4
2024-02-04,Station Road,Soan Papdi,Sweet,38,300,11400,Sunday,1,0,None,50,1,0,17.4
2024-02-04,Station Road,Bikaneri Bhujia,Namkeen,170,360,61200,Sunday,1,0,None,50,1,0,17.4
2024-02-04,Station Road,Aloo Bhujia,Namkeen,55,300,16500,Sunday,1,0,None,50,1,0,17.4
2024-02-05,Station Road,Rasgulla,Sweet,51,280,14280,Monday,0,0,None,49,1,0,17.2
2024-02-05,Station Road,Gulab Jamun,Sweet,55,300,16500,Monday,0,0,None,49,1,0,17.2
2024-02-05,Station Road,Kaju Katli,Sweet,25,900,22500,Monday,0,0,None,49,1,0,17.2
2024-02-05,Station Road,Besan Barfi,Sweet,41,420,17220,Monday,0,0,None,49,1,0,17.2
2024-02-05,Station Road,Motichoor Laddu,Sweet,36,380,13680,Monday,0,0,None,49,1,0,17.2
2024-02-05,Station Road,Ghewar,Sweet,1,500,500,Monday,0,0,None,49,1,0,17.2
2024-02-05,Station Road,Gajak,Sweet,23,320,7360,Monday,0,0,None,49,1,0,17.2
2024-02-05,Station Road,Soan Papdi,Sweet,18,300,5400,Monday,0,0,None,49,1,0,17.2
2024-02-05,Station Road,Bikaneri Bhujia,Namkeen,122,360,43920,Monday,0,0,None,49,1,0,17.2
2024-02-05,Station Road,Aloo Bhujia,Namkeen,41,300,12300,Monday,0,0,None,49,1,0,17.2
2024-02-06,Station Road,Rasgulla,Sweet,47,252,11844,Tuesday,0,0,None,48,1,1,17.8
2024-02-06,Station Road,Gulab Jamun,Sweet,55,300,16500,Tuesday,0,0,None,48,1,0,17.8
2024-02-06,Station Road,Kaju Katli,Sweet,32,900,28800,Tuesday,0,0,None,48,1,0,17.8
2024-02-06,Station Road,Besan Barfi,Sweet,41,420,17220,Tuesday,0,0,None,48,1,0,17.8
2024-02-06,Station Road,Motichoor Laddu,Sweet,31,380,11780,Tuesday,0,0,None,48,1,0,17.8
2024-02-06,Station Road,Ghewar,Sweet,0,500,0,Tuesday,0,0,None,48,1,0,17.8
2024-02-06,Station Road,Gajak,Sweet,32,320,10240,Tuesday,0,0,None,48,1,0,17.8
2024-02-06,Station Road,Soan Papdi,Sweet,18,300,5400,Tuesday,0,0,None,48,1,0,17.8
2024-02-06,Station Road,Bikaneri Bhujia,Namkeen,112,360,40320,Tuesday,0,0,None,48,1,0,17.8
2024-02-06,Station Road,Aloo Bhujia,Namkeen,34,300,10200,Tuesday,0,0,None,48,1,0,17.8
2024-02-07,Station Road,Rasgulla,Sweet,55,280,15400,Wednesday,0,0,None,47,1,0,15.7
2024-02-07,Station Road,Gulab Jamun,Sweet,61,300,18300,Wednesday,0,0,None,47,1,0,15.7
2024-02-07,Station Road,Kaju Katli,Sweet,25,900,22500,Wednesday,0,0,None,47,1,0,15.7
2024-02-07,Station Road,Besan Barfi,Sweet,36,420,15120,Wednesday,0,0,None,47,1,0,15.7
2024-02-07,Station Road,Motichoor Laddu,Sweet,40,380,15200,Wednesday,0,0,None,47,1,0,15.7
2024-02-07,Station Road,Ghewar,Sweet,2,500,1000,Wednesday,0,0,None,47,1,0,15.7
2024-02-07,Station Road,Gajak,Sweet,33,320,10560,Wednesday,0,0,None,47,1,0,15.7
2024-02-07,Station Road,Soan Papdi,Sweet,22,300,6600,Wednesday,0,0,None,47,1,0,15.7
2024-02-07,Station Road,Bikaneri Bhujia,Namkeen,122,360,43920,Wednesday,0,0,None,47,1,0,15.7
2024-02-07,Station Road,Aloo Bhujia,Namkeen,29,300,8700,Wednesday,0,0,None,47,1,0,15.7
2024-02-08,Station Road,Rasgulla,Sweet,61,280,17080,Thursday,0,0,None,46,1,0,19.5
2024-02-08,Station Road,Gulab Jamun,Sweet,62,300,18600,Thursday,0,0,None,46,1,0,19.5
2024-02-08,Station Road,Kaju Katli,Sweet,32,900,28800,Thursday,0,0,None,46,1,0,19.5
2024-02-08,Station Road,Besan Barfi,Sweet,47,420,19740,Thursday,0,0,None,46,1,0,19.5
2024-02-08,Station Road,Motichoor Laddu,Sweet,36,380,13680,Thursday,0,0,None,46,1,0,19.5
2024-02-08,Station Road,Ghewar,Sweet,1,500,500,Thursday,0,0,None,46,1,0,19.5
2024-02-08,Station Road,Gajak,Sweet,31,320,9920,Thursday,0,0,None,46,1,0,19.5
2024-02-08,Station Road,Soan Papdi,Sweet,29,300,8700,Thursday,0,0,None,46,1,0,19.5
2024-02-08,Station Road,Bikaneri Bhujia,Namkeen,119,360,42840,Thursday,0,0,None,46,1,0,19.5
2024-02-08,Station Road,Aloo Bhujia,Namkeen,49,300,14700,Thursday,0,0,None,46,1,0,19.5
2024-02-09,Station Road,Rasgulla,Sweet,39,280,10920,Friday,0,0,None,45,1,0,22.3
2024-02-09,Station Road,Gulab Jamun,Sweet,60,300,18000,Friday,0,0,None,45,1,0,22.3
2024-02-09,Station Road,Kaju Katli,Sweet,49,900,44100,Friday,0,0,None,45,1,0,22.3
2024-02-09,Station Road,Besan Barfi,Sweet,42,420,17640,Friday,0,0,None,45,1,0,22.3
2024-02-09,Station Road,Motichoor Laddu,Sweet,41,380,15580,Friday,0,0,None,45,1,0,22.3
2024-02-09,Station Road,Ghewar,Sweet,6,500,3000,Friday,0,0,None,45,1,0,22.3
2024-02-09,Station Road,Gajak,Sweet,24,320,7680,Friday,0,0,None,45,1,0,22.3
2024-02-09,Station Road,Soan Papdi,Sweet,15,300,4500,Friday,0,0,None,45,1,0,22.3
2024-02-09,Station Road,Bikaneri Bhujia,Namkeen,154,324,49896,Friday,0,0,None,45,1,1,22.3
2024-02-09,Station Road,Aloo Bhujia,Namkeen,59,300,17700,Friday,0,0,None,45,1,0,22.3
2024-02-10,Station Road,Rasgulla,Sweet,97,252,24444,Saturday,1,0,None,44,1,1,21.7
2024-02-10,Station Road,Gulab Jamun,Sweet,77,300,23100,Saturday,1,0,None,44,1,0,21.7
2024-02-10,Station Road,Kaju Katli,Sweet,54,900,48600,Saturday,1,0,None,44,1,0,21.7
2024-02-10,Station Road,Besan Barfi,Sweet,61,420,25620,Saturday,1,0,None,44,1,0,21.7
2024-02-10,Station Road,Motichoor Laddu,Sweet,50,380,19000,Saturday,1,0,None,44,1,0,21.7
2024-02-10,Station Road,Ghewar,Sweet,1,500,500,Saturday,1,0,None,44,1,0,21.7
2024-02-10,Station Road,Gajak,Sweet,30,320,9600,Saturday,1,0,None,44,1,0,21.7
2024-02-10,Station Road,Soan Papdi,Sweet,40,300,12000,Saturday,1,0,None,44,1,0,21.7
2024-02-10,Station Road,Bikaneri Bhujia,Namkeen,159,360,57240,Saturday,1,0,None,44,1,0,21.7
2024-02-10,Station Road,Aloo Bhujia,Namkeen,67,300,20100,Saturday,1,0,None,44,1,0,21.7
2024-02-11,Station Road,Rasgulla,Sweet,63,280,17640,Sunday,1,0,None,43,1,0,20.3
2024-02-11,Station Road,Gulab Jamun,Sweet,76,300,22800,Sunday,1,0,None,43,1,0,20.3
2024-02-11,Station Road,Kaju Katli,Sweet,56,900,50400,Sunday,1,0,None,43,1,0,20.3
2024-02-11,Station Road,Besan Barfi,Sweet,71,420,29820,Sunday,1,0,None,43,1,0,20.3
2024-02-11,Station Road,Motichoor Laddu,Sweet,54,380,20520,Sunday,1,0,None,43,1,0,20.3
2024-02-11,Station Road,Ghewar,Sweet,0,500,0,Sunday,1,0,None,43,1,0,20.3
2024-02-11,Station Road,Gajak,Sweet,50,320,16000,Sunday,1,0,None,43,1,0,20.3
2024-02-11,Station Road,Soan Papdi,Sweet,39,300,11700,Sunday,1,0,None,43,1,0,20.3
2024-02-11,Station Road,Bikaneri Bhujia,Namkeen,152,360,54720,Sunday,1,0,None,43,1,0,20.3
2024-02-11,Station Road,Aloo Bhujia,Namkeen,71,300,21300,Sunday,1,0,None,43,1,0,20.3
2024-02-12,Station Road,Rasgulla,Sweet,41,280,11480,Monday,0,0,None,42,1,0,24.4
2024-02-12,Station Road,Gulab Jamun,Sweet,55,300,16500,Monday,0,0,None,42,1,0,24.4
2024-02-12,Station Road,Kaju Katli,Sweet,36,900,32400,Monday,0,0,None,42,1,0,24.4
2024-02-12,Station Road,Besan Barfi,Sweet,45,420,18900,Monday,0,0,None,42,1,0,24.4
2024-02-12,Station Road,Motichoor Laddu,Sweet,34,380,12920,Monday,0,0,None,42,1,0,24.4
2024-02-12,Station Road,Ghewar,Sweet,2,500,1000,Monday,0,0,None,42,1,0,24.4
2024-02-12,Station Road,Gajak,Sweet,32,320,10240,Monday,0,0,None,42,1,0,24.4
2024-02-12,Station Road,Soan Papdi,Sweet,22,300,6600,Monday,0,0,None,42,1,0,24.4
2024-02-12,Station Road,Bikaneri Bhujia,Namkeen,107,360,38520,Monday,0,0,None,42,1,0,24.4
2024-02-12,Station Road,Aloo Bhujia,Namkeen,34,300,10200,Monday,0,0,None,42,1,0,24.4
2024-02-13,Station Road,Rasgulla,Sweet,48,280,13440,Tuesday,0,0,None,41,1,0,19.1
2024-02-13,Station Road,Gulab Jamun,Sweet,41,300,12300,Tuesday,0,0,None,41,1,0,19.1
2024-02-13,Station Road,Kaju Katli,Sweet,25,900,22500,Tuesday,0,0,None,41,1,0,19.1
2024-02-13,Station Road,Besan Barfi,Sweet,44,420,18480,Tuesday,0,0,None,41,1,0,19.1
2024-02-13,Station Road,Motichoor Laddu,Sweet,32,380,12160,Tuesday,0,0,None,41,1,0,19.1
2024-02-13,Station Road,Ghewar,Sweet,2,500,1000,Tuesday,0,0,None,41,1,0,19.1
2024-02-13,Station Road,Gajak,Sweet,24,320,7680,Tuesday,0,0,None,41,1,0,19.1
2024-02-13,Station Road,Soan Papdi,Sweet,19,300,5700,Tuesday,0,0,None,41,1,0,19.1
2024-02-13,Station Road,Bikaneri Bhujia,Namkeen,107,360,38520,Tuesday,0,0,None,41,1,0,19.1
2024-02-13,Station Road,Aloo Bhujia,Namkeen,44,300,13200,Tuesday,0,0,None,41,1,0,19.1
2024-02-14,Station Road,Rasgulla,Sweet,59,252,14868,Wednesday,0,0,None,40,1,1,22.0
2024-02-14,Station Road,Gulab Jamun,Sweet,60,300,18000,Wednesday,0,0,None,40,1,0,22.0
2024-02-14,Station Road,Kaju Katli,Sweet,45,900,40500,Wednesday,0,0,None,40,1,0,22.0
2024-02-14,Station Road,Besan Barfi,Sweet,27,420,11340,Wednesday,0,0,None,40,1,0,22.0
2024-02-14,Station Road,Motichoor Laddu,Sweet,48,380,18240,Wednesday,0,0,None,40,1,0,22.0
2024-02-14,Station Road,Ghewar,Sweet,1,500,500,Wednesday,0,0,None,40,1,0,22.0
2024-02-14,Station Road,Gajak,Sweet,31,320,9920,Wednesday,0,0,None,40,1,0,22.0
2024-02-14,Station Road,Soan Papdi,Sweet,25,300,7500,Wednesday,0,0,None,40,1,0,22.0
2024-02-14,Station Road,Bikaneri Bhujia,Namkeen,98,360,35280,Wednesday,0,0,None,40,1,0,22.0
2024-02-14,Station Road,Aloo Bhujia,Namkeen,40,300,12000,Wednesday,0,0,None,40,1,0,22.0
2024-02-15,Station Road,Rasgulla,Sweet,58,280,16240,Thursday,0,0,None,39,1,0,19.8
2024-02-15,Station Road,Gulab Jamun,Sweet,64,300,19200,Thursday,0,0,None,39,1,0,19.8
2024-02-15,Station Road,Kaju Katli,Sweet,42,900,37800,Thursday,0,0,None,39,1,0,19.8
2024-02-15,Station Road,Besan Barfi,Sweet,37,420,15540,Thursday,0,0,None,39,1,0,19.8
2024-02-15,Station Road,Motichoor Laddu,Sweet,47,380,17860,Thursday,0,0,None,39,1,0,19.8
2024-02-15,Station Road,Ghewar,Sweet,0,500,0,Thursday,0,0,None,39,1,0,19.8
2024-02-15,Station Road,Gajak,Sweet,30,320,9600,Thursday,0,0,None,39,1,0,19.8
2024-02-15,Station Road,Soan Papdi,Sweet,21,300,6300,Thursday,0,0,None,39,1,0,19.8
2024-02-15,Station Road,Bikaneri Bhujia,Namkeen,96,360,34560,Thursday,0,0,None,39,1,0,19.8
2024-02-15,Station Road,Aloo Bhujia,Namkeen,42,300,12600,Thursday,0,0,None,39,1,0,19.8
2024-02-16,Station Road,Rasgulla,Sweet,54,280,15120,Friday,0,0,None,38,1,0,18.6
2024-02-16,Station Road,Gulab Jamun,Sweet,71,300,21300,Friday,0,0,None,38,1,0,18.6
2024-02-16,Station Road,Kaju Katli,Sweet,43,900,38700,Friday,0,0,None,38,1,0,18.6
2024-02-16,Station Road,Besan Barfi,Sweet,39,420,16380,Friday,0,0,None,38,1,0,18.6
2024-02-16,Station Road,Motichoor Laddu,Sweet,55,380,20900,Friday,0,0,None,38,1,0,18.6
2024-02-16,Station Road,Ghewar,Sweet,5,500,2500,Friday,0,0,None,38,1,0,18.6
2024-02-16,Station Road,Gajak,Sweet,37,320,11840,Friday,0,0,None,38,1,0,18.6
2024-02-16,Station Road,Soan Papdi,Sweet,25,300,7500,Friday,0,0,None,38,1,0,18.6
2024-02-16,Station Road,Bikaneri Bhujia,Namkeen,138,360,49680,Friday,0,0,None,38,1,0,18.6
2024-02-16,Station Road,Aloo Bhujia,Namkeen,67,270,18090,Friday,0,0,None,38,1,1,18.6
2024-02-17,Station Road,Rasgulla,Sweet,80,280,22400,Saturday,1,0,None,37,1,0,18.3
2024-02-17,Station Road,Gulab Jamun,Sweet,75,300,22500,Saturday,1,0,None,37,1,0,18.3
2024-02-17,Station Road,Kaju Katli,Sweet,48,900,43200,Saturday,1,0,None,37,1,0,18.3
2024-02-17,Station Road,Besan Barfi,Sweet,59,420,24780,Saturday,1,0,None,37,1,0,18.3
2024-02-17,Station Road,Motichoor Laddu,Sweet,53,380,20140,Saturday,1,0,None,37,1,0,18.3
2024-02-17,Station Road,Ghewar,Sweet,0,500,0,Saturday,1,0,None,37,1,0,18.3
2024-02-17,Station Road,Gajak,Sweet,52,320,16640,Saturday,1,0,None,37,1,0,18.3
2024-02-17,Station Road,Soan Papdi,Sweet,42,300,12600,Saturday,1,0,None,37,1,0,18.3
2024-02-17,Station Road,Bikaneri Bhujia,Namkeen,149,360,53640,Saturday,1,0,None,37,1,0,18.3
2024-02-17,Station Road,Aloo Bhujia,Namkeen,62,300,18600,Saturday,1,0,None,37,1,0,18.3
2024-02-18,Station Road,Rasgulla,Sweet,70,280,19600,Sunday,1,0,None,36,1,0,17.7
2024-02-18,Station Road,Gulab Jamun,Sweet,92,270,24840,Sunday,1,0,None,36,1,1,17.7
2024-02-18,Station Road,Kaju Katli,Sweet,46,900,41400,Sunday,1,0,None,36,1,0,17.7
2024-02-18,Station Road,Besan Barfi,Sweet,68,420,28560,Sunday,1,0,None,36,1,0,17.7
2024-02-18,Station Road,Motichoor Laddu,Sweet,67,380,25460,Sunday,1,0,None,36,1,0,17.7
2024-02-18,Station Road,Ghewar,Sweet,1,500,500,Sunday,1,0,None,36,1,0,17.7
2024-02-18,Station Road,Gajak,Sweet,40,320,12800,Sunday,1,0,None,36,1,0,17.7
2024-02-18,Station Road,Soan Papdi,Sweet,30,300,9000,Sunday,1,0,None,36,1,0,17.7
2024-02-18,Station Road,Bikaneri Bhujia,Namkeen,163,360,58680,Sunday,1,0,None,36,1,0,17.7
2024-02-18,Station Road,Aloo Bhujia,Namkeen,61,300,18300,Sunday,1,0,None,36,1,0,17.7
2024-02-19,Station Road,Rasgulla,Sweet,50,280,14000,Monday,0,0,None,35,1,0,18.2
2024-02-19,Station Road,Gulab Jamun,Sweet,67,300,20100,Monday,0,0,None,35,1,0,18.2
2024-02-19,Station Road,Kaju Katli,Sweet,39,900,35100,Monday,0,0,None,35,1,0,18.2
2024-02-19,Station Road,Besan Barfi,Sweet,30,420,12600,Monday,0,0,None,35,1,0,18.2
2024-02-19,Station Road,Motichoor Laddu,Sweet,41,380,15580,Monday,0,0,None,35,1,0,18.2
2024-02-19,Station Road,Ghewar,Sweet,3,500,1500,Monday,0,0,None,35,1,0,18.2
2024-02-19,Station Road,Gajak,Sweet,36,320,11520,Monday,0,0,None,35,1,0,18.2
2024-02-19,Station Road,Soan Papdi,Sweet,14,300,4200,Monday,0,0,None,35,1,0,18.2
2024-02-19,Station Road,Bikaneri Bhujia,Namkeen,111,360,39960,Monday,0,0,None,35,1,0,18.2
2024-02-19,Station Road,Aloo Bhujia,Namkeen,33,300,9900,Monday,0,0,None,35,1,0,18.2
2024-02-20,Station Road,Rasgulla,Sweet,51,280,14280,Tuesday,0,0,None,34,1,0,22.0
2024-02-20,Station Road,Gulab Jamun,Sweet,56,300,16800,Tuesday,0,0,None,34,1,0,22.0
2024-02-20,Station Road,Kaju Katli,Sweet,35,900,31500,Tuesday,0,0,None,34,1,0,22.0
2024-02-20,Station Road,Besan Barfi,Sweet,43,378,16254,Tuesday,0,0,None,34,1,1,22.0
2024-02-20,Station Road,Motichoor Laddu,Sweet,43,380,16340,Tuesday,0,0,None,34,1,0,22.0
2024-02-20,Station Road,Ghewar,Sweet,2,500,1000,Tuesday,0,0,None,34,1,0,22.0
2024-02-20,Station Road,Gajak,Sweet,32,320,10240,Tuesday,0,0,None,34,1,0,22.0
2024-02-20,Station Road,Soan Papdi,Sweet,23,300,6900,Tuesday,0,0,None,34,1,0,22.0
2024-02-20,Station Road,Bikaneri Bhujia,Namkeen,96,360,34560,Tuesday,0,0,None,34,1,0,22.0
2024-02-20,Station Road,Aloo Bhujia,Namkeen,52,300,15600,Tuesday,0,0,None,34,1,0,22.0
2024-02-21,Station Road,Rasgulla,Sweet,57,280,15960,Wednesday,0,0,None,33,1,0,19.6
2024-02-21,Station Road,Gulab Jamun,Sweet,69,300,20700,Wednesday,0,0,None,33,1,0,19.6
2024-02-21,Station Road,Kaju Katli,Sweet,41,900,36900,Wednesday,0,0,None,33,1,0,19.6
2024-02-21,Station Road,Besan Barfi,Sweet,52,378,19656,Wednesday,0,0,None,33,1,1,19.6
2024-02-21,Station Road,Motichoor Laddu,Sweet,44,380,16720,Wednesday,0,0,None,33,1,0,19.6
2024-02-21,Station Road,Ghewar,Sweet,2,500,1000,Wednesday,0,0,None,33,1,0,19.6
2024-02-21,Station Road,Gajak,Sweet,28,320,8960,Wednesday,0,0,None,33,1,0,19.6
2024-02-21,Station Road,Soan Papdi,Sweet,21,300,6300,Wednesday,0,0,None,33,1,0,19.6
2024-02-21,Station Road,Bikaneri Bhujia,Namkeen,119,360,42840,Wednesday,0,0,None,33,1,0,19.6
2024-02-21,Station Road,Aloo Bhujia,Namkeen,50,300,15000,Wednesday,0,0,None,33,1,0,19.6
2024-02-22,Station Road,Rasgulla,Sweet,40,280,11200,Thursday,0,0,None,32,1,0,21.5
2024-02-22,Station Road,Gulab Jamun,Sweet,59,300,17700,Thursday,0,0,None,32,1,0,21.5
2024-02-22,Station Road,Kaju Katli,Sweet,47,900,42300,Thursday,0,0,None,32,1,0,21.5
2024-02-22,Station Road,Besan Barfi,Sweet,40,420,16800,Thursday,0,0,None,32,1,0,21.5
2024-02-22,Station Road,Motichoor Laddu,Sweet,51,380,19380,Thursday,0,0,None,32,1,0,21.5
2024-02-22,Station Road,Ghewar,Sweet,3,500,1500,Thursday,0,0,None,32,1,0,21.5
2024-02-22,Station Road,Gajak,Sweet,28,320,8960,Thursday,0,0,None,32,1,0,21.5
2024-02-22,Station Road,Soan Papdi,Sweet,18,300,5400,Thursday,0,0,None,32,1,0,21.5
2024-02-22,Station Road,Bikaneri Bhujia,Namkeen,115,360,41400,Thursday,0,0,None,32,1,0,21.5
2024-02-22,Station Road,Aloo Bhujia,Namkeen,62,300,18600,Thursday,0,0,None,32,1,0,21.5
2024-02-23,Station Road,Rasgulla,Sweet,54,280,15120,Friday,0,0,None,31,1,0,21.9
2024-02-23,Station Road,Gulab Jamun,Sweet,63,300,18900,Friday,0,0,None,31,1,0,21.9
2024-02-23,Station Road,Kaju Katli,Sweet,49,900,44100,Friday,0,0,None,31,1,0,21.9
2024-02-23,Station Road,Besan Barfi,Sweet,54,420,22680,Friday,0,0,None,31,1,0,21.9
2024-02-23,Station Road,Motichoor Laddu,Sweet,50,380,19000,Friday,0,0,None,31,1,0,21.9
2024-02-23,Station Road,Ghewar,Sweet,3,500,1500,Friday,0,0,None,31,1,0,21.9
2024-02-23,Station Road,Gajak,Sweet,30,320,9600,Friday,0,0,None,31,1,0,21.9
2024-02-23,Station Road,Soan Papdi,Sweet,44,270,11880,Friday,0,0,None,31,1,1,21.9
2024-02-23,Station Road,Bikaneri Bhujia,Namkeen,141,360,50760,Friday,0,0,None,31,1,0,21.9
2024-02-23,Station Road,Aloo Bhujia,Namkeen,41,300,12300,Friday,0,0,None,31,1,0,21.9
2024-02-24,Station Road,Rasgulla,Sweet,56,280,15680,Saturday,1,0,None,30,1,0,21.2
2024-02-24,Station Road,Gulab Jamun,Sweet,87,300,26100,Saturday,1,0,None,30,1,0,21.2
2024-02-24,Station Road,Kaju Katli,Sweet,56,900,50400,Saturday,1,0,None,30,1,0,21.2
2024-02-24,Station Road,Besan Barfi,Sweet,47,420,19740,Saturday,1,0,None,30,1,0,21.2
2024-02-24,Station Road,Motichoor Laddu,Sweet,55,380,20900,Saturday,1,0,None,30,1,0,21.2
2024-02-24,Station Road,Ghewar,Sweet,3,500,1500,Saturday,1,0,None,30,1,0,21.2
2024-02-24,Station Road,Gajak,Sweet,35,320,11200,Saturday,1,0,None,30,1,0,21.2
2024-02-24,Station Road,Soan Papdi,Sweet,37,300,11100,Saturday,1,0,None,30,1,0,21.2
2024-02-24,Station Road,Bikaneri Bhujia,Namkeen,158,360,56880,Saturday,1,0,None,30,1,0,21.2
2024-02-24,Station Road,Aloo Bhujia,Namkeen,62,300,18600,Saturday,1,0,None,30,1,0,21.2
2024-02-25,Station Road,Rasgulla,Sweet,84,280,23520,Sunday,1,0,None,29,1,0,20.5
2024-02-25,Station Road,Gulab Jamun,Sweet,73,300,21900,Sunday,1,0,None,29,1,0,20.5
2024-02-25,Station Road,Kaju Katli,Sweet,54,900,48600,Sunday,1,0,None,29,1,0,20.5
2024-02-25,Station Road,Besan Barfi,Sweet,67,420,28140,Sunday,1,0,None,29,1,0,20.5
2024-02-25,Station Road,Motichoor Laddu,Sweet,51,380,19380,Sunday,1,0,None,29,1,0,20.5
2024-02-25,Station Road,Ghewar,Sweet,1,500,500,Sunday,1,0,None,29,1,0,20.5
2024-02-25,Station Road,Gajak,Sweet,48,320,15360,Sunday,1,0,None,29,1,0,20.5
2024-02-25,Station Road,Soan Papdi,Sweet,36,300,10800,Sunday,1,0,None,29,1,0,20.5
2024-02-25,Station Road,Bikaneri Bhujia,Namkeen,186,360,66960,Sunday,1,0,None,29,1,0,20.5
2024-02-25,Station Road,Aloo Bhujia,Namkeen,65,300,19500,Sunday,1,0,None,29,1,0,20.5
2024-02-26,Station Road,Rasgulla,Sweet,40,280,11200,Monday,0,0,None,28,1,0,20.3
2024-02-26,Station Road,Gulab Jamun,Sweet,56,300,16800,Monday,0,0,None,28,1,0,20.3
2024-02-26,Station Road,Kaju Katli,Sweet,28,900,25200,Monday,0,0,None,28,1,0,20.3
2024-02-26,Station Road,Besan Barfi,Sweet,28,420,11760,Monday,0,0,None,28,1,0,20.3
2024-02-26,Station Road,Motichoor Laddu,Sweet,39,380,14820,Monday,0,0,None,28,1,0,20.3
2024-02-26,Station Road,Ghewar,Sweet,1,500,500,Monday,0,0,None,28,1,0,20.3
2024-02-26,Station Road,Gajak,Sweet,17,320,5440,Monday,0,0,None,28,1,0,20.3
2024-02-26,Station Road,Soan Papdi,Sweet,37,300,11100,Monday,0,0,None,28,1,0,20.3
2024-02-26,Station Road,Bikaneri Bhujia,Namkeen,120,360,43200,Monday,0,0,None,28,1,0,20.3
2024-02-26,Station Road,Aloo Bhujia,Namkeen,50,300,15000,Monday,0,0,None,28,1,0,20.3
2024-02-27,Station Road,Rasgulla,Sweet,39,280,10920,Tuesday,0,0,None,27,1,0,23.1
2024-02-27,Station Road,Gulab Jamun,Sweet,59,300,17700,Tuesday,0,0,None,27,1,0,23.1
2024-02-27,Station Road,Kaju Katli,Sweet,27,900,24300,Tuesday,0,0,None,27,1,0,23.1
2024-02-27,Station Road,Besan Barfi,Sweet,31,420,13020,Tuesday,0,0,None,27,1,0,23.1
2024-02-27,Station Road,Motichoor Laddu,Sweet,40,380,15200,Tuesday,0,0,None,27,1,0,23.1
2024-02-27,Station Road,Ghewar,Sweet,0,500,0,Tuesday,0,0,None,27,1,0,23.1
2024-02-27,Station Road,Gajak,Sweet,25,320,8000,Tuesday,0,0,None,27,1,0,23.1
2024-02-27,Station Road,Soan Papdi,Sweet,20,300,6000,Tuesday,0,0,None,27,1,0,23.1
2024-02-27,Station Road,Bikaneri Bhujia,Namkeen,116,360,41760,Tuesday,0,0,None,27,1,0,23.1
2024-02-27,Station Road,Aloo Bhujia,Namkeen,42,300,12600,Tuesday,0,0,None,27,1,0,23.1
2024-02-28,Station Road,Rasgulla,Sweet,43,280,12040,Wednesday,0,0,None,26,1,0,16.3
2024-02-28,Station Road,Gulab Jamun,Sweet,52,300,15600,Wednesday,0,0,None,26,1,0,16.3
2024-02-28,Station Road,Kaju Katli,Sweet,26,900,23400,Wednesday,0,0,None,26,1,0,16.3
2024-02-28,Station Road,Besan Barfi,Sweet,32,420,13440,Wednesday,0,0,None,26,1,0,16.3
2024-02-28,Station Road,Motichoor Laddu,Sweet,45,380,17100,Wednesday,0,0,None,26,1,0,16.3
2024-02-28,Station Road,Ghewar,Sweet,2,500,1000,Wednesday,0,0,None,26,1,0,16.3
2024-02-28,Station Road,Gajak,Sweet,35,320,11200,Wednesday,0,0,None,26,1,0,16.3
2024-02-28,Station Road,Soan Papdi,Sweet,28,300,8400,Wednesday,0,0,None,26,1,0,16.3
2024-02-28,Station Road,Bikaneri Bhujia,Namkeen,110,360,39600,Wednesday,0,0,None,26,1,0,16.3
2024-02-28,Station Road,Aloo Bhujia,Namkeen,56,270,15120,Wednesday,0,0,None,26,1,1,16.3
2024-02-29,Station Road,Rasgulla,Sweet,52,280,14560,Thursday,0,0,None,25,1,0,20.6
2024-02-29,Station Road,Gulab Jamun,Sweet,54,300,16200,Thursday,0,0,None,25,1,0,20.6
2024-02-29,Station Road,Kaju Katli,Sweet,41,900,36900,Thursday,0,0,None,25,1,0,20.6
2024-02-29,Station Road,Besan Barfi,Sweet,38,420,15960,Thursday,0,0,None,25,1,0,20.6
2024-02-29,Station Road,Motichoor Laddu,Sweet,62,342,21204,Thursday,0,0,None,25,1,1,20.6
2024-02-29,Station Road,Ghewar,Sweet,1,500,500,Thursday,0,0,None,25,1,0,20.6
2024-02-29,Station Road,Gajak,Sweet,37,320,11840,Thursday,0,0,None,25,1,0,20.6
2024-02-29,Station Road,Soan Papdi,Sweet,31,300,9300,Thursday,0,0,None,25,1,0,20.6
2024-02-29,Station Road,Bikaneri Bhujia,Namkeen,101,360,36360,Thursday,0,0,None,25,1,0,20.6
2024-02-29,Station Road,Aloo Bhujia,Namkeen,55,300,16500,Thursday,0,0,None,25,1,0,20.6
2024-03-01,Station Road,Rasgulla,Sweet,59,280,16520,Friday,0,0,None,24,0,0,28.0
2024-03-01,Station Road,Gulab Jamun,Sweet,52,300,15600,Friday,0,0,None,24,0,0,28.0
2024-03-01,Station Road,Kaju Katli,Sweet,30,900,27000,Friday,0,0,None,24,0,0,28.0
2024-03-01,Station Road,Besan Barfi,Sweet,27,420,11340,Friday,0,0,None,24,0,0,28.0
2024-03-01,Station Road,Motichoor Laddu,Sweet,30,380,11400,Friday,0,0,None,24,0,0,28.0
2024-03-01,Station Road,Ghewar,Sweet,3,500,1500,Friday,0,0,None,24,0,0,28.0
2024-03-01,Station Road,Gajak,Sweet,14,320,4480,Friday,0,0,None,24,0,0,28.0
2024-03-01,Station Road,Soan Papdi,Sweet,26,300,7800,Friday,0,0,None,24,0,0,28.0
2024-03-01,Station Road,Bikaneri Bhujia,Namkeen,115,360,41400,Friday,0,0,None,24,0,0,28.0
2024-03-01,Station Road,Aloo Bhujia,Namkeen,46,300,13800,Friday,0,0,None,24,0,0,28.0
2024-03-02,Station Road,Rasgulla,Sweet,64,280,17920,Saturday,1,0,None,23,0,0,29.3
2024-03-02,Station Road,Gulab Jamun,Sweet,59,300,17700,Saturday,1,0,None,23,0,0,29.3
2024-03-02,Station Road,Kaju Katli,Sweet,30,900,27000,Saturday,1,0,None,23,0,0,29.3
2024-03-02,Station Road,Besan Barfi,Sweet,37,420,15540,Saturday,1,0,None,23,0,0,29.3
2024-03-02,Station Road,Motichoor Laddu,Sweet,47,380,17860,Saturday,1,0,None,23,0,0,29.3
2024-03-02,Station Road,Ghewar,Sweet,3,500,1500,Saturday,1,0,None,23,0,0,29.3
2024-03-02,Station Road,Gajak,Sweet,13,320,4160,Saturday,1,0,None,23,0,0,29.3
2024-03-02,Station Road,Soan Papdi,Sweet,25,300,7500,Saturday,1,0,None,23,0,0,29.3
2024-03-02,Station Road,Bikaneri Bhujia,Namkeen,117,360,42120,Saturday,1,0,None,23,0,0,29.3
2024-03-02,Station Road,Aloo Bhujia,Namkeen,70,300,21000,Saturday,1,0,None,23,0,0,29.3
2024-03-03,Station Road,Rasgulla,Sweet,71,280,19880,Sunday,1,0,None,22,0,0,25.1
2024-03-03,Station Road,Gulab Jamun,Sweet,81,300,24300,Sunday,1,0,None,22,0,0,25.1
2024-03-03,Station Road,Kaju Katli,Sweet,33,900,29700,Sunday,1,0,None,22,0,0,25.1
2024-03-03,Station Road,Besan Barfi,Sweet,47,420,19740,Sunday,1,0,None,22,0,0,25.1
2024-03-03,Station Road,Motichoor Laddu,Sweet,44,380,16720,Sunday,1,0,None,22,0,0,25.1
2024-03-03,Station Road,Ghewar,Sweet,3,500,1500,Sunday,1,0,None,22,0,0,25.1
2024-03-03,Station Road,Gajak,Sweet,9,320,2880,Sunday,1,0,None,22,0,0,25.1
2024-03-03,Station Road,Soan Papdi,Sweet,31,300,9300,Sunday,1,0,None,22,0,0,25.1
2024-03-03,Station Road,Bikaneri Bhujia,Namkeen,128,360,46080,Sunday,1,0,None,22,0,0,25.1
2024-03-03,Station Road,Aloo Bhujia,Namkeen,61,300,18300,Sunday,1,0,None,22,0,0,25.1
2024-03-04,Station Road,Rasgulla,Sweet,55,280,15400,Monday,0,0,None,21,0,0,25.7
2024-03-04,Station Road,Gulab Jamun,Sweet,46,300,13800,Monday,0,0,None,21,0,0,25.7
2024-03-04,Station Road,Kaju Katli,Sweet,22,900,19800,Monday,0,0,None,21,0,0,25.7
2024-03-04,Station Road,Besan Barfi,Sweet,43,420,18060,Monday,0,0,None,21,0,0,25.7
2024-03-04,Station Road,Motichoor Laddu,Sweet,35,380,13300,Monday,0,0,None,21,0,0,25.7
2024-03-04,Station Road,Ghewar,Sweet,2,500,1000,Monday,0,0,None,21,0,0,25.7
2024-03-04,Station Road,Gajak,Sweet,8,320,2560,Monday,0,0,None,21,0,0,25.7
2024-03-04,Station Road,Soan Papdi,Sweet,23,300,6900,Monday,0,0,None,21,0,0,25.7
2024-03-04,Station Road,Bikaneri Bhujia,Namkeen,74,360,26640,Monday,0,0,None,21,0,0,25.7
2024-03-04,Station Road,Aloo Bhujia,Namkeen,33,300,9900,Monday,0,0,None,21,0,0,25.7
2024-03-05,Station Road,Rasgulla,Sweet,39,280,10920,Tuesday,0,0,None,20,0,0,25.0
2024-03-05,Station Road,Gulab Jamun,Sweet,54,300,16200,Tuesday,0,0,None,20,0,0,25.0
2024-03-05,Station Road,Kaju Katli,Sweet,21,900,18900,Tuesday,0,0,None,20,0,0,25.0
2024-03-05,Station Road,Besan Barfi,Sweet,35,420,14700,Tuesday,0,0,None,20,0,0,25.0
2024-03-05,Station Road,Motichoor Laddu,Sweet,37,342,12654,Tuesday,0,0,None,20,0,1,25.0
2024-03-05,Station Road,Ghewar,Sweet,0,500,0,Tuesday,0,0,None,20,0,0,25.0
2024-03-05,Station Road,Gajak,Sweet,11,320,3520,Tuesday,0,0,None,20,0,0,25.0
2024-03-05,Station Road,Soan Papdi,Sweet,27,300,8100,Tuesday,0,0,None,20,0,0,25.0
2024-03-05,Station Road,Bikaneri Bhujia,Namkeen,97,360,34920,Tuesday,0,0,None,20,0,0,25.0
2024-03-05,Station Road,Aloo Bhujia,Namkeen,49,300,14700,Tuesday,0,0,None,20,0,0,25.0
2024-03-06,Station Road,Rasgulla,Sweet,59,280,16520,Wednesday,0,0,None,19,0,0,25.6
2024-03-06,Station Road,Gulab Jamun,Sweet,55,300,16500,Wednesday,0,0,None,19,0,0,25.6
2024-03-06,Station Road,Kaju Katli,Sweet,30,900,27000,Wednesday,0,0,None,19,0,0,25.6
2024-03-06,Station Road,Besan Barfi,Sweet,31,420,13020,Wednesday,0,0,None,19,0,0,25.6
2024-03-06,Station Road,Motichoor Laddu,Sweet,34,380,12920,Wednesday,0,0,None,19,0,0,25.6
2024-03-06,Station Road,Ghewar,Sweet,0,500,0,Wednesday,0,0,None,19,0,0,25.6
2024-03-06,Station Road,Gajak,Sweet,4,320,1280,Wednesday,0,0,None,19,0,0,25.6
2024-03-06,Station Road,Soan Papdi,Sweet,25,300,7500,Wednesday,0,0,None,19,0,0,25.6
2024-03-06,Station Road,Bikaneri Bhujia,Namkeen,78,360,28080,Wednesday,0,0,None,19,0,0,25.6
2024-03-06,Station Road,Aloo Bhujia,Namkeen,38,300,11400,Wednesday,0,0,None,19,0,0,25.6
2024-03-07,Station Road,Rasgulla,Sweet,39,280,10920,Thursday,0,0,None,18,0,0,24.0
2024-03-07,Station Road,Gulab Jamun,Sweet,43,300,12900,Thursday,0,0,None,18,0,0,24.0
2024-03-07,Station Road,Kaju Katli,Sweet,35,900,31500,Thursday,0,0,None,18,0,0,24.0
2024-03-07,Station Road,Besan Barfi,Sweet,41,420,17220,Thursday,0,0,None,18,0,0,24.0
2024-03-07,Station Road,Motichoor Laddu,Sweet,33,380,12540,Thursday,0,0,None,18,0,0,24.0
2024-03-07,Station Road,Ghewar,Sweet,1,500,500,Thursday,0,0,None,18,0,0,24.0
2024-03-07,Station Road,Gajak,Sweet,10,320,3200,Thursday,0,0,None,18,0,0,24.0
2024-03-07,Station Road,Soan Papdi,Sweet,18,300,5400,Thursday,0,0,None,18,0,0,24.0
2024-03-07,Station Road,Bikaneri Bhujia,Namkeen,88,360,31680,Thursday,0,0,None,18,0,0,24.0
2024-03-07,Station Road,Aloo Bhujia,Namkeen,48,300,14400,Thursday,0,0,None,18,0,0,24.0
2024-03-08,Station Road,Rasgulla,Sweet,44,280,12320,Friday,0,0,None,17,0,0,29.3
2024-03-08,Station Road,Gulab Jamun,Sweet,59,300,17700,Friday,0,0,None,17,0,0,29.3
2024-03-08,Station Road,Kaju Katli,Sweet,42,900,37800,Friday,0,0,None,17,0,0,29.3
2024-03-08,Station Road,Besan Barfi,Sweet,41,420,17220,Friday,0,0,None,17,0,0,29.3
2024-03-08,Station Road,Motichoor Laddu,Sweet,45,380,17100,Friday,0,0,None,17,0,0,29.3
2024-03-08,Station Road,Ghewar,Sweet,1,500,500,Friday,0,0,None,17,0,0,29.3
2024-03-08,Station Road,Gajak,Sweet,7,320,2240,Friday,0,0,None,17,0,0,29.3
2024-03-08,Station Road,Soan Papdi,Sweet,25,300,7500,Friday,0,0,None,17,0,0,29.3
2024-03-08,Station Road,Bikaneri Bhujia,Namkeen,93,360,33480,Friday,0,0,None,17,0,0,29.3
2024-03-08,Station Road,Aloo Bhujia,Namkeen,52,300,15600,Friday,0,0,None,17,0,0,29.3
2024-03-09,Station Road,Rasgulla,Sweet,67,280,18760,Saturday,1,0,None,16,0,0,20.0
2024-03-09,Station Road,Gulab Jamun,Sweet,80,300,24000,Saturday,1,0,None,16,0,0,20.0
2024-03-09,Station Road,Kaju Katli,Sweet,33,900,29700,Saturday,1,0,None,16,0,0,20.0
2024-03-09,Station Road,Besan Barfi,Sweet,58,420,24360,Saturday,1,0,None,16,0,0,20.0
2024-03-09,Station Road,Motichoor Laddu,Sweet,40,380,15200,Saturday,1,0,None,16,0,0,20.0
2024-03-09,Station Road,Ghewar,Sweet,0,500,0,Saturday,1,0,None,16,0,0,20.0
2024-03-09,Station Road,Gajak,Sweet,12,320,3840,Saturday,1,0,None,16,0,0,20.0
2024-03-09,Station Road,Soan Papdi,Sweet,29,300,8700,Saturday,1,0,None,16,0,0,20.0
2024-03-09,Station Road,Bikaneri Bhujia,Namkeen,118,360,42480,Saturday,1,0,None,16,0,0,20.0
2024-03-09,Station Road,Aloo Bhujia,Namkeen,47,300,14100,Saturday,1,0,None,16,0,0,20.0
2024-03-10,Station Road,Rasgulla,Sweet,87,252,21924,Sunday,1,0,None,15,0,1,24.4
2024-03-10,Station Road,Gulab Jamun,Sweet,52,300,15600,Sunday,1,0,None,15,0,0,24.4
2024-03-10,Station Road,Kaju Katli,Sweet,42,900,37800,Sunday,1,0,None,15,0,0,24.4
2024-03-10,Station Road,Besan Barfi,Sweet,40,420,16800,Sunday,1,0,None,15,0,0,24.4
2024-03-10,Station Road,Motichoor Laddu,Sweet,55,342,18810,Sunday,1,0,None,15,0,1,24.4
2024-03-10,Station Road,Ghewar,Sweet,1,500,500,Sunday,1,0,None,15,0,0,24.4
2024-03-10,Station Road,Gajak,Sweet,9,320,2880,Sunday,1,0,None,15,0,0,24.4
2024-03-10,Station Road,Soan Papdi,Sweet,22,300,6600,Sunday,1,0,None,15,0,0,24.4
2024-03-10,Station Road,Bikaneri Bhujia,Namkeen,139,360,50040,Sunday,1,0,None,15,0,0,24.4
2024-03-10,Station Road,Aloo Bhujia,Namkeen,67,300,20100,Sunday,1,0,None,15,0,0,24.4
2024-03-11,Station Road,Rasgulla,Sweet,48,280,13440,Monday,0,0,None,14,0,0,28.2
2024-03-11,Station Road,Gulab Jamun,Sweet,53,300,15900,Monday,0,0,None,14,0,0,28.2
2024-03-11,Station Road,Kaju Katli,Sweet,32,900,28800,Monday,0,0,None,14,0,0,28.2
2024-03-11,Station Road,Besan Barfi,Sweet,34,420,14280,Monday,0,0,None,14,0,0,28.2
2024-03-11,Station Road,Motichoor Laddu,Sweet,26,380,9880,Monday,0,0,None,14,0,0,28.2
2024-03-11,Station Road,Ghewar,Sweet,1,500,500,Monday,0,0,None,14,0,0,28.2
2024-03-11,Station Road,Gajak,Sweet,9,320,2880,Monday,0,0,None,14,0,0,28.2
2024-03-11,Station Road,Soan Papdi,Sweet,14,300,4200,Monday,0,0,None,14,0,0,28.2
2024-03-11,Station Road,Bikaneri Bhujia,Namkeen,83,360,29880,Monday,0,0,None,14,0,0,28.2
2024-03-11,Station Road,Aloo Bhujia,Namkeen,34,300,10200,Monday,0,0,None,14,0,0,28.2
2024-03-12,Station Road,Rasgulla,Sweet,39,280,10920,Tuesday,0,0,None,13,0,0,29.0
2024-03-12,Station Road,Gulab Jamun,Sweet,35,300,10500,Tuesday,0,0,None,13,0,0,29.0
2024-03-12,Station Road,Kaju Katli,Sweet,19,900,17100,Tuesday,0,0,None,13,0,0,29.0
2024-03-12,Station Road,Besan Barfi,Sweet,33,420,13860,Tuesday,0,0,None,13,0,0,29.0
2024-03-12,Station Road,Motichoor Laddu,Sweet,20,380,7600,Tuesday,0,0,None,13,0,0,29.0
2024-03-12,Station Road,Ghewar,Sweet,1,500,500,Tuesday,0,0,None,13,0,0,29.0
2024-03-12,Station Road,Gajak,Sweet,7,320,2240,Tuesday,0,0,None,13,0,0,29.0
2024-03-12,Station Road,Soan Papdi,Sweet,26,300,7800,Tuesday,0,0,None,13,0,0,29.0
2024-03-12,Station Road,Bikaneri Bhujia,Namkeen,82,360,29520,Tuesday,0,0,None,13,0,0,29.0
2024-03-12,Station Road,Aloo Bhujia,Namkeen,38,300,11400,Tuesday,0,0,None,13,0,0,29.0
2024-03-13,Station Road,Rasgulla,Sweet,43,280,12040,Wednesday,0,0,None,12,0,0,22.5
2024-03-13,Station Road,Gulab Jamun,Sweet,52,300,15600,Wednesday,0,0,None,12,0,0,22.5
2024-03-13,Station Road,Kaju Katli,Sweet,22,900,19800,Wednesday,0,0,None,12,0,0,22.5
2024-03-13,Station Road,Besan Barfi,Sweet,30,420,12600,Wednesday,0,0,None,12,0,0,22.5
2024-03-13,Station Road,Motichoor Laddu,Sweet,32,380,12160,Wednesday,0,0,None,12,0,0,22.5
2024-03-13,Station Road,Ghewar,Sweet,2,500,1000,Wednesday,0,0,None,12,0,0,22.5
2024-03-13,Station Road,Gajak,Sweet,10,320,3200,Wednesday,0,0,None,12,0,0,22.5
2024-03-13,Station Road,Soan Papdi,Sweet,19,300,5700,Wednesday,0,0,None,12,0,0,22.5
2024-03-13,Station Road,Bikaneri Bhujia,Namkeen,77,360,27720,Wednesday,0,0,None,12,0,0,22.5
2024-03-13,Station Road,Aloo Bhujia,Namkeen,46,300,13800,Wednesday,0,0,None,12,0,0,22.5
2024-03-14,Station Road,Rasgulla,Sweet,46,280,12880,Thursday,0,0,None,11,0,0,24.4
2024-03-14,Station Road,Gulab Jamun,Sweet,49,300,14700,Thursday,0,0,None,11,0,0,24.4
2024-03-14,Station Road,Kaju Katli,Sweet,26,900,23400,Thursday,0,0,None,11,0,0,24.4
2024-03-14,Station Road,Besan Barfi,Sweet,24,420,10080,Thursday,0,0,None,11,0,0,24.4
2024-03-14,Station Road,Motichoor Laddu,Sweet,31,380,11780,Thursday,0,0,None,11,0,0,24.4
2024-03-14,Station Road,Ghewar,Sweet,2,450,900,Thursday,0,0,None,11,0,1,24.4
2024-03-14,Station Road,Gajak,Sweet,9,320,2880,Thursday,0,0,None,11,0,0,24.4
2024-03-14,Station Road,Soan Papdi,Sweet,22,300,6600,Thursday,0,0,None,11,0,0,24.4
2024-03-14,Station Road,Bikaneri Bhujia,Namkeen,95,360,34200,Thursday,0,0,None,11,0,0,24.4
2024-03-14,Station Road,Aloo Bhujia,Namkeen,38,270,10260,Thursday,0,0,None,11,0,1,24.4
2024-03-15,Station Road,Rasgulla,Sweet,43,280,12040,Friday,0,0,None,10,0,0,26.6
2024-03-15,Station Road,Gulab Jamun,Sweet,58,300,17400,Friday,0,0,None,10,0,0,26.6
2024-03-15,Station Road,Kaju Katli,Sweet,35,900,31500,Friday,0,0,None,10,0,0,26.6
2024-03-15,Station Road,Besan Barfi,Sweet,38,420,15960,Friday,0,0,None,10,0,0,26.6
2024-03-15,Station Road,Motichoor Laddu,Sweet,33,380,12540,Friday,0,0,None,10,0,0,26.6
2024-03-15,Station Road,Ghewar,Sweet,0,500,0,Friday,0,0,None,10,0,0,26.6
2024-03-15,Station Road,Gajak,Sweet,12,320,3840,Friday,0,0,None,10,0,0,26.6
2024-03-15,Station Road,Soan Papdi,Sweet,16,300,4800,Friday,0,0,None,10,0,0,26.6
2024-03-15,Station Road,Bikaneri Bhujia,Namkeen,102,360,36720,Friday,0,0,None,10,0,0,26.6
2024-03-15,Station Road,Aloo Bhujia,Namkeen,47,300,14100,Friday,0,0,None,10,0,0,26.6
2024-03-16,Station Road,Rasgulla,Sweet,60,280,16800,Saturday,1,0,None,9,0,0,24.4
2024-03-16,Station Road,Gulab Jamun,Sweet,89,300,26700,Saturday,1,0,None,9,0,0,24.4
2024-03-16,Station Road,Kaju Katli,Sweet,42,900,37800,Saturday,1,0,None,9,0,0,24.4
2024-03-16,Station Road,Besan Barfi,Sweet,53,420,22260,Saturday,1,0,None,9,0,0,24.4
2024-03-16,Station Road,Motichoor Laddu,Sweet,37,380,14060,Saturday,1,0,None,9,0,0,24.4
2024-03-16,Station Road,Ghewar,Sweet,2,500,1000,Saturday,1,0,None,9,0,0,24.4
2024-03-16,Station Road,Gajak,Sweet,5,320,1600,Saturday,1,0,None,9,0,0,24.4
2024-03-16,Station Road,Soan Papdi,Sweet,18,300,5400,Saturday,1,0,None,9,0,0,24.4
2024-03-16,Station Road,Bikaneri Bhujia,Namkeen,119,360,42840,Saturday,1,0,None,9,0,0,24.4
2024-03-16,Station Road,Aloo Bhujia,Namkeen,60,300,18000,Saturday,1,0,None,9,0,0,24.4
2024-03-17,Station Road,Rasgulla,Sweet,64,280,17920,Sunday,1,0,None,8,0,0,26.5
2024-03-17,Station Road,Gulab Jamun,Sweet,80,300,24000,Sunday,1,0,None,8,0,0,26.5
2024-03-17,Station Road,Kaju Katli,Sweet,53,900,47700,Sunday,1,0,None,8,0,0,26.5
2024-03-17,Station Road,Besan Barfi,Sweet,49,420,20580,Sunday,1,0,None,8,0,0,26.5
2024-03-17,Station Road,Motichoor Laddu,Sweet,36,380,13680,Sunday,1,0,None,8,0,0,26.5
2024-03-17,Station Road,Ghewar,Sweet,1,500,500,Sunday,1,0,None,8,0,0,26.5
2024-03-17,Station Road,Gajak,Sweet,17,320,5440,Sunday,1,0,None,8,0,0,26.5
2024-03-17,Station Road,Soan Papdi,Sweet,22,300,6600,Sunday,1,0,None,8,0,0,26.5
2024-03-17,Station Road,Bikaneri Bhujia,Namkeen,146,360,52560,Sunday,1,0,None,8,0,0,26.5
2024-03-17,Station Road,Aloo Bhujia,Namkeen,54,300,16200,Sunday,1,0,None,8,0,0,26.5
2024-03-18,Station Road,Rasgulla,Sweet,62,252,15624,Monday,0,0,None,7,0,1,26.8
2024-03-18,Station Road,Gulab Jamun,Sweet,53,300,15900,Monday,0,0,None,7,0,0,26.8
2024-03-18,Station Road,Kaju Katli,Sweet,28,900,25200,Monday,0,0,None,7,0,0,26.8
2024-03-18,Station Road,Besan Barfi,Sweet,32,420,13440,Monday,0,0,None,7,0,0,26.8
2024-03-18,Station Road,Motichoor Laddu,Sweet,41,380,15580,Monday,0,0,None,7,0,0,26.8
2024-03-18,Station Road,Ghewar,Sweet,3,450,1350,Monday,0,0,None,7,0,1,26.8
2024-03-18,Station Road,Gajak,Sweet,5,320,1600,Monday,0,0,None,7,0,0,26.8
2024-03-18,Station Road,Soan Papdi,Sweet,15,300,4500,Monday,0,0,None,7,0,0,26.8
2024-03-18,Station Road,Bikaneri Bhujia,Namkeen,71,360,25560,Monday,0,0,None,7,0,0,26.8
2024-03-18,Station Road,Aloo Bhujia,Namkeen,39,300,11700,Monday,0,0,None,7,0,0,26.8
2024-03-19,Station Road,Rasgulla,Sweet,54,280,15120,Tuesday,0,0,pre-Holi,6,0,0,28.0
2024-03-19,Station Road,Gulab Jamun,Sweet,70,300,21000,Tuesday,0,0,pre-Holi,6,0,0,28.0
2024-03-19,Station Road,Kaju Katli,Sweet,34,900,30600,Tuesday,0,0,pre-Holi,6,0,0,28.0
2024-03-19,Station Road,Besan Barfi,Sweet,37,420,15540,Tuesday,0,0,pre-Holi,6,0,0,28.0
2024-03-19,Station Road,Motichoor Laddu,Sweet,36,380,13680,Tuesday,0,0,pre-Holi,6,0,0,28.0
2024-03-19,Station Road,Ghewar,Sweet,2,500,1000,Tuesday,0,0,pre-Holi,6,0,0,28.0
2024-03-19,Station Road,Gajak,Sweet,15,320,4800,Tuesday,0,0,pre-Holi,6,0,0,28.0
2024-03-19,Station Road,Soan Papdi,Sweet,29,300,8700,Tuesday,0,0,pre-Holi,6,0,0,28.0
2024-03-19,Station Road,Bikaneri Bhujia,Namkeen,90,360,32400,Tuesday,0,0,pre-Holi,6,0,0,28.0
2024-03-19,Station Road,Aloo Bhujia,Namkeen,35,300,10500,Tuesday,0,0,pre-Holi,6,0,0,28.0
2024-03-20,Station Road,Rasgulla,Sweet,66,280,18480,Wednesday,0,0,pre-Holi,5,0,0,23.9
2024-03-20,Station Road,Gulab Jamun,Sweet,88,300,26400,Wednesday,0,0,pre-Holi,5,0,0,23.9
2024-03-20,Station Road,Kaju Katli,Sweet,55,900,49500,Wednesday,0,0,pre-Holi,5,0,0,23.9
2024-03-20,Station Road,Besan Barfi,Sweet,46,420,19320,Wednesday,0,0,pre-Holi,5,0,0,23.9
2024-03-20,Station Road,Motichoor Laddu,Sweet,63,380,23940,Wednesday,0,0,pre-Holi,5,0,0,23.9
2024-03-20,Station Road,Ghewar,Sweet,2,500,1000,Wednesday,0,0,pre-Holi,5,0,0,23.9
2024-03-20,Station Road,Gajak,Sweet,9,320,2880,Wednesday,0,0,pre-Holi,5,0,0,23.9
2024-03-20,Station Road,Soan Papdi,Sweet,29,300,8700,Wednesday,0,0,pre-Holi,5,0,0,23.9
2024-03-20,Station Road,Bikaneri Bhujia,Namkeen,132,360,47520,Wednesday,0,0,pre-Holi,5,0,0,23.9
2024-03-20,Station Road,Aloo Bhujia,Namkeen,50,300,15000,Wednesday,0,0,pre-Holi,5,0,0,23.9
2024-03-21,Station Road,Rasgulla,Sweet,89,280,24920,Thursday,0,0,pre-Holi,4,0,0,25.8
2024-03-21,Station Road,Gulab Jamun,Sweet,116,300,34800,Thursday,0,0,pre-Holi,4,0,0,25.8
2024-03-21,Station Road,Kaju Katli,Sweet,74,900,66600,Thursday,0,0,pre-Holi,4,0,0,25.8
2024-03-21,Station Road,Besan Barfi,Sweet,70,420,29400,Thursday,0,0,pre-Holi,4,0,0,25.8
2024-03-21,Station Road,Motichoor Laddu,Sweet,77,380,29260,Thursday,0,0,pre-Holi,4,0,0,25.8
2024-03-21,Station Road,Ghewar,Sweet,6,500,3000,Thursday,0,0,pre-Holi,4,0,0,25.8
2024-03-21,Station Road,Gajak,Sweet,11,320,3520,Thursday,0,0,pre-Holi,4,0,0,25.8
2024-03-21,Station Road,Soan Papdi,Sweet,37,300,11100,Thursday,0,0,pre-Holi,4,0,0,25.8
2024-03-21,Station Road,Bikaneri Bhujia,Namkeen,120,360,43200,Thursday,0,0,pre-Holi,4,0,0,25.8
2024-03-21,Station Road,Aloo Bhujia,Namkeen,73,300,21900,Thursday,0,0,pre-Holi,4,0,0,25.8
2024-03-22,Station Road,Rasgulla,Sweet,107,280,29960,Friday,0,0,pre-Holi,3,0,0,24.0
2024-03-22,Station Road,Gulab Jamun,Sweet,129,300,38700,Friday,0,0,pre-Holi,3,0,0,24.0
2024-03-22,Station Road,Kaju Katli,Sweet,94,900,84600,Friday,0,0,pre-Holi,3,0,0,24.0
2024-03-22,Station Road,Besan Barfi,Sweet,100,420,42000,Friday,0,0,pre-Holi,3,0,0,24.0
2024-03-22,Station Road,Motichoor Laddu,Sweet,124,342,42408,Friday,0,0,pre-Holi,3,0,1,24.0
2024-03-22,Station Road,Ghewar,Sweet,2,500,1000,Friday,0,0,pre-Holi,3,0,0,24.0
2024-03-22,Station Road,Gajak,Sweet,16,320,5120,Friday,0,0,pre-Holi,3,0,0,24.0
2024-03-22,Station Road,Soan Papdi,Sweet,57,300,17100,Friday,0,0,pre-Holi,3,0,0,24.0
2024-03-22,Station Road,Bikaneri Bhujia,Namkeen,207,360,74520,Friday,0,0,pre-Holi,3,0,0,24.0
2024-03-22,Station Road,Aloo Bhujia,Namkeen,98,300,29400,Friday,0,0,pre-Holi,3,0,0,24.0
2024-03-23,Station Road,Rasgulla,Sweet,188,280,52640,Saturday,1,0,pre-Holi,2,0,0,27.1
2024-03-23,Station Road,Gulab Jamun,Sweet,235,300,70500,Saturday,1,0,pre-Holi,2,0,0,27.1
2024-03-23,Station Road,Kaju Katli,Sweet,142,900,127800,Saturday,1,0,pre-Holi,2,0,0,27.1
2024-03-23,Station Road,Besan Barfi,Sweet,163,420,68460,Saturday,1,0,pre-Holi,2,0,0,27.1
2024-03-23,Station Road,Motichoor Laddu,Sweet,135,380,51300,Saturday,1,0,pre-Holi,2,0,0,27.1
2024-03-23,Station Road,Ghewar,Sweet,3,500,1500,Saturday,1,0,pre-Holi,2,0,0,27.1
2024-03-23,Station Road,Gajak,Sweet,22,320,7040,Saturday,1,0,pre-Holi,2,0,0,27.1
2024-03-23,Station Road,Soan Papdi,Sweet,87,300,26100,Saturday,1,0,pre-Holi,2,0,0,27.1
2024-03-23,Station Road,Bikaneri Bhujia,Namkeen,282,360,101520,Saturday,1,0,pre-Holi,2,0,0,27.1
2024-03-23,Station Road,Aloo Bhujia,Namkeen,116,300,34800,Saturday,1,0,pre-Holi,2,0,0,27.1
2024-03-24,Station Road,Rasgulla,Sweet,189,280,52920,Sunday,1,0,pre-Holi,1,0,0,23.8
2024-03-24,Station Road,Gulab Jamun,Sweet,249,300,74700,Sunday,1,0,pre-Holi,1,0,0,23.8
2024-03-24,Station Road,Kaju Katli,Sweet,163,900,146700,Sunday,1,0,pre-Holi,1,0,0,23.8
2024-03-24,Station Road,Besan Barfi,Sweet,153,420,64260,Sunday,1,0,pre-Holi,1,0,0,23.8
2024-03-24,Station Road,Motichoor Laddu,Sweet,146,380,55480,Sunday,1,0,pre-Holi,1,0,0,23.8
2024-03-24,Station Road,Ghewar,Sweet,6,500,3000,Sunday,1,0,pre-Holi,1,0,0,23.8
2024-03-24,Station Road,Gajak,Sweet,38,320,12160,Sunday,1,0,pre-Holi,1,0,0,23.8
2024-03-24,Station Road,Soan Papdi,Sweet,105,300,31500,Sunday,1,0,pre-Holi,1,0,0,23.8
2024-03-24,Station Road,Bikaneri Bhujia,Namkeen,369,360,132840,Sunday,1,0,pre-Holi,1,0,0,23.8
2024-03-24,Station Road,Aloo Bhujia,Namkeen,122,300,36600,Sunday,1,0,pre-Holi,1,0,0,23.8
2024-03-25,Station Road,Rasgulla,Sweet,243,280,68040,Monday,0,1,Holi,0,0,0,26.5
2024-03-25,Station Road,Gulab Jamun,Sweet,323,300,96900,Monday,0,1,Holi,0,0,0,26.5
2024-03-25,Station Road,Kaju Katli,Sweet,185,900,166500,Monday,0,1,Holi,0,0,0,26.5
2024-03-25,Station Road,Besan Barfi,Sweet,203,420,85260,Monday,0,1,Holi,0,0,0,26.5
2024-03-25,Station Road,Motichoor Laddu,Sweet,220,380,83600,Monday,0,1,Holi,0,0,0,26.5
2024-03-25,Station Road,Ghewar,Sweet,3,500,1500,Monday,0,1,Holi,0,0,0,26.5
2024-03-25,Station Road,Gajak,Sweet,33,320,10560,Monday,0,1,Holi,0,0,0,26.5
2024-03-25,Station Road,Soan Papdi,Sweet,169,270,45630,Monday,0,1,Holi,0,0,1,26.5
2024-03-25,Station Road,Bikaneri Bhujia,Namkeen,405,360,145800,Monday,0,1,Holi,0,0,0,26.5
2024-03-25,Station Road,Aloo Bhujia,Namkeen,166,300,49800,Monday,0,1,Holi,0,0,0,26.5
2024-03-26,Station Road,Rasgulla,Sweet,43,280,12040,Tuesday,0,0,None,60,0,0,26.5
2024-03-26,Station Road,Gulab Jamun,Sweet,60,300,18000,Tuesday,0,0,None,60,0,0,26.5
2024-03-26,Station Road,Kaju Katli,Sweet,19,900,17100,Tuesday,0,0,None,60,0,0,26.5
2024-03-26,Station Road,Besan Barfi,Sweet,30,420,12600,Tuesday,0,0,None,60,0,0,26.5
2024-03-26,Station Road,Motichoor Laddu,Sweet,28,380,10640,Tuesday,0,0,None,60,0,0,26.5
2024-03-26,Station Road,Ghewar,Sweet,0,500,0,Tuesday,0,0,None,60,0,0,26.5
2024-03-26,Station Road,Gajak,Sweet,8,320,2560,Tuesday,0,0,None,60,0,0,26.5
2024-03-26,Station Road,Soan Papdi,Sweet,12,300,3600,Tuesday,0,0,None,60,0,0,26.5
2024-03-26,Station Road,Bikaneri Bhujia,Namkeen,64,360,23040,Tuesday,0,0,None,60,0,0,26.5
2024-03-26,Station Road,Aloo Bhujia,Namkeen,35,300,10500,Tuesday,0,0,None,60,0,0,26.5
2024-03-27,Station Road,Rasgulla,Sweet,50,280,14000,Wednesday,0,0,None,60,0,0,24.4
2024-03-27,Station Road,Gulab Jamun,Sweet,56,300,16800,Wednesday,0,0,None,60,0,0,24.4
2024-03-27,Station Road,Kaju Katli,Sweet,31,900,27900,Wednesday,0,0,None,60,0,0,24.4
2024-03-27,Station Road,Besan Barfi,Sweet,35,420,14700,Wednesday,0,0,None,60,0,0,24.4
2024-03-27,Station Road,Motichoor Laddu,Sweet,29,380,11020,Wednesday,0,0,None,60,0,0,24.4
2024-03-27,Station Road,Ghewar,Sweet,1,500,500,Wednesday,0,0,None,60,0,0,24.4
2024-03-27,Station Road,Gajak,Sweet,9,320,2880,Wednesday,0,0,None,60,0,0,24.4
2024-03-27,Station Road,Soan Papdi,Sweet,19,300,5700,Wednesday,0,0,None,60,0,0,24.4
2024-03-27,Station Road,Bikaneri Bhujia,Namkeen,109,360,39240,Wednesday,0,0,None,60,0,0,24.4
2024-03-27,Station Road,Aloo Bhujia,Namkeen,46,300,13800,Wednesday,0,0,None,60,0,0,24.4
2024-03-28,Station Road,Rasgulla,Sweet,55,280,15400,Thursday,0,0,None,60,0,0,24.1
2024-03-28,Station Road,Gulab Jamun,Sweet,56,300,16800,Thursday,0,0,None,60,0,0,24.1
2024-03-28,Station Road,Kaju Katli,Sweet,28,900,25200,Thursday,0,0,None,60,0,0,24.1
2024-03-28,Station Road,Besan Barfi,Sweet,23,420,9660,Thursday,0,0,None,60,0,0,24.1
2024-03-28,Station Road,Motichoor Laddu,Sweet,40,380,15200,Thursday,0,0,None,60,0,0,24.1
2024-03-28,Station Road,Ghewar,Sweet,1,500,500,Thursday,0,0,None,60,0,0,24.1
2024-03-28,Station Road,Gajak,Sweet,5,320,1600,Thursday,0,0,None,60,0,0,24.1
2024-03-28,Station Road,Soan Papdi,Sweet,18,300,5400,Thursday,0,0,None,60,0,0,24.1
2024-03-28,Station Road,Bikaneri Bhujia,Namkeen,80,360,28800,Thursday,0,0,None,60,0,0,24.1
2024-03-28,Station Road,Aloo Bhujia,Namkeen,41,300,12300,Thursday,0,0,None,60,0,0,24.1
2024-03-29,Station Road,Rasgulla,Sweet,67,280,18760,Friday,0,0,None,60,0,0,23.2
2024-03-29,Station Road,Gulab Jamun,Sweet,71,300,21300,Friday,0,0,None,60,0,0,23.2
2024-03-29,Station Road,Kaju Katli,Sweet,30,900,27000,Friday,0,0,None,60,0,0,23.2
2024-03-29,Station Road,Besan Barfi,Sweet,34,420,14280,Friday,0,0,None,60,0,0,23.2
2024-03-29,Station Road,Motichoor Laddu,Sweet,36,380,13680,Friday,0,0,None,60,0,0,23.2
2024-03-29,Station Road,Ghewar,Sweet,0,500,0,Friday,0,0,None,60,0,0,23.2
2024-03-29,Station Road,Gajak,Sweet,15,320,4800,Friday,0,0,None,60,0,0,23.2
2024-03-29,Station Road,Soan Papdi,Sweet,20,300,6000,Friday,0,0,None,60,0,0,23.2
2024-03-29,Station Road,Bikaneri Bhujia,Namkeen,101,360,36360,Friday,0,0,None,60,0,0,23.2
2024-03-29,Station Road,Aloo Bhujia,Namkeen,59,300,17700,Friday,0,0,None,60,0,0,23.2
2024-03-30,Station Road,Rasgulla,Sweet,59,280,16520,Saturday,1,0,None,60,0,0,22.7
2024-03-30,Station Road,Gulab Jamun,Sweet,73,300,21900,Saturday,1,0,None,60,0,0,22.7
2024-03-30,Station Road,Kaju Katli,Sweet,32,900,28800,Saturday,1,0,None,60,0,0,22.7
2024-03-30,Station Road,Besan Barfi,Sweet,43,420,18060,Saturday,1,0,None,60,0,0,22.7
2024-03-30,Station Road,Motichoor Laddu,Sweet,38,380,14440,Saturday,1,0,None,60,0,0,22.7
2024-03-30,Station Road,Ghewar,Sweet,1,500,500,Saturday,1,0,None,60,0,0,22.7
2024-03-30,Station Road,Gajak,Sweet,20,320,6400,Saturday,1,0,None,60,0,0,22.7
2024-03-30,Station Road,Soan Papdi,Sweet,25,300,7500,Saturday,1,0,None,60,0,0,22.7
2024-03-30,Station Road,Bikaneri Bhujia,Namkeen,122,360,43920,Saturday,1,0,None,60,0,0,22.7
2024-03-30,Station Road,Aloo Bhujia,Namkeen,62,300,18600,Saturday,1,0,None,60,0,0,22.7
2024-03-31,Station Road,Rasgulla,Sweet,58,280,16240,Sunday,1,0,None,60,0,0,26.9
2024-03-31,Station Road,Gulab Jamun,Sweet,69,300,20700,Sunday,1,0,None,60,0,0,26.9
2024-03-31,Station Road,Kaju Katli,Sweet,32,900,28800,Sunday,1,0,None,60,0,0,26.9
2024-03-31,Station Road,Besan Barfi,Sweet,58,420,24360,Sunday,1,0,None,60,0,0,26.9
2024-03-31,Station Road,Motichoor Laddu,Sweet,39,380,14820,Sunday,1,0,None,60,0,0,26.9
2024-03-31,Station Road,Ghewar,Sweet,2,500,1000,Sunday,1,0,None,60,0,0,26.9
2024-03-31,Station Road,Gajak,Sweet,8,320,2560,Sunday,1,0,None,60,0,0,26.9
2024-03-31,Station Road,Soan Papdi,Sweet,32,300,9600,Sunday,1,0,None,60,0,0,26.9
2024-03-31,Station Road,Bikaneri Bhujia,Namkeen,122,360,43920,Sunday,1,0,None,60,0,0,26.9
2024-03-31,Station Road,Aloo Bhujia,Namkeen,73,300,21900,Sunday,1,0,None,60,0,0,26.9
2024-04-01,Station Road,Rasgulla,Sweet,32,280,8960,Monday,0,0,None,60,1,0,33.2
2024-04-01,Station Road,Gulab Jamun,Sweet,61,300,18300,Monday,0,0,None,60,1,0,33.2
2024-04-01,Station Road,Kaju Katli,Sweet,32,900,28800,Monday,0,0,None,60,1,0,33.2
2024-04-01,Station Road,Besan Barfi,Sweet,47,420,19740,Monday,0,0,None,60,1,0,33.2
2024-04-01,Station Road,Motichoor Laddu,Sweet,38,380,14440,Monday,0,0,None,60,1,0,33.2
2024-04-01,Station Road,Ghewar,Sweet,2,500,1000,Monday,0,0,None,60,1,0,33.2
2024-04-01,Station Road,Gajak,Sweet,2,320,640,Monday,0,0,None,60,1,0,33.2
2024-04-01,Station Road,Soan Papdi,Sweet,35,300,10500,Monday,0,0,None,60,1,0,33.2
2024-04-01,Station Road,Bikaneri Bhujia,Namkeen,109,360,39240,Monday,0,0,None,60,1,0,33.2
2024-04-01,Station Road,Aloo Bhujia,Namkeen,47,300,14100,Monday,0,0,None,60,1,0,33.2
2024-04-02,Station Road,Rasgulla,Sweet,34,280,9520,Tuesday,0,0,None,60,1,0,33.1
2024-04-02,Station Road,Gulab Jamun,Sweet,44,300,13200,Tuesday,0,0,None,60,1,0,33.1
2024-04-02,Station Road,Kaju Katli,Sweet,39,900,35100,Tuesday,0,0,None,60,1,0,33.1
2024-04-02,Station Road,Besan Barfi,Sweet,41,420,17220,Tuesday,0,0,None,60,1,0,33.1
2024-04-02,Station Road,Motichoor Laddu,Sweet,31,380,11780,Tuesday,0,0,None,60,1,0,33.1
2024-04-02,Station Road,Ghewar,Sweet,0,500,0,Tuesday,0,0,None,60,1,0,33.1
2024-04-02,Station Road,Gajak,Sweet,2,320,640,Tuesday,0,0,None,60,1,0,33.1
2024-04-02,Station Road,Soan Papdi,Sweet,30,300,9000,Tuesday,0,0,None,60,1,0,33.1
2024-04-02,Station Road,Bikaneri Bhujia,Namkeen,86,360,30960,Tuesday,0,0,None,60,1,0,33.1
2024-04-02,Station Road,Aloo Bhujia,Namkeen,36,300,10800,Tuesday,0,0,None,60,1,0,33.1
2024-04-03,Station Road,Rasgulla,Sweet,52,252,13104,Wednesday,0,0,None,60,1,1,29.4
2024-04-03,Station Road,Gulab Jamun,Sweet,68,300,20400,Wednesday,0,0,None,60,1,0,29.4
2024-04-03,Station Road,Kaju Katli,Sweet,34,900,30600,Wednesday,0,0,None,60,1,0,29.4
2024-04-03,Station Road,Besan Barfi,Sweet,42,420,17640,Wednesday,0,0,None,60,1,0,29.4
2024-04-03,Station Road,Motichoor Laddu,Sweet,51,380,19380,Wednesday,0,0,None,60,1,0,29.4
2024-04-03,Station Road,Ghewar,Sweet,1,500,500,Wednesday,0,0,None,60,1,0,29.4
2024-04-03,Station Road,Gajak,Sweet,1,320,320,Wednesday,0,0,None,60,1,0,29.4
2024-04-03,Station Road,Soan Papdi,Sweet,17,300,5100,Wednesday,0,0,None,60,1,0,29.4
2024-04-03,Station Road,Bikaneri Bhujia,Namkeen,105,360,37800,Wednesday,0,0,None,60,1,0,29.4
2024-04-03,Station Road,Aloo Bhujia,Namkeen,42,300,12600,Wednesday,0,0,None,60,1,0,29.4
2024-04-04,Station Road,Rasgulla,Sweet,45,280,12600,Thursday,0,0,None,60,1,0,32.5
2024-04-04,Station Road,Gulab Jamun,Sweet,70,300,21000,Thursday,0,0,None,60,1,0,32.5
2024-04-04,Station Road,Kaju Katli,Sweet,40,900,36000,Thursday,0,0,None,60,1,0,32.5
2024-04-04,Station Road,Besan Barfi,Sweet,54,420,22680,Thursday,0,0,None,60,1,0,32.5
2024-04-04,Station Road,Motichoor Laddu,Sweet,30,380,11400,Thursday,0,0,None,60,1,0,32.5
2024-04-04,Station Road,Ghewar,Sweet,2,450,900,Thursday,0,0,None,60,1,1,32.5
2024-04-04,Station Road,Gajak,Sweet,1,320,320,Thursday,0,0,None,60,1,0,32.5
2024-04-04,Station Road,Soan Papdi,Sweet,26,300,7800,Thursday,0,0,None,60,1,0,32.5
2024-04-04,Station Road,Bikaneri Bhujia,Namkeen,110,360,39600,Thursday,0,0,None,60,1,0,32.5
2024-04-04,Station Road,Aloo Bhujia,Namkeen,44,300,13200,Thursday,0,0,None,60,1,0,32.5
2024-04-05,Station Road,Rasgulla,Sweet,61,280,17080,Friday,0,0,pre-Gangaur,60,1,0,35.6
2024-04-05,Station Road,Gulab Jamun,Sweet,69,300,20700,Friday,0,0,pre-Gangaur,60,1,0,35.6
2024-04-05,Station Road,Kaju Katli,Sweet,48,900,43200,Friday,0,0,pre-Gangaur,60,1,0,35.6
2024-04-05,Station Road,Besan Barfi,Sweet,59,420,24780,Friday,0,0,pre-Gangaur,60,1,0,35.6
2024-04-05,Station Road,Motichoor Laddu,Sweet,62,380,23560,Friday,0,0,pre-Gangaur,60,1,0,35.6
2024-04-05,Station Road,Ghewar,Sweet,5,500,2500,Friday,0,0,pre-Gangaur,60,1,0,35.6
2024-04-05,Station Road,Gajak,Sweet,1,320,320,Friday,0,0,pre-Gangaur,60,1,0,35.6
2024-04-05,Station Road,Soan Papdi,Sweet,33,300,9900,Friday,0,0,pre-Gangaur,60,1,0,35.6
2024-04-05,Station Road,Bikaneri Bhujia,Namkeen,107,360,38520,Friday,0,0,pre-Gangaur,60,1,0,35.6
2024-04-05,Station Road,Aloo Bhujia,Namkeen,61,300,18300,Friday,0,0,pre-Gangaur,60,1,0,35.6
2024-04-06,Station Road,Rasgulla,Sweet,67,280,18760,Saturday,1,0,pre-Gangaur,60,1,0,35.7
2024-04-06,Station Road,Gulab Jamun,Sweet,109,300,32700,Saturday,1,0,pre-Gangaur,60,1,0,35.7
2024-04-06,Station Road,Kaju Katli,Sweet,80,900,72000,Saturday,1,0,pre-Gangaur,60,1,0,35.7
2024-04-06,Station Road,Besan Barfi,Sweet,82,420,34440,Saturday,1,0,pre-Gangaur,60,1,0,35.7
2024-04-06,Station Road,Motichoor Laddu,Sweet,78,380,29640,Saturday,1,0,pre-Gangaur,60,1,0,35.7
2024-04-06,Station Road,Ghewar,Sweet,1,500,500,Saturday,1,0,pre-Gangaur,60,1,0,35.7
2024-04-06,Station Road,Gajak,Sweet,2,320,640,Saturday,1,0,pre-Gangaur,60,1,0,35.7
2024-04-06,Station Road,Soan Papdi,Sweet,47,300,14100,Saturday,1,0,pre-Gangaur,60,1,0,35.7
2024-04-06,Station Road,Bikaneri Bhujia,Namkeen,188,360,67680,Saturday,1,0,pre-Gangaur,60,1,0,35.7
2024-04-06,Station Road,Aloo Bhujia,Namkeen,80,300,24000,Saturday,1,0,pre-Gangaur,60,1,0,35.7
2024-04-07,Station Road,Rasgulla,Sweet,82,280,22960,Sunday,1,0,pre-Gangaur,60,1,0,30.2
2024-04-07,Station Road,Gulab Jamun,Sweet,162,300,48600,Sunday,1,0,pre-Gangaur,60,1,0,30.2
2024-04-07,Station Road,Kaju Katli,Sweet,111,900,99900,Sunday,1,0,pre-Gangaur,60,1,0,30.2
2024-04-07,Station Road,Besan Barfi,Sweet,115,420,48300,Sunday,1,0,pre-Gangaur,60,1,0,30.2
2024-04-07,Station Road,Motichoor Laddu,Sweet,104,380,39520,Sunday,1,0,pre-Gangaur,60,1,0,30.2
2024-04-07,Station Road,Ghewar,Sweet,3,500,1500,Sunday,1,0,pre-Gangaur,60,1,0,30.2
2024-04-07,Station Road,Gajak,Sweet,3,320,960,Sunday,1,0,pre-Gangaur,60,1,0,30.2
2024-04-07,Station Road,Soan Papdi,Sweet,59,300,17700,Sunday,1,0,pre-Gangaur,60,1,0,30.2
2024-04-07,Station Road,Bikaneri Bhujia,Namkeen,248,360,89280,Sunday,1,0,pre-Gangaur,60,1,0,30.2
2024-04-07,Station Road,Aloo Bhujia,Namkeen,100,300,30000,Sunday,1,0,pre-Gangaur,60,1,0,30.2
2024-04-08,Station Road,Rasgulla,Sweet,70,280,19600,Monday,0,0,pre-Gangaur,60,1,0,31.9
2024-04-08,Station Road,Gulab Jamun,Sweet,94,300,28200,Monday,0,0,pre-Gangaur,60,1,0,31.9
2024-04-08,Station Road,Kaju Katli,Sweet,75,900,67500,Monday,0,0,pre-Gangaur,60,1,0,31.9
2024-04-08,Station Road,Besan Barfi,Sweet,85,420,35700,Monday,0,0,pre-Gangaur,60,1,0,31.9
2024-04-08,Station Road,Motichoor Laddu,Sweet,77,380,29260,Monday,0,0,pre-Gangaur,60,1,0,31.9
2024-04-08,Station Road,Ghewar,Sweet,1,500,500,Monday,0,0,pre-Gangaur,60,1,0,31.9
2024-04-08,Station Road,Gajak,Sweet,2,320,640,Monday,0,0,pre-Gangaur,60,1,0,31.9
2024-04-08,Station Road,Soan Papdi,Sweet,58,300,17400,Monday,0,0,pre-Gangaur,60,1,0,31.9
2024-04-08,Station Road,Bikaneri Bhujia,Namkeen,192,360,69120,Monday,0,0,pre-Gangaur,60,1,0,31.9
2024-04-08,Station Road,Aloo Bhujia,Namkeen,87,300,26100,Monday,0,0,pre-Gangaur,60,1,0,31.9
2024-04-09,Station Road,Rasgulla,Sweet,87,280,24360,Tuesday,0,0,pre-Gangaur,60,1,0,36.9
2024-04-09,Station Road,Gulab Jamun,Sweet,131,300,39300,Tuesday,0,0,pre-Gangaur,60,1,0,36.9
2024-04-09,Station Road,Kaju Katli,Sweet,84,900,75600,Tuesday,0,0,pre-Gangaur,60,1,0,36.9
2024-04-09,Station Road,Besan Barfi,Sweet,97,420,40740,Tuesday,0,0,pre-Gangaur,60,1,0,36.9
2024-04-09,Station Road,Motichoor Laddu,Sweet,89,380,33820,Tuesday,0,0,pre-Gangaur,60,1,0,36.9
2024-04-09,Station Road,Ghewar,Sweet,2,500,1000,Tuesday,0,0,pre-Gangaur,60,1,0,36.9
2024-04-09,Station Road,Gajak,Sweet,4,320,1280,Tuesday,0,0,pre-Gangaur,60,1,0,36.9
2024-04-09,Station Road,Soan Papdi,Sweet,58,270,15660,Tuesday,0,0,pre-Gangaur,60,1,1,36.9
2024-04-09,Station Road,Bikaneri Bhujia,Namkeen,183,360,65880,Tuesday,0,0,pre-Gangaur,60,1,0,36.9
2024-04-09,Station Road,Aloo Bhujia,Namkeen,78,300,23400,Tuesday,0,0,pre-Gangaur,60,1,0,36.9
2024-04-10,Station Road,Rasgulla,Sweet,116,252,29232,Wednesday,0,0,pre-Gangaur,60,1,1,33.9
2024-04-10,Station Road,Gulab Jamun,Sweet,154,270,41580,Wednesday,0,0,pre-Gangaur,60,1,1,33.9
2024-04-10,Station Road,Kaju Katli,Sweet,92,900,82800,Wednesday,0,0,pre-Gangaur,60,1,0,33.9
2024-04-10,Station Road,Besan Barfi,Sweet,100,420,42000,Wednesday,0,0,pre-Gangaur,60,1,0,33.9
2024-04-10,Station Road,Motichoor Laddu,Sweet,103,380,39140,Wednesday,0,0,pre-Gangaur,60,1,0,33.9
2024-04-10,Station Road,Ghewar,Sweet,4,500,2000,Wednesday,0,0,pre-Gangaur,60,1,0,33.9
2024-04-10,Station Road,Gajak,Sweet,2,320,640,Wednesday,0,0,pre-Gangaur,60,1,0,33.9
2024-04-10,Station Road,Soan Papdi,Sweet,78,300,23400,Wednesday,0,0,pre-Gangaur,60,1,0,33.9
2024-04-10,Station Road,Bikaneri Bhujia,Namkeen,238,360,85680,Wednesday,0,0,pre-Gangaur,60,1,0,33.9
2024-04-10,Station Road,Aloo Bhujia,Namkeen,102,300,30600,Wednesday,0,0,pre-Gangaur,60,1,0,33.9
2024-04-11,Station Road,Rasgulla,Sweet,167,280,46760,Thursday,0,1,Gangaur,60,1,0,34.9
2024-04-11,Station Road,Gulab Jamun,Sweet,272,300,81600,Thursday,0,1,Gangaur,60,1,0,34.9
2024-04-11,Station Road,Kaju Katli,Sweet,206,900,185400,Thursday,0,1,Gangaur,60,1,0,34.9
2024-04-11,Station Road,Besan Barfi,Sweet,212,420,89040,Thursday,0,1,Gangaur,60,1,0,34.9
2024-04-11,Station Road,Motichoor Laddu,Sweet,204,380,77520,Thursday,0,1,Gangaur,60,1,0,34.9
2024-04-11,Station Road,Ghewar,Sweet,6,500,3000,Thursday,0,1,Gangaur,60,1,0,34.9
2024-04-11,Station Road,Gajak,Sweet,5,320,1600,Thursday,0,1,Gangaur,60,1,0,34.9
2024-04-11,Station Road,Soan Papdi,Sweet,106,300,31800,Thursday,0,1,Gangaur,60,1,0,34.9
2024-04-11,Station Road,Bikaneri Bhujia,Namkeen,418,360,150480,Thursday,0,1,Gangaur,60,1,0,34.9
2024-04-11,Station Road,Aloo Bhujia,Namkeen,146,300,43800,Thursday,0,1,Gangaur,60,1,0,34.9
2024-04-12,Station Road,Rasgulla,Sweet,53,280,14840,Friday,0,0,None,60,1,0,32.6
2024-04-12,Station Road,Gulab Jamun,Sweet,52,300,15600,Friday,0,0,None,60,1,0,32.6
2024-04-12,Station Road,Kaju Katli,Sweet,40,900,36000,Friday,0,0,None,60,1,0,32.6
2024-04-12,Station Road,Besan Barfi,Sweet,35,420,14700,Friday,0,0,None,60,1,0,32.6
2024-04-12,Station Road,Motichoor Laddu,Sweet,49,380,18620,Friday,0,0,None,60,1,0,32.6
2024-04-12,Station Road,Ghewar,Sweet,1,500,500,Friday,0,0,None,60,1,0,32.6
2024-04-12,Station Road,Gajak,Sweet,0,320,0,Friday,0,0,None,60,1,0,32.6
2024-04-12,Station Road,Soan Papdi,Sweet,31,300,9300,Friday,0,0,None,60,1,0,32.6
2024-04-12,Station Road,Bikaneri Bhujia,Namkeen,168,324,54432,Friday,0,0,None,60,1,1,32.6
2024-04-12,Station Road,Aloo Bhujia,Namkeen,47,300,14100,Friday,0,0,None,60,1,0,32.6
2024-04-13,Station Road,Rasgulla,Sweet,63,280,17640,Saturday,1,0,None,60,1,0,33.2
2024-04-13,Station Road,Gulab Jamun,Sweet,74,300,22200,Saturday,1,0,None,60,1,0,33.2
2024-04-13,Station Road,Kaju Katli,Sweet,54,900,48600,Saturday,1,0,None,60,1,0,33.2
2024-04-13,Station Road,Besan Barfi,Sweet,73,420,30660,Saturday,1,0,None,60,1,0,33.2
2024-04-13,Station Road,Motichoor Laddu,Sweet,63,380,23940,Saturday,1,0,None,60,1,0,33.2
2024-04-13,Station Road,Ghewar,Sweet,4,500,2000,Saturday,1,0,None,60,1,0,33.2
2024-04-13,Station Road,Gajak,Sweet,3,320,960,Saturday,1,0,None,60,1,0,33.2
2024-04-13,Station Road,Soan Papdi,Sweet,27,300,8100,Saturday,1,0,None,60,1,0,33.2
2024-04-13,Station Road,Bikaneri Bhujia,Namkeen,141,360,50760,Saturday,1,0,None,60,1,0,33.2
2024-04-13,Station Road,Aloo Bhujia,Namkeen,68,300,20400,Saturday,1,0,None,60,1,0,33.2
2024-04-14,Station Road,Rasgulla,Sweet,54,280,15120,Sunday,1,0,None,60,1,0,37.9
2024-04-14,Station Road,Gulab Jamun,Sweet,97,300,29100,Sunday,1,0,None,60,1,0,37.9
2024-04-14,Station Road,Kaju Katli,Sweet,53,900,47700,Sunday,1,0,None,60,1,0,37.9
2024-04-14,Station Road,Besan Barfi,Sweet,70,420,29400,Sunday,1,0,None,60,1,0,37.9
2024-04-14,Station Road,Motichoor Laddu,Sweet,46,380,17480,Sunday,1,0,None,60,1,0,37.9
2024-04-14,Station Road,Ghewar,Sweet,5,500,2500,Sunday,1,0,None,60,1,0,37.9
2024-04-14,Station Road,Gajak,Sweet,4,320,1280,Sunday,1,0,None,60,1,0,37.9
2024-04-14,Station Road,Soan Papdi,Sweet,30,300,9000,Sunday,1,0,None,60,1,0,37.9
2024-04-14,Station Road,Bikaneri Bhujia,Namkeen,178,360,64080,Sunday,1,0,None,60,1,0,37.9
2024-04-14,Station Road,Aloo Bhujia,Namkeen,71,300,21300,Sunday,1,0,None,60,1,0,37.9
2024-04-15,Station Road,Rasgulla,Sweet,44,280,12320,Monday,0,0,None,60,1,0,33.3
2024-04-15,Station Road,Gulab Jamun,Sweet,66,300,19800,Monday,0,0,None,60,1,0,33.3
2024-04-15,Station Road,Kaju Katli,Sweet,27,900,24300,Monday,0,0,None,60,1,0,33.3
2024-04-15,Station Road,Besan Barfi,Sweet,48,420,20160,Monday,0,0,None,60,1,0,33.3
2024-04-15,Station Road,Motichoor Laddu,Sweet,26,380,9880,Monday,0,0,None,60,1,0,33.3
2024-04-15,Station Road,Ghewar,Sweet,0,500,0,Monday,0,0,None,60,1,0,33.3
2024-04-15,Station Road,Gajak,Sweet,2,320,640,Monday,0,0,None,60,1,0,33.3
2024-04-15,Station Road,Soan Papdi,Sweet,27,300,8100,Monday,0,0,None,60,1,0,33.3
2024-04-15,Station Road,Bikaneri Bhujia,Namkeen,118,360,42480,Monday,0,0,None,60,1,0,33.3
2024-04-15,Station Road,Aloo Bhujia,Namkeen,46,300,13800,Monday,0,0,None,60,1,0,33.3
2024-04-16,Station Road,Rasgulla,Sweet,39,280,10920,Tuesday,0,0,None,60,1,0,33.7
2024-04-16,Station Road,Gulab Jamun,Sweet,53,300,15900,Tuesday,0,0,None,60,1,0,33.7
2024-04-16,Station Road,Kaju Katli,Sweet,22,900,19800,Tuesday,0,0,None,60,1,0,33.7
2024-04-16,Station Road,Besan Barfi,Sweet,43,420,18060,Tuesday,0,0,None,60,1,0,33.7
2024-04-16,Station Road,Motichoor Laddu,Sweet,53,342,18126,Tuesday,0,0,None,60,1,1,33.7
2024-04-16,Station Road,Ghewar,Sweet,1,500,500,Tuesday,0,0,None,60,1,0,33.7
2024-04-16,Station Road,Gajak,Sweet,0,288,0,Tuesday,0,0,None,60,1,1,33.7
2024-04-16,Station Road,Soan Papdi,Sweet,17,300,5100,Tuesday,0,0,None,60,1,0,33.7
2024-04-16,Station Road,Bikaneri Bhujia,Namkeen,100,360,36000,Tuesday,0,0,None,60,1,0,33.7
2024-04-16,Station Road,Aloo Bhujia,Namkeen,48,300,14400,Tuesday,0,0,None,60,1,0,33.7
2024-04-17,Station Road,Rasgulla,Sweet,38,280,10640,Wednesday,0,0,None,60,1,0,31.1
2024-04-17,Station Road,Gulab Jamun,Sweet,47,300,14100,Wednesday,0,0,None,60,1,0,31.1
2024-04-17,Station Road,Kaju Katli,Sweet,35,900,31500,Wednesday,0,0,None,60,1,0,31.1
2024-04-17,Station Road,Besan Barfi,Sweet,51,420,21420,Wednesday,0,0,None,60,1,0,31.1
2024-04-17,Station Road,Motichoor Laddu,Sweet,50,342,17100,Wednesday,0,0,None,60,1,1,31.1
2024-04-17,Station Road,Ghewar,Sweet,1,500,500,Wednesday,0,0,None,60,1,0,31.1
2024-04-17,Station Road,Gajak,Sweet,3,320,960,Wednesday,0,0,None,60,1,0,31.1
2024-04-17,Station Road,Soan Papdi,Sweet,19,300,5700,Wednesday,0,0,None,60,1,0,31.1
2024-04-17,Station Road,Bikaneri Bhujia,Namkeen,128,360,46080,Wednesday,0,0,None,60,1,0,31.1
2024-04-17,Station Road,Aloo Bhujia,Namkeen,42,300,12600,Wednesday,0,0,None,60,1,0,31.1
2024-04-18,Station Road,Rasgulla,Sweet,37,280,10360,Thursday,0,0,None,60,1,0,30.7
2024-04-18,Station Road,Gulab Jamun,Sweet,56,300,16800,Thursday,0,0,None,60,1,0,30.7
2024-04-18,Station Road,Kaju Katli,Sweet,42,900,37800,Thursday,0,0,None,60,1,0,30.7
2024-04-18,Station Road,Besan Barfi,Sweet,50,420,21000,Thursday,0,0,None,60,1,0,30.7
2024-04-18,Station Road,Motichoor Laddu,Sweet,53,380,20140,Thursday,0,0,None,60,1,0,30.7
2024-04-18,Station Road,Ghewar,Sweet,1,500,500,Thursday,0,0,None,60,1,0,30.7
2024-04-18,Station Road,Gajak,Sweet,1,320,320,Thursday,0,0,None,60,1,0,30.7
2024-04-18,Station Road,Soan Papdi,Sweet,30,300,9000,Thursday,0,0,None,60,1,0,30.7
2024-04-18,Station Road,Bikaneri Bhujia,Namkeen,125,360,45000,Thursday,0,0,None,60,1,0,30.7
2024-04-18,Station Road,Aloo Bhujia,Namkeen,42,300,12600,Thursday,0,0,None,60,1,0,30.7
2024-04-19,Station Road,Rasgulla,Sweet,35,280,9800,Friday,0,0,None,60,1,0,29.8
2024-04-19,Station Road,Gulab Jamun,Sweet,68,300,20400,Friday,0,0,None,60,1,0,29.8
2024-04-19,Station Road,Kaju Katli,Sweet,29,900,26100,Friday,0,0,None,60,1,0,29.8
2024-04-19,Station Road,Besan Barfi,Sweet,57,420,23940,Friday,0,0,None,60,1,0,29.8
2024-04-19,Station Road,Motichoor Laddu,Sweet,43,380,16340,Friday,0,0,None,60,1,0,29.8
2024-04-19,Station Road,Ghewar,Sweet,3,500,1500,Friday,0,0,None,60,1,0,29.8
2024-04-19,Station Road,Gajak,Sweet,1,320,320,Friday,0,0,None,60,1,0,29.8
2024-04-19,Station Road,Soan Papdi,Sweet,21,300,6300,Friday,0,0,None,60,1,0,29.8
2024-04-19,Station Road,Bikaneri Bhujia,Namkeen,137,360,49320,Friday,0,0,None,60,1,0,29.8
2024-04-19,Station Road,Aloo Bhujia,Namkeen,45,300,13500,Friday,0,0,None,60,1,0,29.8
2024-04-20,Station Road,Rasgulla,Sweet,41,280,11480,Saturday,1,0,None,60,1,0,35.5
2024-04-20,Station Road,Gulab Jamun,Sweet,87,300,26100,Saturday,1,0,None,60,1,0,35.5
2024-04-20,Station Road,Kaju Katli,Sweet,39,900,35100,Saturday,1,0,None,60,1,0,35.5
2024-04-20,Station Road,Besan Barfi,Sweet,61,420,25620,Saturday,1,0,None,60,1,0,35.5
2024-04-20,Station Road,Motichoor Laddu,Sweet,54,380,20520,Saturday,1,0,None,60,1,0,35.5
2024-04-20,Station Road,Ghewar,Sweet,4,500,2000,Saturday,1,0,None,60,1,0,35.5
2024-04-20,Station Road,Gajak,Sweet,2,320,640,Saturday,1,0,None,60,1,0,35.5
2024-04-20,Station Road,Soan Papdi,Sweet,39,300,11700,Saturday,1,0,None,60,1,0,35.5
2024-04-20,Station Road,Bikaneri Bhujia,Namkeen,163,360,58680,Saturday,1,0,None,60,1,0,35.5
2024-04-20,Station Road,Aloo Bhujia,Namkeen,59,300,17700,Saturday,1,0,None,60,1,0,35.5
2024-04-21,Station Road,Rasgulla,Sweet,70,280,19600,Sunday,1,0,None,60,1,0,34.6
2024-04-21,Station Road,Gulab Jamun,Sweet,78,300,23400,Sunday,1,0,None,60,1,0,34.6
2024-04-21,Station Road,Kaju Katli,Sweet,53,900,47700,Sunday,1,0,None,60,1,0,34.6
2024-04-21,Station Road,Besan Barfi,Sweet,87,420,36540,Sunday,1,0,None,60,1,0,34.6
2024-04-21,Station Road,Motichoor Laddu,Sweet,62,380,23560,Sunday,1,0,None,60,1,0,34.6
2024-04-21,Station Road,Ghewar,Sweet,1,500,500,Sunday,1,0,None,60,1,0,34.6
2024-04-21,Station Road,Gajak,Sweet,2,320,640,Sunday,1,0,None,60,1,0,34.6
2024-04-21,Station Road,Soan Papdi,Sweet,46,300,13800,Sunday,1,0,None,60,1,0,34.6
2024-04-21,Station Road,Bikaneri Bhujia,Namkeen,152,360,54720,Sunday,1,0,None,60,1,0,34.6
2024-04-21,Station Road,Aloo Bhujia,Namkeen,79,300,23700,Sunday,1,0,None,60,1,0,34.6
2024-04-22,Station Road,Rasgulla,Sweet,40,280,11200,Monday,0,0,None,60,1,0,34.0
2024-04-22,Station Road,Gulab Jamun,Sweet,55,300,16500,Monday,0,0,None,60,1,0,34.0
2024-04-22,Station Road,Kaju Katli,Sweet,24,900,21600,Monday,0,0,None,60,1,0,34.0
2024-04-22,Station Road,Besan Barfi,Sweet,37,420,15540,Monday,0,0,None,60,1,0,34.0
2024-04-22,Station Road,Motichoor Laddu,Sweet,42,380,15960,Monday,0,0,None,60,1,0,34.0
2024-04-22,Station Road,Ghewar,Sweet,3,500,1500,Monday,0,0,None,60,1,0,34.0
2024-04-22,Station Road,Gajak,Sweet,3,320,960,Monday,0,0,None,60,1,0,34.0
2024-04-22,Station Road,Soan Papdi,Sweet,25,300,7500,Monday,0,0,None,60,1,0,34.0
2024-04-22,Station Road,Bikaneri Bhujia,Namkeen,127,324,41148,Monday,0,0,None,60,1,1,34.0
2024-04-22,Station Road,Aloo Bhujia,Namkeen,47,300,14100,Monday,0,0,None,60,1,0,34.0
2024-04-23,Station Road,Rasgulla,Sweet,31,280,8680,Tuesday,0,0,None,60,1,0,35.3
2024-04-23,Station Road,Gulab Jamun,Sweet,57,300,17100,Tuesday,0,0,None,60,1,0,35.3
2024-04-23,Station Road,Kaju Katli,Sweet,28,900,25200,Tuesday,0,0,None,60,1,0,35.3
2024-04-23,Station Road,Besan Barfi,Sweet,40,420,16800,Tuesday,0,0,None,60,1,0,35.3
2024-04-23,Station Road,Motichoor Laddu,Sweet,41,380,15580,Tuesday,0,0,None,60,1,0,35.3
2024-04-23,Station Road,Ghewar,Sweet,0,500,0,Tuesday,0,0,None,60,1,0,35.3
2024-04-23,Station Road,Gajak,Sweet,2,320,640,Tuesday,0,0,None,60,1,0,35.3
2024-04-23,Station Road,Soan Papdi,Sweet,23,300,6900,Tuesday,0,0,None,60,1,0,35.3
2024-04-23,Station Road,Bikaneri Bhujia,Namkeen,111,360,39960,Tuesday,0,0,None,60,1,0,35.3
2024-04-23,Station Road,Aloo Bhujia,Namkeen,40,300,12000,Tuesday,0,0,None,60,1,0,35.3
2024-04-24,Station Road,Rasgulla,Sweet,63,280,17640,Wednesday,0,0,None,60,1,0,34.8
2024-04-24,Station Road,Gulab Jamun,Sweet,49,300,14700,Wednesday,0,0,None,60,1,0,34.8
2024-04-24,Station Road,Kaju Katli,Sweet,33,900,29700,Wednesday,0,0,None,60,1,0,34.8
2024-04-24,Station Road,Besan Barfi,Sweet,36,420,15120,Wednesday,0,0,None,60,1,0,34.8
2024-04-24,Station Road,Motichoor Laddu,Sweet,38,380,14440,Wednesday,0,0,None,60,1,0,34.8
2024-04-24,Station Road,Ghewar,Sweet,0,500,0,Wednesday,0,0,None,60,1,0,34.8
2024-04-24,Station Road,Gajak,Sweet,1,320,320,Wednesday,0,0,None,60,1,0,34.8
2024-04-24,Station Road,Soan Papdi,Sweet,23,300,6900,Wednesday,0,0,None,60,1,0,34.8
2024-04-24,Station Road,Bikaneri Bhujia,Namkeen,133,360,47880,Wednesday,0,0,None,60,1,0,34.8
2024-04-24,Station Road,Aloo Bhujia,Namkeen,39,300,11700,Wednesday,0,0,None,60,1,0,34.8
2024-04-25,Station Road,Rasgulla,Sweet,47,280,13160,Thursday,0,0,None,60,1,0,32.8
2024-04-25,Station Road,Gulab Jamun,Sweet,81,300,24300,Thursday,0,0,None,60,1,0,32.8
2024-04-25,Station Road,Kaju Katli,Sweet,32,900,28800,Thursday,0,0,None,60,1,0,32.8
2024-04-25,Station Road,Besan Barfi,Sweet,44,420,18480,Thursday,0,0,None,60,1,0,32.8
2024-04-25,Station Road,Motichoor Laddu,Sweet,39,380,14820,Thursday,0,0,None,60,1,0,32.8
2024-04-25,Station Road,Ghewar,Sweet,1,500,500,Thursday,0,0,None,60,1,0,32.8
2024-04-25,Station Road,Gajak,Sweet,3,320,960,Thursday,0,0,None,60,1,0,32.8
2024-04-25,Station Road,Soan Papdi,Sweet,24,300,7200,Thursday,0,0,None,60,1,0,32.8
2024-04-25,Station Road,Bikaneri Bhujia,Namkeen,122,360,43920,Thursday,0,0,None,60,1,0,32.8
2024-04-25,Station Road,Aloo Bhujia,Namkeen,48,300,14400,Thursday,0,0,None,60,1,0,32.8
2024-04-26,Station Road,Rasgulla,Sweet,48,280,13440,Friday,0,0,None,60,1,0,33.2
2024-04-26,Station Road,Gulab Jamun,Sweet,83,300,24900,Friday,0,0,None,60,1,0,33.2
2024-04-26,Station Road,Kaju Katli,Sweet,32,900,28800,Friday,0,0,None,60,1,0,33.2
2024-04-26,Station Road,Besan Barfi,Sweet,60,420,25200,Friday,0,0,None,60,1,0,33.2
2024-04-26,Station Road,Motichoor Laddu,Sweet,41,380,15580,Friday,0,0,None,60,1,0,33.2
2024-04-26,Station Road,Ghewar,Sweet,2,500,1000,Friday,0,0,None,60,1,0,33.2
2024-04-26,Station Road,Gajak,Sweet,5,320,1600,Friday,0,0,None,60,1,0,33.2
2024-04-26,Station Road,Soan Papdi,Sweet,35,300,10500,Friday,0,0,None,60,1,0,33.2
2024-04-26,Station Road,Bikaneri Bhujia,Namkeen,140,360,50400,Friday,0,0,None,60,1,0,33.2
2024-04-26,Station Road,Aloo Bhujia,Namkeen,49,300,14700,Friday,0,0,None,60,1,0,33.2
2024-04-27,Station Road,Rasgulla,Sweet,67,280,18760,Saturday,1,0,None,60,1,0,32.2
2024-04-27,Station Road,Gulab Jamun,Sweet,86,300,25800,Saturday,1,0,None,60,1,0,32.2
2024-04-27,Station Road,Kaju Katli,Sweet,54,900,48600,Saturday,1,0,None,60,1,0,32.2
2024-04-27,Station Road,Besan Barfi,Sweet,53,420,22260,Saturday,1,0,None,60,1,0,32.2
2024-04-27,Station Road,Motichoor Laddu,Sweet,60,380,22800,Saturday,1,0,None,60,1,0,32.2
2024-04-27,Station Road,Ghewar,Sweet,0,500,0,Saturday,1,0,None,60,1,0,32.2
2024-04-27,Station Road,Gajak,Sweet,2,320,640,Saturday,1,0,None,60,1,0,32.2
2024-04-27,Station Road,Soan Papdi,Sweet,36,300,10800,Saturday,1,0,None,60,1,0,32.2
2024-04-27,Station Road,Bikaneri Bhujia,Namkeen,178,360,64080,Saturday,1,0,None,60,1,0,32.2
2024-04-27,Station Road,Aloo Bhujia,Namkeen,80,270,21600,Saturday,1,0,None,60,1,1,32.2
2024-04-28,Station Road,Rasgulla,Sweet,52,280,14560,Sunday,1,0,None,60,1,0,32.2
2024-04-28,Station Road,Gulab Jamun,Sweet,94,300,28200,Sunday,1,0,None,60,1,0,32.2
2024-04-28,Station Road,Kaju Katli,Sweet,37,900,33300,Sunday,1,0,None,60,1,0,32.2
2024-04-28,Station Road,Besan Barfi,Sweet,68,420,28560,Sunday,1,0,None,60,1,0,32.2
2024-04-28,Station Road,Motichoor Laddu,Sweet,55,380,20900,Sunday,1,0,None,60,1,0,32.2
2024-04-28,Station Road,Ghewar,Sweet,2,500,1000,Sunday,1,0,None,60,1,0,32.2
2024-04-28,Station Road,Gajak,Sweet,0,320,0,Sunday,1,0,None,60,1,0,32.2
2024-04-28,Station Road,Soan Papdi,Sweet,48,300,14400,Sunday,1,0,None,60,1,0,32.2
2024-04-28,Station Road,Bikaneri Bhujia,Namkeen,173,360,62280,Sunday,1,0,None,60,1,0,32.2
2024-04-28,Station Road,Aloo Bhujia,Namkeen,61,300,18300,Sunday,1,0,None,60,1,0,32.2
2024-04-29,Station Road,Rasgulla,Sweet,40,280,11200,Monday,0,0,None,60,1,0,30.7
2024-04-29,Station Road,Gulab Jamun,Sweet,62,300,18600,Monday,0,0,None,60,1,0,30.7
2024-04-29,Station Road,Kaju Katli,Sweet,31,900,27900,Monday,0,0,None,60,1,0,30.7
2024-04-29,Station Road,Besan Barfi,Sweet,41,420,17220,Monday,0,0,None,60,1,0,30.7
2024-04-29,Station Road,Motichoor Laddu,Sweet,41,380,15580,Monday,0,0,None,60,1,0,30.7
2024-04-29,Station Road,Ghewar,Sweet,1,500,500,Monday,0,0,None,60,1,0,30.7
2024-04-29,Station Road,Gajak,Sweet,2,320,640,Monday,0,0,None,60,1,0,30.7
2024-04-29,Station Road,Soan Papdi,Sweet,21,300,6300,Monday,0,0,None,60,1,0,30.7
2024-04-29,Station Road,Bikaneri Bhujia,Namkeen,118,360,42480,Monday,0,0,None,60,1,0,30.7
2024-04-29,Station Road,Aloo Bhujia,Namkeen,32,300,9600,Monday,0,0,None,60,1,0,30.7
2024-04-30,Station Road,Rasgulla,Sweet,44,280,12320,Tuesday,0,0,None,60,1,0,32.1
2024-04-30,Station Road,Gulab Jamun,Sweet,53,300,15900,Tuesday,0,0,None,60,1,0,32.1
2024-04-30,Station Road,Kaju Katli,Sweet,35,900,31500,Tuesday,0,0,None,60,1,0,32.1
2024-04-30,Station Road,Besan Barfi,Sweet,43,420,18060,Tuesday,0,0,None,60,1,0,32.1
2024-04-30,Station Road,Motichoor Laddu,Sweet,28,380,10640,Tuesday,0,0,None,60,1,0,32.1
2024-04-30,Station Road,Ghewar,Sweet,1,500,500,Tuesday,0,0,None,60,1,0,32.1
2024-04-30,Station Road,Gajak,Sweet,1,320,320,Tuesday,0,0,None,60,1,0,32.1
2024-04-30,Station Road,Soan Papdi,Sweet,28,270,7560,Tuesday,0,0,None,60,1,1,32.1
2024-04-30,Station Road,Bikaneri Bhujia,Namkeen,108,360,38880,Tuesday,0,0,None,60,1,0,32.1
2024-04-30,Station Road,Aloo Bhujia,Namkeen,52,300,15600,Tuesday,0,0,None,60,1,0,32.1
2024-05-01,Station Road,Rasgulla,Sweet,29,280,8120,Wednesday,0,0,None,60,1,0,36.9
2024-05-01,Station Road,Gulab Jamun,Sweet,54,300,16200,Wednesday,0,0,None,60,1,0,36.9
2024-05-01,Station Road,Kaju Katli,Sweet,28,900,25200,Wednesday,0,0,None,60,1,0,36.9
2024-05-01,Station Road,Besan Barfi,Sweet,36,420,15120,Wednesday,0,0,None,60,1,0,36.9
2024-05-01,Station Road,Motichoor Laddu,Sweet,53,380,20140,Wednesday,0,0,None,60,1,0,36.9
2024-05-01,Station Road,Ghewar,Sweet,2,500,1000,Wednesday,0,0,None,60,1,0,36.9
2024-05-01,Station Road,Gajak,Sweet,2,320,640,Wednesday,0,0,None,60,1,0,36.9
2024-05-01,Station Road,Soan Papdi,Sweet,19,300,5700,Wednesday,0,0,None,60,1,0,36.9
2024-05-01,Station Road,Bikaneri Bhujia,Namkeen,98,360,35280,Wednesday,0,0,None,60,1,0,36.9
2024-05-01,Station Road,Aloo Bhujia,Namkeen,55,300,16500,Wednesday,0,0,None,60,1,0,36.9
2024-05-02,Station Road,Rasgulla,Sweet,34,280,9520,Thursday,0,0,None,60,1,0,38.5
2024-05-02,Station Road,Gulab Jamun,Sweet,44,300,13200,Thursday,0,0,None,60,1,0,38.5
2024-05-02,Station Road,Kaju Katli,Sweet,40,900,36000,Thursday,0,0,None,60,1,0,38.5
2024-05-02,Station Road,Besan Barfi,Sweet,46,420,19320,Thursday,0,0,None,60,1,0,38.5
2024-05-02,Station Road,Motichoor Laddu,Sweet,42,380,15960,Thursday,0,0,None,60,1,0,38.5
2024-05-02,Station Road,Ghewar,Sweet,2,450,900,Thursday,0,0,None,60,1,1,38.5
2024-05-02,Station Road,Gajak,Sweet,1,320,320,Thursday,0,0,None,60,1,0,38.5
2024-05-02,Station Road,Soan Papdi,Sweet,17,300,5100,Thursday,0,0,None,60,1,0,38.5
2024-05-02,Station Road,Bikaneri Bhujia,Namkeen,124,360,44640,Thursday,0,0,None,60,1,0,38.5
2024-05-02,Station Road,Aloo Bhujia,Namkeen,48,300,14400,Thursday,0,0,None,60,1,0,38.5
2024-05-03,Station Road,Rasgulla,Sweet,48,280,13440,Friday,0,0,None,60,1,0,40.9
2024-05-03,Station Road,Gulab Jamun,Sweet,57,300,17100,Friday,0,0,None,60,1,0,40.9
2024-05-03,Station Road,Kaju Katli,Sweet,32,900,28800,Friday,0,0,None,60,1,0,40.9
2024-05-03,Station Road,Besan Barfi,Sweet,57,420,23940,Friday,0,0,None,60,1,0,40.9
2024-05-03,Station Road,Motichoor Laddu,Sweet,44,380,16720,Friday,0,0,None,60,1,0,40.9
2024-05-03,Station Road,Ghewar,Sweet,1,500,500,Friday,0,0,None,60,1,0,40.9
2024-05-03,Station Road,Gajak,Sweet,2,320,640,Friday,0,0,None,60,1,0,40.9
2024-05-03,Station Road,Soan Papdi,Sweet,24,300,7200,Friday,0,0,None,60,1,0,40.9
2024-05-03,Station Road,Bikaneri Bhujia,Namkeen,143,360,51480,Friday,0,0,None,60,1,0,40.9
2024-05-03,Station Road,Aloo Bhujia,Namkeen,57,300,17100,Friday,0,0,None,60,1,0,40.9
2024-05-04,Station Road,Rasgulla,Sweet,58,280,16240,Saturday,1,0,pre-Akshaya Tritiya,60,1,0,37.4
2024-05-04,Station Road,Gulab Jamun,Sweet,74,300,22200,Saturday,1,0,pre-Akshaya Tritiya,60,1,0,37.4
2024-05-04,Station Road,Kaju Katli,Sweet,75,900,67500,Saturday,1,0,pre-Akshaya Tritiya,60,1,0,37.4
2024-05-04,Station Road,Besan Barfi,Sweet,75,420,31500,Saturday,1,0,pre-Akshaya Tritiya,60,1,0,37.4
2024-05-04,Station Road,Motichoor Laddu,Sweet,62,380,23560,Saturday,1,0,pre-Akshaya Tritiya,60,1,0,37.4
2024-05-04,Station Road,Ghewar,Sweet,2,500,1000,Saturday,1,0,pre-Akshaya Tritiya,60,1,0,37.4
2024-05-04,Station Road,Gajak,Sweet,0,320,0,Saturday,1,0,pre-Akshaya Tritiya,60,1,0,37.4
2024-05-04,Station Road,Soan Papdi,Sweet,39,300,11700,Saturday,1,0,pre-Akshaya Tritiya,60,1,0,37.4
2024-05-04,Station Road,Bikaneri Bhujia,Namkeen,181,360,65160,Saturday,1,0,pre-Akshaya Tritiya,60,1,0,37.4
2024-05-04,Station Road,Aloo Bhujia,Namkeen,68,300,20400,Saturday,1,0,pre-Akshaya Tritiya,60,1,0,37.4
2024-05-05,Station Road,Rasgulla,Sweet,58,280,16240,Sunday,1,0,pre-Akshaya Tritiya,60,1,0,38.6
2024-05-05,Station Road,Gulab Jamun,Sweet,107,300,32100,Sunday,1,0,pre-Akshaya Tritiya,60,1,0,38.6
2024-05-05,Station Road,Kaju Katli,Sweet,88,900,79200,Sunday,1,0,pre-Akshaya Tritiya,60,1,0,38.6
2024-05-05,Station Road,Besan Barfi,Sweet,92,420,38640,Sunday,1,0,pre-Akshaya Tritiya,60,1,0,38.6
2024-05-05,Station Road,Motichoor Laddu,Sweet,106,380,40280,Sunday,1,0,pre-Akshaya Tritiya,60,1,0,38.6
2024-05-05,Station Road,Ghewar,Sweet,5,500,2500,Sunday,1,0,pre-Akshaya Tritiya,60,1,0,38.6
2024-05-05,Station Road,Gajak,Sweet,2,320,640,Sunday,1,0,pre-Akshaya Tritiya,60,1,0,38.6
2024-05-05,Station Road,Soan Papdi,Sweet,59,300,17700,Sunday,1,0,pre-Akshaya Tritiya,60,1,0,38.6
2024-05-05,Station Road,Bikaneri Bhujia,Namkeen,247,360,88920,Sunday,1,0,pre-Akshaya Tritiya,60,1,0,38.6
2024-05-05,Station Road,Aloo Bhujia,Namkeen,79,300,23700,Sunday,1,0,pre-Akshaya Tritiya,60,1,0,38.6
2024-05-06,Station Road,Rasgulla,Sweet,51,280,14280,Monday,0,0,pre-Akshaya Tritiya,60,1,0,35.4
2024-05-06,Station Road,Gulab Jamun,Sweet,82,300,24600,Monday,0,0,pre-Akshaya Tritiya,60,1,0,35.4
2024-05-06,Station Road,Kaju Katli,Sweet,71,900,63900,Monday,0,0,pre-Akshaya Tritiya,60,1,0,35.4
2024-05-06,Station Road,Besan Barfi,Sweet,79,420,33180,Monday,0,0,pre-Akshaya Tritiya,60,1,0,35.4
2024-05-06,Station Road,Motichoor Laddu,Sweet,79,380,30020,Monday,0,0,pre-Akshaya Tritiya,60,1,0,35.4
2024-05-06,Station Road,Ghewar,Sweet,1,500,500,Monday,0,0,pre-Akshaya Tritiya,60,1,0,35.4
2024-05-06,Station Road,Gajak,Sweet,3,320,960,Monday,0,0,pre-Akshaya Tritiya,60,1,0,35.4
2024-05-06,Station Road,Soan Papdi,Sweet,50,300,15000,Monday,0,0,pre-Akshaya Tritiya,60,1,0,35.4
2024-05-06,Station Road,Bikaneri Bhujia,Namkeen,160,360,57600,Monday,0,0,pre-Akshaya Tritiya,60,1,0,35.4
2024-05-06,Station Road,Aloo Bhujia,Namkeen,77,300,23100,Monday,0,0,pre-Akshaya Tritiya,60,1,0,35.4
2024-05-07,Station Road,Rasgulla,Sweet,61,280,17080,Tuesday,0,0,pre-Akshaya Tritiya,60,1,0,37.7
2024-05-07,Station Road,Gulab Jamun,Sweet,92,300,27600,Tuesday,0,0,pre-Akshaya Tritiya,60,1,0,37.7
2024-05-07,Station Road,Kaju Katli,Sweet,70,900,63000,Tuesday,0,0,pre-Akshaya Tritiya,60,1,0,37.7
2024-05-07,Station Road,Besan Barfi,Sweet,83,420,34860,Tuesday,0,0,pre-Akshaya Tritiya,60,1,0,37.7
2024-05-07,Station Road,Motichoor Laddu,Sweet,84,380,31920,Tuesday,0,0,pre-Akshaya Tritiya,60,1,0,37.7
2024-05-07,Station Road,Ghewar,Sweet,1,500,500,Tuesday,0,0,pre-Akshaya Tritiya,60,1,0,37.7
2024-05-07,Station Road,Gajak,Sweet,2,320,640,Tuesday,0,0,pre-Akshaya Tritiya,60,1,0,37.7
2024-05-07,Station Road,Soan Papdi,Sweet,51,300,15300,Tuesday,0,0,pre-Akshaya Tritiya,60,1,0,37.7
2024-05-07,Station Road,Bikaneri Bhujia,Namkeen,204,360,73440,Tuesday,0,0,pre-Akshaya Tritiya,60,1,0,37.7
2024-05-07,Station Road,Aloo Bhujia,Namkeen,66,300,19800,Tuesday,0,0,pre-Akshaya Tritiya,60,1,0,37.7
2024-05-08,Station Road,Rasgulla,Sweet,77,280,21560,Wednesday,0,0,pre-Akshaya Tritiya,60,1,0,36.5
2024-05-08,Station Road,Gulab Jamun,Sweet,110,300,33000,Wednesday,0,0,pre-Akshaya Tritiya,60,1,0,36.5
2024-05-08,Station Road,Kaju Katli,Sweet,83,900,74700,Wednesday,0,0,pre-Akshaya Tritiya,60,1,0,36.5
2024-05-08,Station Road,Besan Barfi,Sweet,118,420,49560,Wednesday,0,0,pre-Akshaya Tritiya,60,1,0,36.5
2024-05-08,Station Road,Motichoor Laddu,Sweet,88,380,33440,Wednesday,0,0,pre-Akshaya Tritiya,60,1,0,36.5
2024-05-08,Station Road,Ghewar,Sweet,2,500,1000,Wednesday,0,0,pre-Akshaya Tritiya,60,1,0,36.5
2024-05-08,Station Road,Gajak,Sweet,4,320,1280,Wednesday,0,0,pre-Akshaya Tritiya,60,1,0,36.5
2024-05-08,Station Road,Soan Papdi,Sweet,54,300,16200,Wednesday,0,0,pre-Akshaya Tritiya,60,1,0,36.5
2024-05-08,Station Road,Bikaneri Bhujia,Namkeen,237,360,85320,Wednesday,0,0,pre-Akshaya Tritiya,60,1,0,36.5
2024-05-08,Station Road,Aloo Bhujia,Namkeen,81,300,24300,Wednesday,0,0,pre-Akshaya Tritiya,60,1,0,36.5
2024-05-09,Station Road,Rasgulla,Sweet,78,280,21840,Thursday,0,0,pre-Akshaya Tritiya,60,1,0,33.4
2024-05-09,Station Road,Gulab Jamun,Sweet,123,300,36900,Thursday,0,0,pre-Akshaya Tritiya,60,1,0,33.4
2024-05-09,Station Road,Kaju Katli,Sweet,105,900,94500,Thursday,0,0,pre-Akshaya Tritiya,60,1,0,33.4
2024-05-09,Station Road,Besan Barfi,Sweet,137,420,57540,Thursday,0,0,pre-Akshaya Tritiya,60,1,0,33.4
2024-05-09,Station Road,Motichoor Laddu,Sweet,116,380,44080,Thursday,0,0,pre-Akshaya Tritiya,60,1,0,33.4
2024-05-09,Station Road,Ghewar,Sweet,2,500,1000,Thursday,0,0,pre-Akshaya Tritiya,60,1,0,33.4
2024-05-09,Station Road,Gajak,Sweet,1,320,320,Thursday,0,0,pre-Akshaya Tritiya,60,1,0,33.4
2024-05-09,Station Road,Soan Papdi,Sweet,72,300,21600,Thursday,0,0,pre-Akshaya Tritiya,60,1,0,33.4
2024-05-09,Station Road,Bikaneri Bhujia,Namkeen,249,360,89640,Thursday,0,0,pre-Akshaya Tritiya,60,1,0,33.4
2024-05-09,Station Road,Aloo Bhujia,Namkeen,100,300,30000,Thursday,0,0,pre-Akshaya Tritiya,60,1,0,33.4
2024-05-10,Station Road,Rasgulla,Sweet,128,280,35840,Friday,0,1,Akshaya Tritiya,60,1,0,39.5
2024-05-10,Station Road,Gulab Jamun,Sweet,264,300,79200,Friday,0,1,Akshaya Tritiya,60,1,0,39.5
2024-05-10,Station Road,Kaju Katli,Sweet,238,900,214200,Friday,0,1,Akshaya Tritiya,60,1,0,39.5
2024-05-10,Station Road,Besan Barfi,Sweet,256,420,107520,Friday,0,1,Akshaya Tritiya,60,1,0,39.5
2024-05-10,Station Road,Motichoor Laddu,Sweet,265,380,100700,Friday,0,1,Akshaya Tritiya,60,1,0,39.5
2024-05-10,Station Road,Ghewar,Sweet,11,450,4950,Friday,0,1,Akshaya Tritiya,60,1,1,39.5
2024-05-10,Station Road,Gajak,Sweet,3,320,960,Friday,0,1,Akshaya Tritiya,60,1,0,39.5
2024-05-10,Station Road,Soan Papdi,Sweet,143,300,42900,Friday,0,1,Akshaya Tritiya,60,1,0,39.5
2024-05-10,Station Road,Bikaneri Bhujia,Namkeen,601,324,194724,Friday,0,1,Akshaya Tritiya,60,1,1,39.5
2024-05-10,Station Road,Aloo Bhujia,Namkeen,179,300,53700,Friday,0,1,Akshaya Tritiya,60,1,0,39.5
2024-05-11,Station Road,Rasgulla,Sweet,40,280,11200,Saturday,1,0,None,60,1,0,38.1
2024-05-11,Station Road,Gulab Jamun,Sweet,84,300,25200,Saturday,1,0,None,60,1,0,38.1
2024-05-11,Station Road,Kaju Katli,Sweet,47,900,42300,Saturday,1,0,None,60,1,0,38.1
2024-05-11,Station Road,Besan Barfi,Sweet,81,420,34020,Saturday,1,0,None,60,1,0,38.1
2024-05-11,Station Road,Motichoor Laddu,Sweet,58,380,22040,Saturday,1,0,None,60,1,0,38.1
2024-05-11,Station Road,Ghewar,Sweet,4,500,2000,Saturday,1,0,None,60,1,0,38.1
2024-05-11,Station Road,Gajak,Sweet,2,320,640,Saturday,1,0,None,60,1,0,38.1
2024-05-11,Station Road,Soan Papdi,Sweet,46,300,13800,Saturday,1,0,None,60,1,0,38.1
2024-05-11,Station Road,Bikaneri Bhujia,Namkeen,153,360,55080,Saturday,1,0,None,60,1,0,38.1
2024-05-11,Station Road,Aloo Bhujia,Namkeen,65,300,19500,Saturday,1,0,None,60,1,0,38.1
2024-05-12,Station Road,Rasgulla,Sweet,39,280,10920,Sunday,1,0,None,60,1,0,37.5
2024-05-12,Station Road,Gulab Jamun,Sweet,75,300,22500,Sunday,1,0,None,60,1,0,37.5
2024-05-12,Station Road,Kaju Katli,Sweet,53,900,47700,Sunday,1,0,None,60,1,0,37.5
2024-05-12,Station Road,Besan Barfi,Sweet,70,378,26460,Sunday,1,0,None,60,1,1,37.5
2024-05-12,Station Road,Motichoor Laddu,Sweet,55,380,20900,Sunday,1,0,None,60,1,0,37.5
2024-05-12,Station Road,Ghewar,Sweet,3,500,1500,Sunday,1,0,None,60,1,0,37.5
2024-05-12,Station Road,Gajak,Sweet,5,320,1600,Sunday,1,0,None,60,1,0,37.5
2024-05-12,Station Road,Soan Papdi,Sweet,49,300,14700,Sunday,1,0,None,60,1,0,37.5
2024-05-12,Station Road,Bikaneri Bhujia,Namkeen,165,360,59400,Sunday,1,0,None,60,1,0,37.5
2024-05-12,Station Road,Aloo Bhujia,Namkeen,68,300,20400,Sunday,1,0,None,60,1,0,37.5
2024-05-13,Station Road,Rasgulla,Sweet,32,280,8960,Monday,0,0,None,60,1,0,39.4
2024-05-13,Station Road,Gulab Jamun,Sweet,56,300,16800,Monday,0,0,None,60,1,0,39.4
2024-05-13,Station Road,Kaju Katli,Sweet,35,900,31500,Monday,0,0,None,60,1,0,39.4
2024-05-13,Station Road,Besan Barfi,Sweet,44,420,18480,Monday,0,0,None,60,1,0,39.4
2024-05-13,Station Road,Motichoor Laddu,Sweet,43,342,14706,Monday,0,0,None,60,1,1,39.4
2024-05-13,Station Road,Ghewar,Sweet,0,500,0,Monday,0,0,None,60,1,0,39.4
2024-05-13,Station Road,Gajak,Sweet,1,320,320,Monday,0,0,None,60,1,0,39.4
2024-05-13,Station Road,Soan Papdi,Sweet,16,300,4800,Monday,0,0,None,60,1,0,39.4
2024-05-13,Station Road,Bikaneri Bhujia,Namkeen,123,360,44280,Monday,0,0,None,60,1,0,39.4
2024-05-13,Station Road,Aloo Bhujia,Namkeen,41,300,12300,Monday,0,0,None,60,1,0,39.4
2024-05-14,Station Road,Rasgulla,Sweet,28,280,7840,Tuesday,0,0,None,60,1,0,38.4
2024-05-14,Station Road,Gulab Jamun,Sweet,51,300,15300,Tuesday,0,0,None,60,1,0,38.4
2024-05-14,Station Road,Kaju Katli,Sweet,22,900,19800,Tuesday,0,0,None,60,1,0,38.4
2024-05-14,Station Road,Besan Barfi,Sweet,51,420,21420,Tuesday,0,0,None,60,1,0,38.4
2024-05-14,Station Road,Motichoor Laddu,Sweet,38,380,14440,Tuesday,0,0,None,60,1,0,38.4
2024-05-14,Station Road,Ghewar,Sweet,0,500,0,Tuesday,0,0,None,60,1,0,38.4
2024-05-14,Station Road,Gajak,Sweet,3,320,960,Tuesday,0,0,None,60,1,0,38.4
2024-05-14,Station Road,Soan Papdi,Sweet,27,300,8100,Tuesday,0,0,None,60,1,0,38.4
2024-05-14,Station Road,Bikaneri Bhujia,Namkeen,106,360,38160,Tuesday,0,0,None,60,1,0,38.4
2024-05-14,Station Road,Aloo Bhujia,Namkeen,46,300,13800,Tuesday,0,0,None,60,1,0,38.4
2024-05-15,Station Road,Rasgulla,Sweet,41,280,11480,Wednesday,0,0,None,60,1,0,37.5
2024-05-15,Station Road,Gulab Jamun,Sweet,59,300,17700,Wednesday,0,0,None,60,1,0,37.5
2024-05-15,Station Road,Kaju Katli,Sweet,36,900,32400,Wednesday,0,0,None,60,1,0,37.5
2024-05-15,Station Road,Besan Barfi,Sweet,55,420,23100,Wednesday,0,0,None,60,1,0,37.5
2024-05-15,Station Road,Motichoor Laddu,Sweet,33,380,12540,Wednesday,0,0,None,60,1,0,37.5
2024-05-15,Station Road,Ghewar,Sweet,3,500,1500,Wednesday,0,0,None,60,1,0,37.5
2024-05-15,Station Road,Gajak,Sweet,2,320,640,Wednesday,0,0,None,60,1,0,37.5
2024-05-15,Station Road,Soan Papdi,Sweet,26,300,7800,Wednesday,0,0,None,60,1,0,37.5
2024-05-15,Station Road,Bikaneri Bhujia,Namkeen,110,360,39600,Wednesday,0,0,None,60,1,0,37.5
2024-05-15,Station Road,Aloo Bhujia,Namkeen,52,300,15600,Wednesday,0,0,None,60,1,0,37.5
2024-05-16,Station Road,Rasgulla,Sweet,25,280,7000,Thursday,0,0,None,60,1,0,34.9
2024-05-16,Station Road,Gulab Jamun,Sweet,48,300,14400,Thursday,0,0,None,60,1,0,34.9
2024-05-16,Station Road,Kaju Katli,Sweet,39,900,35100,Thursday,0,0,None,60,1,0,34.9
2024-05-16,Station Road,Besan Barfi,Sweet,42,420,17640,Thursday,0,0,None,60,1,0,34.9
2024-05-16,Station Road,Motichoor Laddu,Sweet,42,380,15960,Thursday,0,0,None,60,1,0,34.9
2024-05-16,Station Road,Ghewar,Sweet,2,500,1000,Thursday,0,0,None,60,1,0,34.9
2024-05-16,Station Road,Gajak,Sweet,0,320,0,Thursday,0,0,None,60,1,0,34.9
2024-05-16,Station Road,Soan Papdi,Sweet,19,300,5700,Thursday,0,0,None,60,1,0,34.9
2024-05-16,Station Road,Bikaneri Bhujia,Namkeen,130,360,46800,Thursday,0,0,None,60,1,0,34.9
2024-05-16,Station Road,Aloo Bhujia,Namkeen,51,300,15300,Thursday,0,0,None,60,1,0,34.9
2024-05-17,Station Road,Rasgulla,Sweet,31,280,8680,Friday,0,0,None,60,1,0,41.5
2024-05-17,Station Road,Gulab Jamun,Sweet,61,300,18300,Friday,0,0,None,60,1,0,41.5
2024-05-17,Station Road,Kaju Katli,Sweet,41,900,36900,Friday,0,0,None,60,1,0,41.5
2024-05-17,Station Road,Besan Barfi,Sweet,50,420,21000,Friday,0,0,None,60,1,0,41.5
2024-05-17,Station Road,Motichoor Laddu,Sweet,47,380,17860,Friday,0,0,None,60,1,0,41.5
2024-05-17,Station Road,Ghewar,Sweet,2,500,1000,Friday,0,0,None,60,1,0,41.5
2024-05-17,Station Road,Gajak,Sweet,2,320,640,Friday,0,0,None,60,1,0,41.5
2024-05-17,Station Road,Soan Papdi,Sweet,26,300,7800,Friday,0,0,None,60,1,0,41.5
2024-05-17,Station Road,Bikaneri Bhujia,Namkeen,140,360,50400,Friday,0,0,None,60,1,0,41.5
2024-05-17,Station Road,Aloo Bhujia,Namkeen,49,300,14700,Friday,0,0,None,60,1,0,41.5
2024-05-18,Station Road,Rasgulla,Sweet,40,280,11200,Saturday,1,0,None,60,1,0,36.1
2024-05-18,Station Road,Gulab Jamun,Sweet,61,300,18300,Saturday,1,0,None,60,1,0,36.1
2024-05-18,Station Road,Kaju Katli,Sweet,53,900,47700,Saturday,1,0,None,60,1,0,36.1
2024-05-18,Station Road,Besan Barfi,Sweet,64,420,26880,Saturday,1,0,None,60,1,0,36.1
2024-05-18,Station Road,Motichoor Laddu,Sweet,67,380,25460,Saturday,1,0,None,60,1,0,36.1
2024-05-18,Station Road,Ghewar,Sweet,0,450,0,Saturday,1,0,None,60,1,1,36.1
2024-05-18,Station Road,Gajak,Sweet,3,320,960,Saturday,1,0,None,60,1,0,36.1
2024-05-18,Station Road,Soan Papdi,Sweet,42,300,12600,Saturday,1,0,None,60,1,0,36.1
2024-05-18,Station Road,Bikaneri Bhujia,Namkeen,151,360,54360,Saturday,1,0,None,60,1,0,36.1
2024-05-18,Station Road,Aloo Bhujia,Namkeen,50,300,15000,Saturday,1,0,None,60,1,0,36.1
2024-05-19,Station Road,Rasgulla,Sweet,44,280,12320,Sunday,1,0,None,60,1,0,38.3
2024-05-19,Station Road,Gulab Jamun,Sweet,81,300,24300,Sunday,1,0,None,60,1,0,38.3
2024-05-19,Station Road,Kaju Katli,Sweet,48,900,43200,Sunday,1,0,None,60,1,0,38.3
2024-05-19,Station Road,Besan Barfi,Sweet,47,420,19740,Sunday,1,0,None,60,1,0,38.3
2024-05-19,Station Road,Motichoor Laddu,Sweet,65,380,24700,Sunday,1,0,None,60,1,0,38.3
2024-05-19,Station Road,Ghewar,Sweet,3,500,1500,Sunday,1,0,None,60,1,0,38.3
2024-05-19,Station Road,Gajak,Sweet,3,320,960,Sunday,1,0,None,60,1,0,38.3
2024-05-19,Station Road,Soan Papdi,Sweet,37,300,11100,Sunday,1,0,None,60,1,0,38.3
2024-05-19,Station Road,Bikaneri Bhujia,Namkeen,163,360,58680,Sunday,1,0,None,60,1,0,38.3
2024-05-19,Station Road,Aloo Bhujia,Namkeen,53,300,15900,Sunday,1,0,None,60,1,0,38.3
2024-05-20,Station Road,Rasgulla,Sweet,32,280,8960,Monday,0,0,None,60,1,0,39.0
2024-05-20,Station Road,Gulab Jamun,Sweet,50,300,15000,Monday,0,0,None,60,1,0,39.0
2024-05-20,Station Road,Kaju Katli,Sweet,42,810,34020,Monday,0,0,None,60,1,1,39.0
2024-05-20,Station Road,Besan Barfi,Sweet,41,420,17220,Monday,0,0,None,60,1,0,39.0
2024-05-20,Station Road,Motichoor Laddu,Sweet,43,380,16340,Monday,0,0,None,60,1,0,39.0
2024-05-20,Station Road,Ghewar,Sweet,1,500,500,Monday,0,0,None,60,1,0,39.0
2024-05-20,Station Road,Gajak,Sweet,1,320,320,Monday,0,0,None,60,1,0,39.0
2024-05-20,Station Road,Soan Papdi,Sweet,22,300,6600,Monday,0,0,None,60,1,0,39.0
2024-05-20,Station Road,Bikaneri Bhujia,Namkeen,104,360,37440,Monday,0,0,None,60,1,0,39.0
2024-05-20,Station Road,Aloo Bhujia,Namkeen,50,300,15000,Monday,0,0,None,60,1,0,39.0
2024-05-21,Station Road,Rasgulla,Sweet,33,280,9240,Tuesday,0,0,None,60,1,0,35.3
2024-05-21,Station Road,Gulab Jamun,Sweet,38,300,11400,Tuesday,0,0,None,60,1,0,35.3
2024-05-21,Station Road,Kaju Katli,Sweet,32,900,28800,Tuesday,0,0,None,60,1,0,35.3
2024-05-21,Station Road,Besan Barfi,Sweet,37,420,15540,Tuesday,0,0,None,60,1,0,35.3
2024-05-21,Station Road,Motichoor Laddu,Sweet,33,380,12540,Tuesday,0,0,None,60,1,0,35.3
2024-05-21,Station Road,Ghewar,Sweet,3,500,1500,Tuesday,0,0,None,60,1,0,35.3
2024-05-21,Station Road,Gajak,Sweet,1,320,320,Tuesday,0,0,None,60,1,0,35.3
2024-05-21,Station Road,Soan Papdi,Sweet,24,300,7200,Tuesday,0,0,None,60,1,0,35.3
2024-05-21,Station Road,Bikaneri Bhujia,Namkeen,128,360,46080,Tuesday,0,0,None,60,1,0,35.3
2024-05-21,Station Road,Aloo Bhujia,Namkeen,50,300,15000,Tuesday,0,0,None,60,1,0,35.3
2024-05-22,Station Road,Rasgulla,Sweet,25,280,7000,Wednesday,0,0,None,60,1,0,41.1
2024-05-22,Station Road,Gulab Jamun,Sweet,54,300,16200,Wednesday,0,0,None,60,1,0,41.1
2024-05-22,Station Road,Kaju Katli,Sweet,34,900,30600,Wednesday,0,0,None,60,1,0,41.1
2024-05-22,Station Road,Besan Barfi,Sweet,39,420,16380,Wednesday,0,0,None,60,1,0,41.1
2024-05-22,Station Road,Motichoor Laddu,Sweet,37,380,14060,Wednesday,0,0,None,60,1,0,41.1
2024-05-22,Station Road,Ghewar,Sweet,2,500,1000,Wednesday,0,0,None,60,1,0,41.1
2024-05-22,Station Road,Gajak,Sweet,2,320,640,Wednesday,0,0,None,60,1,0,41.1
2024-05-22,Station Road,Soan Papdi,Sweet,23,300,6900,Wednesday,0,0,None,60,1,0,41.1
2024-05-22,Station Road,Bikaneri Bhujia,Namkeen,106,360,38160,Wednesday,0,0,None,60,1,0,41.1
2024-05-22,Station Road,Aloo Bhujia,Namkeen,50,300,15000,Wednesday,0,0,None,60,1,0,41.1
2024-05-23,Station Road,Rasgulla,Sweet,36,280,10080,Thursday,0,0,None,60,1,0,35.4
2024-05-23,Station Road,Gulab Jamun,Sweet,55,300,16500,Thursday,0,0,None,60,1,0,35.4
2024-05-23,Station Road,Kaju Katli,Sweet,41,900,36900,Thursday,0,0,None,60,1,0,35.4
2024-05-23,Station Road,Besan Barfi,Sweet,42,420,17640,Thursday,0,0,None,60,1,0,35.4
2024-05-23,Station Road,Motichoor Laddu,Sweet,40,380,15200,Thursday,0,0,None,60,1,0,35.4
2024-05-23,Station Road,Ghewar,Sweet,0,450,0,Thursday,0,0,None,60,1,1,35.4
2024-05-23,Station Road,Gajak,Sweet,0,320,0,Thursday,0,0,None,60,1,0,35.4
2024-05-23,Station Road,Soan Papdi,Sweet,28,300,8400,Thursday,0,0,None,60,1,0,35.4
2024-05-23,Station Road,Bikaneri Bhujia,Namkeen,121,360,43560,Thursday,0,0,None,60,1,0,35.4
2024-05-23,Station Road,Aloo Bhujia,Namkeen,51,300,15300,Thursday,0,0,None,60,1,0,35.4
2024-05-24,Station Road,Rasgulla,Sweet,39,280,10920,Friday,0,0,None,60,1,0,40.3
2024-05-24,Station Road,Gulab Jamun,Sweet,68,300,20400,Friday,0,0,None,60,1,0,40.3
2024-05-24,Station Road,Kaju Katli,Sweet,38,900,34200,Friday,0,0,None,60,1,0,40.3
2024-05-24,Station Road,Besan Barfi,Sweet,45,420,18900,Friday,0,0,None,60,1,0,40.3
2024-05-24,Station Road,Motichoor Laddu,Sweet,36,380,13680,Friday,0,0,None,60,1,0,40.3
2024-05-24,Station Road,Ghewar,Sweet,3,500,1500,Friday,0,0,None,60,1,0,40.3
2024-05-24,Station Road,Gajak,Sweet,3,320,960,Friday,0,0,None,60,1,0,40.3
2024-05-24,Station Road,Soan Papdi,Sweet,18,300,5400,Friday,0,0,None,60,1,0,40.3
2024-05-24,Station Road,Bikaneri Bhujia,Namkeen,128,360,46080,Friday,0,0,None,60,1,0,40.3
2024-05-24,Station Road,Aloo Bhujia,Namkeen,55,300,16500,Friday,0,0,None,60,1,0,40.3
2024-05-25,Station Road,Rasgulla,Sweet,53,252,13356,Saturday,1,0,None,60,1,1,38.6
2024-05-25,Station Road,Gulab Jamun,Sweet,74,300,22200,Saturday,1,0,None,60,1,0,38.6
2024-05-25,Station Road,Kaju Katli,Sweet,46,900,41400,Saturday,1,0,None,60,1,0,38.6
2024-05-25,Station Road,Besan Barfi,Sweet,59,420,24780,Saturday,1,0,None,60,1,0,38.6
2024-05-25,Station Road,Motichoor Laddu,Sweet,56,380,21280,Saturday,1,0,None,60,1,0,38.6
2024-05-25,Station Road,Ghewar,Sweet,2,500,1000,Saturday,1,0,None,60,1,0,38.6
2024-05-25,Station Road,Gajak,Sweet,1,320,320,Saturday,1,0,None,60,1,0,38.6
2024-05-25,Station Road,Soan Papdi,Sweet,30,300,9000,Saturday,1,0,None,60,1,0,38.6
2024-05-25,Station Road,Bikaneri Bhujia,Namkeen,170,360,61200,Saturday,1,0,None,60,1,0,38.6
2024-05-25,Station Road,Aloo Bhujia,Namkeen,48,300,14400,Saturday,1,0,None,60,1,0,38.6
2024-05-26,Station Road,Rasgulla,Sweet,58,280,16240,Sunday,1,0,None,60,1,0,35.1
2024-05-26,Station Road,Gulab Jamun,Sweet,78,300,23400,Sunday,1,0,None,60,1,0,35.1
2024-05-26,Station Road,Kaju Katli,Sweet,53,900,47700,Sunday,1,0,None,60,1,0,35.1
2024-05-26,Station Road,Besan Barfi,Sweet,58,420,24360,Sunday,1,0,None,60,1,0,35.1
2024-05-26,Station Road,Motichoor Laddu,Sweet,59,380,22420,Sunday,1,0,None,60,1,0,35.1
2024-05-26,Station Road,Ghewar,Sweet,4,500,2000,Sunday,1,0,None,60,1,0,35.1
2024-05-26,Station Road,Gajak,Sweet,3,320,960,Sunday,1,0,None,60,1,0,35.1
2024-05-26,Station Road,Soan Papdi,Sweet,29,300,8700,Sunday,1,0,None,60,1,0,35.1
2024-05-26,Station Road,Bikaneri Bhujia,Namkeen,166,360,59760,Sunday,1,0,None,60,1,0,35.1
2024-05-26,Station Road,Aloo Bhujia,Namkeen,64,300,19200,Sunday,1,0,None,60,1,0,35.1
2024-05-27,Station Road,Rasgulla,Sweet,23,280,6440,Monday,0,0,None,60,1,0,35.3
2024-05-27,Station Road,Gulab Jamun,Sweet,43,300,12900,Monday,0,0,None,60,1,0,35.3
2024-05-27,Station Road,Kaju Katli,Sweet,37,900,33300,Monday,0,0,None,60,1,0,35.3
2024-05-27,Station Road,Besan Barfi,Sweet,39,420,16380,Monday,0,0,None,60,1,0,35.3
2024-05-27,Station Road,Motichoor Laddu,Sweet,30,380,11400,Monday,0,0,None,60,1,0,35.3
2024-05-27,Station Road,Ghewar,Sweet,2,500,1000,Monday,0,0,None,60,1,0,35.3
2024-05-27,Station Road,Gajak,Sweet,3,320,960,Monday,0,0,None,60,1,0,35.3
2024-05-27,Station Road,Soan Papdi,Sweet,29,300,8700,Monday,0,0,None,60,1,0,35.3
2024-05-27,Station Road,Bikaneri Bhujia,Namkeen,115,360,41400,Monday,0,0,None,60,1,0,35.3
2024-05-27,Station Road,Aloo Bhujia,Namkeen,35,300,10500,Monday,0,0,None,60,1,0,35.3
2024-05-28,Station Road,Rasgulla,Sweet,26,280,7280,Tuesday,0,0,None,60,1,0,37.5
2024-05-28,Station Road,Gulab Jamun,Sweet,45,270,12150,Tuesday,0,0,None,60,1,1,37.5
2024-05-28,Station Road,Kaju Katli,Sweet,23,900,20700,Tuesday,0,0,None,60,1,0,37.5
2024-05-28,Station Road,Besan Barfi,Sweet,44,420,18480,Tuesday,0,0,None,60,1,0,37.5
2024-05-28,Station Road,Motichoor Laddu,Sweet,42,380,15960,Tuesday,0,0,None,60,1,0,37.5
2024-05-28,Station Road,Ghewar,Sweet,2,500,1000,Tuesday,0,0,None,60,1,0,37.5
2024-05-28,Station Road,Gajak,Sweet,1,320,320,Tuesday,0,0,None,60,1,0,37.5
2024-05-28,Station Road,Soan Papdi,Sweet,22,300,6600,Tuesday,0,0,None,60,1,0,37.5
2024-05-28,Station Road,Bikaneri Bhujia,Namkeen,112,360,40320,Tuesday,0,0,None,60,1,0,37.5
2024-05-28,Station Road,Aloo Bhujia,Namkeen,49,300,14700,Tuesday,0,0,None,60,1,0,37.5
2024-05-29,Station Road,Rasgulla,Sweet,32,280,8960,Wednesday,0,0,None,60,1,0,41.4
2024-05-29,Station Road,Gulab Jamun,Sweet,56,300,16800,Wednesday,0,0,None,60,1,0,41.4
2024-05-29,Station Road,Kaju Katli,Sweet,38,900,34200,Wednesday,0,0,None,60,1,0,41.4
2024-05-29,Station Road,Besan Barfi,Sweet,44,420,18480,Wednesday,0,0,None,60,1,0,41.4
2024-05-29,Station Road,Motichoor Laddu,Sweet,37,380,14060,Wednesday,0,0,None,60,1,0,41.4
2024-05-29,Station Road,Ghewar,Sweet,2,500,1000,Wednesday,0,0,None,60,1,0,41.4
2024-05-29,Station Road,Gajak,Sweet,0,320,0,Wednesday,0,0,None,60,1,0,41.4
2024-05-29,Station Road,Soan Papdi,Sweet,18,300,5400,Wednesday,0,0,None,60,1,0,41.4
2024-05-29,Station Road,Bikaneri Bhujia,Namkeen,108,360,38880,Wednesday,0,0,None,60,1,0,41.4
2024-05-29,Station Road,Aloo Bhujia,Namkeen,32,300,9600,Wednesday,0,0,None,60,1,0,41.4
2024-05-30,Station Road,Rasgulla,Sweet,25,280,7000,Thursday,0,0,None,60,1,0,38.9
2024-05-30,Station Road,Gulab Jamun,Sweet,45,300,13500,Thursday,0,0,None,60,1,0,38.9
2024-05-30,Station Road,Kaju Katli,Sweet,37,900,33300,Thursday,0,0,None,60,1,0,38.9
2024-05-30,Station Road,Besan Barfi,Sweet,57,420,23940,Thursday,0,0,None,60,1,0,38.9
2024-05-30,Station Road,Motichoor Laddu,Sweet,40,380,15200,Thursday,0,0,None,60,1,0,38.9
2024-05-30,Station Road,Ghewar,Sweet,1,500,500,Thursday,0,0,None,60,1,0,38.9
2024-05-30,Station Road,Gajak,Sweet,2,320,640,Thursday,0,0,None,60,1,0,38.9
2024-05-30,Station Road,Soan Papdi,Sweet,25,300,7500,Thursday,0,0,None,60,1,0,38.9
2024-05-30,Station Road,Bikaneri Bhujia,Namkeen,108,360,38880,Thursday,0,0,None,60,1,0,38.9
2024-05-30,Station Road,Aloo Bhujia,Namkeen,41,300,12300,Thursday,0,0,None,60,1,0,38.9
2024-05-31,Station Road,Rasgulla,Sweet,54,252,13608,Friday,0,0,None,60,1,1,34.4
2024-05-31,Station Road,Gulab Jamun,Sweet,64,300,19200,Friday,0,0,None,60,1,0,34.4
2024-05-31,Station Road,Kaju Katli,Sweet,34,900,30600,Friday,0,0,None,60,1,0,34.4
2024-05-31,Station Road,Besan Barfi,Sweet,45,420,18900,Friday,0,0,None,60,1,0,34.4
2024-05-31,Station Road,Motichoor Laddu,Sweet,43,380,16340,Friday,0,0,None,60,1,0,34.4
2024-05-31,Station Road,Ghewar,Sweet,1,500,500,Friday,0,0,None,60,1,0,34.4
2024-05-31,Station Road,Gajak,Sweet,2,320,640,Friday,0,0,None,60,1,0,34.4
2024-05-31,Station Road,Soan Papdi,Sweet,36,300,10800,Friday,0,0,None,60,1,0,34.4
2024-05-31,Station Road,Bikaneri Bhujia,Namkeen,133,360,47880,Friday,0,0,None,60,1,0,34.4
2024-05-31,Station Road,Aloo Bhujia,Namkeen,54,300,16200,Friday,0,0,None,60,1,0,34.4
2024-06-01,Station Road,Rasgulla,Sweet,38,280,10640,Saturday,1,0,None,60,1,0,37.4
2024-06-01,Station Road,Gulab Jamun,Sweet,68,300,20400,Saturday,1,0,None,60,1,0,37.4
2024-06-01,Station Road,Kaju Katli,Sweet,44,900,39600,Saturday,1,0,None,60,1,0,37.4
2024-06-01,Station Road,Besan Barfi,Sweet,50,420,21000,Saturday,1,0,None,60,1,0,37.4
2024-06-01,Station Road,Motichoor Laddu,Sweet,69,380,26220,Saturday,1,0,None,60,1,0,37.4
2024-06-01,Station Road,Ghewar,Sweet,32,450,14400,Saturday,1,0,None,60,1,1,37.4
2024-06-01,Station Road,Gajak,Sweet,0,320,0,Saturday,1,0,None,60,1,0,37.4
2024-06-01,Station Road,Soan Papdi,Sweet,35,300,10500,Saturday,1,0,None,60,1,0,37.4
2024-06-01,Station Road,Bikaneri Bhujia,Namkeen,150,360,54000,Saturday,1,0,None,60,1,0,37.4
2024-06-01,Station Road,Aloo Bhujia,Namkeen,62,300,18600,Saturday,1,0,None,60,1,0,37.4
2024-06-02,Station Road,Rasgulla,Sweet,43,280,12040,Sunday,1,0,None,60,1,0,40.4
2024-06-02,Station Road,Gulab Jamun,Sweet,66,300,19800,Sunday,1,0,None,60,1,0,40.4
2024-06-02,Station Road,Kaju Katli,Sweet,54,900,48600,Sunday,1,0,None,60,1,0,40.4
2024-06-02,Station Road,Besan Barfi,Sweet,71,420,29820,Sunday,1,0,None,60,1,0,40.4
2024-06-02,Station Road,Motichoor Laddu,Sweet,61,380,23180,Sunday,1,0,None,60,1,0,40.4
2024-06-02,Station Road,Ghewar,Sweet,21,500,10500,Sunday,1,0,None,60,1,0,40.4
2024-06-02,Station Road,Gajak,Sweet,4,320,1280,Sunday,1,0,None,60,1,0,40.4
2024-06-02,Station Road,Soan Papdi,Sweet,42,300,12600,Sunday,1,0,None,60,1,0,40.4
2024-06-02,Station Road,Bikaneri Bhujia,Namkeen,175,360,63000,Sunday,1,0,None,60,1,0,40.4
2024-06-02,Station Road,Aloo Bhujia,Namkeen,79,300,23700,Sunday,1,0,None,60,1,0,40.4
2024-06-03,Station Road,Rasgulla,Sweet,32,252,8064,Monday,0,0,None,60,1,1,37.6
2024-06-03,Station Road,Gulab Jamun,Sweet,62,300,18600,Monday,0,0,None,60,1,0,37.6
2024-06-03,Station Road,Kaju Katli,Sweet,33,900,29700,Monday,0,0,None,60,1,0,37.6
2024-06-03,Station Road,Besan Barfi,Sweet,39,420,16380,Monday,0,0,None,60,1,0,37.6
2024-06-03,Station Road,Motichoor Laddu,Sweet,49,380,18620,Monday,0,0,None,60,1,0,37.6
2024-06-03,Station Road,Ghewar,Sweet,20,500,10000,Monday,0,0,None,60,1,0,37.6
2024-06-03,Station Road,Gajak,Sweet,1,320,320,Monday,0,0,None,60,1,0,37.6
2024-06-03,Station Road,Soan Papdi,Sweet,22,300,6600,Monday,0,0,None,60,1,0,37.6
2024-06-03,Station Road,Bikaneri Bhujia,Namkeen,101,360,36360,Monday,0,0,None,60,1,0,37.6
2024-06-03,Station Road,Aloo Bhujia,Namkeen,53,300,15900,Monday,0,0,None,60,1,0,37.6
2024-06-04,Station Road,Rasgulla,Sweet,30,280,8400,Tuesday,0,0,None,60,1,0,41.9
2024-06-04,Station Road,Gulab Jamun,Sweet,38,300,11400,Tuesday,0,0,None,60,1,0,41.9
2024-06-04,Station Road,Kaju Katli,Sweet,39,810,31590,Tuesday,0,0,None,60,1,1,41.9
2024-06-04,Station Road,Besan Barfi,Sweet,34,420,14280,Tuesday,0,0,None,60,1,0,41.9
2024-06-04,Station Road,Motichoor Laddu,Sweet,31,380,11780,Tuesday,0,0,None,60,1,0,41.9
2024-06-04,Station Road,Ghewar,Sweet,22,450,9900,Tuesday,0,0,None,60,1,1,41.9
2024-06-04,Station Road,Gajak,Sweet,3,320,960,Tuesday,0,0,None,60,1,0,41.9
2024-06-04,Station Road,Soan Papdi,Sweet,34,300,10200,Tuesday,0,0,None,60,1,0,41.9
2024-06-04,Station Road,Bikaneri Bhujia,Namkeen,87,360,31320,Tuesday,0,0,None,60,1,0,41.9
2024-06-04,Station Road,Aloo Bhujia,Namkeen,42,300,12600,Tuesday,0,0,None,60,1,0,41.9
2024-06-05,Station Road,Rasgulla,Sweet,46,252,11592,Wednesday,0,0,None,60,1,1,41.0
2024-06-05,Station Road,Gulab Jamun,Sweet,38,300,11400,Wednesday,0,0,None,60,1,0,41.0
2024-06-05,Station Road,Kaju Katli,Sweet,40,900,36000,Wednesday,0,0,None,60,1,0,41.0
2024-06-05,Station Road,Besan Barfi,Sweet,49,420,20580,Wednesday,0,0,None,60,1,0,41.0
2024-06-05,Station Road,Motichoor Laddu,Sweet,47,380,17860,Wednesday,0,0,None,60,1,0,41.0
2024-06-05,Station Road,Ghewar,Sweet,19,500,9500,Wednesday,0,0,None,60,1,0,41.0
2024-06-05,Station Road,Gajak,Sweet,3,320,960,Wednesday,0,0,None,60,1,0,41.0
2024-06-05,Station Road,Soan Papdi,Sweet,26,300,7800,Wednesday,0,0,None,60,1,0,41.0
2024-06-05,Station Road,Bikaneri Bhujia,Namkeen,94,360,33840,Wednesday,0,0,None,60,1,0,41.0
2024-06-05,Station Road,Aloo Bhujia,Namkeen,46,300,13800,Wednesday,0,0,None,60,1,0,41.0
2024-06-06,Station Road,Rasgulla,Sweet,24,280,6720,Thursday,0,0,None,60,1,0,41.4
2024-06-06,Station Road,Gulab Jamun,Sweet,67,300,20100,Thursday,0,0,None,60,1,0,41.4
2024-06-06,Station Road,Kaju Katli,Sweet,36,900,32400,Thursday,0,0,None,60,1,0,41.4
2024-06-06,Station Road,Besan Barfi,Sweet,50,420,21000,Thursday,0,0,None,60,1,0,41.4
2024-06-06,Station Road,Motichoor Laddu,Sweet,58,380,22040,Thursday,0,0,None,60,1,0,41.4
2024-06-06,Station Road,Ghewar,Sweet,22,500,11000,Thursday,0,0,None,60,1,0,41.4
2024-06-06,Station Road,Gajak,Sweet,2,320,640,Thursday,0,0,None,60,1,0,41.4
2024-06-06,Station Road,Soan Papdi,Sweet,29,300,8700,Thursday,0,0,None,60,1,0,41.4
2024-06-06,Station Road,Bikaneri Bhujia,Namkeen,115,360,41400,Thursday,0,0,None,60,1,0,41.4
2024-06-06,Station Road,Aloo Bhujia,Namkeen,48,300,14400,Thursday,0,0,None,60,1,0,41.4
2024-06-07,Station Road,Rasgulla,Sweet,25,280,7000,Friday,0,0,None,60,1,0,41.5
2024-06-07,Station Road,Gulab Jamun,Sweet,53,300,15900,Friday,0,0,None,60,1,0,41.5
2024-06-07,Station Road,Kaju Katli,Sweet,43,900,38700,Friday,0,0,None,60,1,0,41.5
2024-06-07,Station Road,Besan Barfi,Sweet,51,420,21420,Friday,0,0,None,60,1,0,41.5
2024-06-07,Station Road,Motichoor Laddu,Sweet,53,380,20140,Friday,0,0,None,60,1,0,41.5
2024-06-07,Station Road,Ghewar,Sweet,26,500,13000,Friday,0,0,None,60,1,0,41.5
2024-06-07,Station Road,Gajak,Sweet,4,320,1280,Friday,0,0,None,60,1,0,41.5
2024-06-07,Station Road,Soan Papdi,Sweet,26,300,7800,Friday,0,0,None,60,1,0,41.5
2024-06-07,Station Road,Bikaneri Bhujia,Namkeen,129,360,46440,Friday,0,0,None,60,1,0,41.5
2024-06-07,Station Road,Aloo Bhujia,Namkeen,46,300,13800,Friday,0,0,None,60,1,0,41.5
2024-06-08,Station Road,Rasgulla,Sweet,48,280,13440,Saturday,1,0,None,60,1,0,39.4
2024-06-08,Station Road,Gulab Jamun,Sweet,63,300,18900,Saturday,1,0,None,60,1,0,39.4
2024-06-08,Station Road,Kaju Katli,Sweet,60,810,48600,Saturday,1,0,None,60,1,1,39.4
2024-06-08,Station Road,Besan Barfi,Sweet,71,420,29820,Saturday,1,0,None,60,1,0,39.4
2024-06-08,Station Road,Motichoor Laddu,Sweet,57,380,21660,Saturday,1,0,None,60,1,0,39.4
2024-06-08,Station Road,Ghewar,Sweet,32,500,16000,Saturday,1,0,None,60,1,0,39.4
2024-06-08,Station Road,Gajak,Sweet,3,320,960,Saturday,1,0,None,60,1,0,39.4
2024-06-08,Station Road,Soan Papdi,Sweet,33,300,9900,Saturday,1,0,None,60,1,0,39.4
2024-06-08,Station Road,Bikaneri Bhujia,Namkeen,159,360,57240,Saturday,1,0,None,60,1,0,39.4
2024-06-08,Station Road,Aloo Bhujia,Namkeen,67,300,20100,Saturday,1,0,None,60,1,0,39.4
2024-06-09,Station Road,Rasgulla,Sweet,55,280,15400,Sunday,1,0,None,60,1,0,40.7
2024-06-09,Station Road,Gulab Jamun,Sweet,79,300,23700,Sunday,1,0,None,60,1,0,40.7
2024-06-09,Station Road,Kaju Katli,Sweet,70,810,56700,Sunday,1,0,None,60,1,1,40.7
2024-06-09,Station Road,Besan Barfi,Sweet,54,420,22680,Sunday,1,0,None,60,1,0,40.7
2024-06-09,Station Road,Motichoor Laddu,Sweet,59,380,22420,Sunday,1,0,None,60,1,0,40.7
2024-06-09,Station Road,Ghewar,Sweet,28,500,14000,Sunday,1,0,None,60,1,0,40.7
2024-06-09,Station Road,Gajak,Sweet,1,320,320,Sunday,1,0,None,60,1,0,40.7
2024-06-09,Station Road,Soan Papdi,Sweet,29,300,8700,Sunday,1,0,None,60,1,0,40.7
2024-06-09,Station Road,Bikaneri Bhujia,Namkeen,153,360,55080,Sunday,1,0,None,60,1,0,40.7
2024-06-09,Station Road,Aloo Bhujia,Namkeen,73,300,21900,Sunday,1,0,None,60,1,0,40.7
2024-06-10,Station Road,Rasgulla,Sweet,37,252,9324,Monday,0,0,None,60,1,1,36.7
2024-06-10,Station Road,Gulab Jamun,Sweet,47,300,14100,Monday,0,0,None,60,1,0,36.7
2024-06-10,Station Road,Kaju Katli,Sweet,35,900,31500,Monday,0,0,None,60,1,0,36.7
2024-06-10,Station Road,Besan Barfi,Sweet,40,420,16800,Monday,0,0,None,60,1,0,36.7
2024-06-10,Station Road,Motichoor Laddu,Sweet,38,380,14440,Monday,0,0,None,60,1,0,36.7
2024-06-10,Station Road,Ghewar,Sweet,27,500,13500,Monday,0,0,None,60,1,0,36.7
2024-06-10,Station Road,Gajak,Sweet,3,320,960,Monday,0,0,None,60,1,0,36.7
2024-06-10,Station Road,Soan Papdi,Sweet,17,300,5100,Monday,0,0,None,60,1,0,36.7
2024-06-10,Station Road,Bikaneri Bhujia,Namkeen,115,360,41400,Monday,0,0,None,60,1,0,36.7
2024-06-10,Station Road,Aloo Bhujia,Namkeen,47,300,14100,Monday,0,0,None,60,1,0,36.7
2024-06-11,Station Road,Rasgulla,Sweet,36,280,10080,Tuesday,0,0,None,60,1,0,38.3
2024-06-11,Station Road,Gulab Jamun,Sweet,46,300,13800,Tuesday,0,0,None,60,1,0,38.3
2024-06-11,Station Road,Kaju Katli,Sweet,25,900,22500,Tuesday,0,0,None,60,1,0,38.3
2024-06-11,Station Road,Besan Barfi,Sweet,59,378,22302,Tuesday,0,0,None,60,1,1,38.3
2024-06-11,Station Road,Motichoor Laddu,Sweet,42,380,15960,Tuesday,0,0,None,60,1,0,38.3
2024-06-11,Station Road,Ghewar,Sweet,19,500,9500,Tuesday,0,0,None,60,1,0,38.3
2024-06-11,Station Road,Gajak,Sweet,3,320,960,Tuesday,0,0,None,60,1,0,38.3
2024-06-11,Station Road,Soan Papdi,Sweet,24,300,7200,Tuesday,0,0,None,60,1,0,38.3
2024-06-11,Station Road,Bikaneri Bhujia,Namkeen,111,360,39960,Tuesday,0,0,None,60,1,0,38.3
2024-06-11,Station Road,Aloo Bhujia,Namkeen,45,300,13500,Tuesday,0,0,None,60,1,0,38.3
2024-06-12,Station Road,Rasgulla,Sweet,34,280,9520,Wednesday,0,0,None,60,1,0,39.6
2024-06-12,Station Road,Gulab Jamun,Sweet,50,300,15000,Wednesday,0,0,None,60,1,0,39.6
2024-06-12,Station Road,Kaju Katli,Sweet,32,900,28800,Wednesday,0,0,None,60,1,0,39.6
2024-06-12,Station Road,Besan Barfi,Sweet,41,420,17220,Wednesday,0,0,None,60,1,0,39.6
2024-06-12,Station Road,Motichoor Laddu,Sweet,40,380,15200,Wednesday,0,0,None,60,1,0,39.6
2024-06-12,Station Road,Ghewar,Sweet,13,500,6500,Wednesday,0,0,None,60,1,0,39.6
2024-06-12,Station Road,Gajak,Sweet,1,320,320,Wednesday,0,0,None,60,1,0,39.6
2024-06-12,Station Road,Soan Papdi,Sweet,27,300,8100,Wednesday,0,0,None,60,1,0,39.6
2024-06-12,Station Road,Bikaneri Bhujia,Namkeen,106,360,38160,Wednesday,0,0,None,60,1,0,39.6
2024-06-12,Station Road,Aloo Bhujia,Namkeen,48,300,14400,Wednesday,0,0,None,60,1,0,39.6
2024-06-13,Station Road,Rasgulla,Sweet,39,280,10920,Thursday,0,0,None,60,1,0,41.4
2024-06-13,Station Road,Gulab Jamun,Sweet,55,300,16500,Thursday,0,0,None,60,1,0,41.4
2024-06-13,Station Road,Kaju Katli,Sweet,36,900,32400,Thursday,0,0,None,60,1,0,41.4
2024-06-13,Station Road,Besan Barfi,Sweet,50,378,18900,Thursday,0,0,None,60,1,1,41.4
2024-06-13,Station Road,Motichoor Laddu,Sweet,44,380,16720,Thursday,0,0,None,60,1,0,41.4
2024-06-13,Station Road,Ghewar,Sweet,13,500,6500,Thursday,0,0,None,60,1,0,41.4
2024-06-13,Station Road,Gajak,Sweet,1,320,320,Thursday,0,0,None,60,1,0,41.4
2024-06-13,Station Road,Soan Papdi,Sweet,24,300,7200,Thursday,0,0,None,60,1,0,41.4
2024-06-13,Station Road,Bikaneri Bhujia,Namkeen,102,360,36720,Thursday,0,0,None,60,1,0,41.4
2024-06-13,Station Road,Aloo Bhujia,Namkeen,43,300,12900,Thursday,0,0,None,60,1,0,41.4
2024-06-14,Station Road,Rasgulla,Sweet,43,280,12040,Friday,0,0,None,60,1,0,38.0
2024-06-14,Station Road,Gulab Jamun,Sweet,51,300,15300,Friday,0,0,None,60,1,0,38.0
2024-06-14,Station Road,Kaju Katli,Sweet,49,900,44100,Friday,0,0,None,60,1,0,38.0
2024-06-14,Station Road,Besan Barfi,Sweet,44,420,18480,Friday,0,0,None,60,1,0,38.0
2024-06-14,Station Road,Motichoor Laddu,Sweet,54,380,20520,Friday,0,0,None,60,1,0,38.0
2024-06-14,Station Road,Ghewar,Sweet,18,500,9000,Friday,0,0,None,60,1,0,38.0
2024-06-14,Station Road,Gajak,Sweet,4,320,1280,Friday,0,0,None,60,1,0,38.0
2024-06-14,Station Road,Soan Papdi,Sweet,36,300,10800,Friday,0,0,None,60,1,0,38.0
2024-06-14,Station Road,Bikaneri Bhujia,Namkeen,139,360,50040,Friday,0,0,None,60,1,0,38.0
2024-06-14,Station Road,Aloo Bhujia,Namkeen,53,300,15900,Friday,0,0,None,60,1,0,38.0
2024-06-15,Station Road,Rasgulla,Sweet,33,280,9240,Saturday,1,0,None,60,1,0,41.8
2024-06-15,Station Road,Gulab Jamun,Sweet,76,300,22800,Saturday,1,0,None,60,1,0,41.8
2024-06-15,Station Road,Kaju Katli,Sweet,49,900,44100,Saturday,1,0,None,60,1,0,41.8
2024-06-15,Station Road,Besan Barfi,Sweet,53,420,22260,Saturday,1,0,None,60,1,0,41.8
2024-06-15,Station Road,Motichoor Laddu,Sweet,49,380,18620,Saturday,1,0,None,60,1,0,41.8
2024-06-15,Station Road,Ghewar,Sweet,29,500,14500,Saturday,1,0,None,60,1,0,41.8
2024-06-15,Station Road,Gajak,Sweet,1,320,320,Saturday,1,0,None,60,1,0,41.8
2024-06-15,Station Road,Soan Papdi,Sweet,43,300,12900,Saturday,1,0,None,60,1,0,41.8
2024-06-15,Station Road,Bikaneri Bhujia,Namkeen,168,360,60480,Saturday,1,0,None,60,1,0,41.8
2024-06-15,Station Road,Aloo Bhujia,Namkeen,78,300,23400,Saturday,1,0,None,60,1,0,41.8
2024-06-16,Station Road,Rasgulla,Sweet,59,280,16520,Sunday,1,0,None,60,1,0,40.5
2024-06-16,Station Road,Gulab Jamun,Sweet,75,300,22500,Sunday,1,0,None,60,1,0,40.5
2024-06-16,Station Road,Kaju Katli,Sweet,58,900,52200,Sunday,1,0,None,60,1,0,40.5
2024-06-16,Station Road,Besan Barfi,Sweet,66,420,27720,Sunday,1,0,None,60,1,0,40.5
2024-06-16,Station Road,Motichoor Laddu,Sweet,55,380,20900,Sunday,1,0,None,60,1,0,40.5
2024-06-16,Station Road,Ghewar,Sweet,27,500,13500,Sunday,1,0,None,60,1,0,40.5
2024-06-16,Station Road,Gajak,Sweet,4,320,1280,Sunday,1,0,None,60,1,0,40.5
2024-06-16,Station Road,Soan Papdi,Sweet,44,270,11880,Sunday,1,0,None,60,1,1,40.5
2024-06-16,Station Road,Bikaneri Bhujia,Namkeen,172,360,61920,Sunday,1,0,None,60,1,0,40.5
2024-06-16,Station Road,Aloo Bhujia,Namkeen,74,300,22200,Sunday,1,0,None,60,1,0,40.5
2024-06-17,Station Road,Rasgulla,Sweet,31,280,8680,Monday,0,0,None,60,1,0,43.9
2024-06-17,Station Road,Gulab Jamun,Sweet,41,300,12300,Monday,0,0,None,60,1,0,43.9
2024-06-17,Station Road,Kaju Katli,Sweet,38,900,34200,Monday,0,0,None,60,1,0,43.9
2024-06-17,Station Road,Besan Barfi,Sweet,33,420,13860,Monday,0,0,None,60,1,0,43.9
2024-06-17,Station Road,Motichoor Laddu,Sweet,43,380,16340,Monday,0,0,None,60,1,0,43.9
2024-06-17,Station Road,Ghewar,Sweet,15,500,7500,Monday,0,0,None,60,1,0,43.9
2024-06-17,Station Road,Gajak,Sweet,0,320,0,Monday,0,0,None,60,1,0,43.9
2024-06-17,Station Road,Soan Papdi,Sweet,28,270,7560,Monday,0,0,None,60,1,1,43.9
2024-06-17,Station Road,Bikaneri Bhujia,Namkeen,102,360,36720,Monday,0,0,None,60,1,0,43.9
2024-06-17,Station Road,Aloo Bhujia,Namkeen,47,300,14100,Monday,0,0,None,60,1,0,43.9
2024-06-18,Station Road,Rasgulla,Sweet,42,280,11760,Tuesday,0,0,None,60,1,0,43.1
2024-06-18,Station Road,Gulab Jamun,Sweet,25,300,7500,Tuesday,0,0,None,60,1,0,43.1
2024-06-18,Station Road,Kaju Katli,Sweet,38,900,34200,Tuesday,0,0,None,60,1,0,43.1
2024-06-18,Station Road,Besan Barfi,Sweet,39,420,16380,Tuesday,0,0,None,60,1,0,43.1
2024-06-18,Station Road,Motichoor Laddu,Sweet,37,380,14060,Tuesday,0,0,None,60,1,0,43.1
2024-06-18,Station Road,Ghewar,Sweet,15,500,7500,Tuesday,0,0,None,60,1,0,43.1
2024-06-18,Station Road,Gajak,Sweet,2,320,640,Tuesday,0,0,None,60,1,0,43.1
2024-06-18,Station Road,Soan Papdi,Sweet,26,300,7800,Tuesday,0,0,None,60,1,0,43.1
2024-06-18,Station Road,Bikaneri Bhujia,Namkeen,102,360,36720,Tuesday,0,0,None,60,1,0,43.1
2024-06-18,Station Road,Aloo Bhujia,Namkeen,41,300,12300,Tuesday,0,0,None,60,1,0,43.1
2024-06-19,Station Road,Rasgulla,Sweet,26,280,7280,Wednesday,0,0,None,60,1,0,36.7
2024-06-19,Station Road,Gulab Jamun,Sweet,53,300,15900,Wednesday,0,0,None,60,1,0,36.7
2024-06-19,Station Road,Kaju Katli,Sweet,41,900,36900,Wednesday,0,0,None,60,1,0,36.7
2024-06-19,Station Road,Besan Barfi,Sweet,35,420,14700,Wednesday,0,0,None,60,1,0,36.7
2024-06-19,Station Road,Motichoor Laddu,Sweet,42,380,15960,Wednesday,0,0,None,60,1,0,36.7
2024-06-19,Station Road,Ghewar,Sweet,18,500,9000,Wednesday,0,0,None,60,1,0,36.7
2024-06-19,Station Road,Gajak,Sweet,1,320,320,Wednesday,0,0,None,60,1,0,36.7
2024-06-19,Station Road,Soan Papdi,Sweet,28,300,8400,Wednesday,0,0,None,60,1,0,36.7
2024-06-19,Station Road,Bikaneri Bhujia,Namkeen,124,360,44640,Wednesday,0,0,None,60,1,0,36.7
2024-06-19,Station Road,Aloo Bhujia,Namkeen,59,300,17700,Wednesday,0,0,None,60,1,0,36.7
2024-06-20,Station Road,Rasgulla,Sweet,32,280,8960,Thursday,0,0,None,60,1,0,45.3
2024-06-20,Station Road,Gulab Jamun,Sweet,53,300,15900,Thursday,0,0,None,60,1,0,45.3
2024-06-20,Station Road,Kaju Katli,Sweet,43,900,38700,Thursday,0,0,None,60,1,0,45.3
2024-06-20,Station Road,Besan Barfi,Sweet,60,378,22680,Thursday,0,0,None,60,1,1,45.3
2024-06-20,Station Road,Motichoor Laddu,Sweet,43,380,16340,Thursday,0,0,None,60,1,0,45.3
2024-06-20,Station Road,Ghewar,Sweet,21,500,10500,Thursday,0,0,None,60,1,0,45.3
2024-06-20,Station Road,Gajak,Sweet,2,320,640,Thursday,0,0,None,60,1,0,45.3
2024-06-20,Station Road,Soan Papdi,Sweet,29,300,8700,Thursday,0,0,None,60,1,0,45.3
2024-06-20,Station Road,Bikaneri Bhujia,Namkeen,127,360,45720,Thursday,0,0,None,60,1,0,45.3
2024-06-20,Station Road,Aloo Bhujia,Namkeen,47,300,14100,Thursday,0,0,None,60,1,0,45.3
2024-06-21,Station Road,Rasgulla,Sweet,41,280,11480,Friday,0,0,None,59,1,0,40.7
2024-06-21,Station Road,Gulab Jamun,Sweet,55,300,16500,Friday,0,0,None,59,1,0,40.7
2024-06-21,Station Road,Kaju Katli,Sweet,51,900,45900,Friday,0,0,None,59,1,0,40.7
2024-06-21,Station Road,Besan Barfi,Sweet,46,420,19320,Friday,0,0,None,59,1,0,40.7
2024-06-21,Station Road,Motichoor Laddu,Sweet,38,380,14440,Friday,0,0,None,59,1,0,40.7
2024-06-21,Station Road,Ghewar,Sweet,20,500,10000,Friday,0,0,None,59,1,0,40.7
2024-06-21,Station Road,Gajak,Sweet,0,320,0,Friday,0,0,None,59,1,0,40.7
2024-06-21,Station Road,Soan Papdi,Sweet,29,300,8700,Friday,0,0,None,59,1,0,40.7
2024-06-21,Station Road,Bikaneri Bhujia,Namkeen,143,360,51480,Friday,0,0,None,59,1,0,40.7
2024-06-21,Station Road,Aloo Bhujia,Namkeen,45,300,13500,Friday,0,0,None,59,1,0,40.7
2024-06-22,Station Road,Rasgulla,Sweet,34,280,9520,Saturday,1,0,None,58,1,0,42.4
2024-06-22,Station Road,Gulab Jamun,Sweet,61,300,18300,Saturday,1,0,None,58,1,0,42.4
2024-06-22,Station Road,Kaju Katli,Sweet,45,900,40500,Saturday,1,0,None,58,1,0,42.4
2024-06-22,Station Road,Besan Barfi,Sweet,69,420,28980,Saturday,1,0,None,58,1,0,42.4
2024-06-22,Station Road,Motichoor Laddu,Sweet,72,380,27360,Saturday,1,0,None,58,1,0,42.4
2024-06-22,Station Road,Ghewar,Sweet,30,500,15000,Saturday,1,0,None,58,1,0,42.4
2024-06-22,Station Road,Gajak,Sweet,4,320,1280,Saturday,1,0,None,58,1,0,42.4
2024-06-22,Station Road,Soan Papdi,Sweet,40,300,12000,Saturday,1,0,None,58,1,0,42.4
2024-06-22,Station Road,Bikaneri Bhujia,Namkeen,146,360,52560,Saturday,1,0,None,58,1,0,42.4
2024-06-22,Station Road,Aloo Bhujia,Namkeen,68,270,18360,Saturday,1,0,None,58,1,1,42.4
2024-06-23,Station Road,Rasgulla,Sweet,47,280,13160,Sunday,1,0,None,57,1,0,40.6
2024-06-23,Station Road,Gulab Jamun,Sweet,81,300,24300,Sunday,1,0,None,57,1,0,40.6
2024-06-23,Station Road,Kaju Katli,Sweet,45,900,40500,Sunday,1,0,None,57,1,0,40.6
2024-06-23,Station Road,Besan Barfi,Sweet,61,420,25620,Sunday,1,0,None,57,1,0,40.6
2024-06-23,Station Road,Motichoor Laddu,Sweet,55,380,20900,Sunday,1,0,None,57,1,0,40.6
2024-06-23,Station Road,Ghewar,Sweet,27,500,13500,Sunday,1,0,None,57,1,0,40.6
2024-06-23,Station Road,Gajak,Sweet,4,320,1280,Sunday,1,0,None,57,1,0,40.6
2024-06-23,Station Road,Soan Papdi,Sweet,44,300,13200,Sunday,1,0,None,57,1,0,40.6
2024-06-23,Station Road,Bikaneri Bhujia,Namkeen,158,360,56880,Sunday,1,0,None,57,1,0,40.6
2024-06-23,Station Road,Aloo Bhujia,Namkeen,68,300,20400,Sunday,1,0,None,57,1,0,40.6
2024-06-24,Station Road,Rasgulla,Sweet,37,280,10360,Monday,0,0,None,56,1,0,43.4
2024-06-24,Station Road,Gulab Jamun,Sweet,51,300,15300,Monday,0,0,None,56,1,0,43.4
2024-06-24,Station Road,Kaju Katli,Sweet,44,900,39600,Monday,0,0,None,56,1,0,43.4
2024-06-24,Station Road,Besan Barfi,Sweet,38,420,15960,Monday,0,0,None,56,1,0,43.4
2024-06-24,Station Road,Motichoor Laddu,Sweet,39,380,14820,Monday,0,0,None,56,1,0,43.4
2024-06-24,Station Road,Ghewar,Sweet,25,500,12500,Monday,0,0,None,56,1,0,43.4
2024-06-24,Station Road,Gajak,Sweet,4,320,1280,Monday,0,0,None,56,1,0,43.4
2024-06-24,Station Road,Soan Papdi,Sweet,27,300,8100,Monday,0,0,None,56,1,0,43.4
2024-06-24,Station Road,Bikaneri Bhujia,Namkeen,109,360,39240,Monday,0,0,None,56,1,0,43.4
2024-06-24,Station Road,Aloo Bhujia,Namkeen,39,300,11700,Monday,0,0,None,56,1,0,43.4
2024-06-25,Station Road,Rasgulla,Sweet,28,280,7840,Tuesday,0,0,None,55,1,0,41.0
2024-06-25,Station Road,Gulab Jamun,Sweet,53,300,15900,Tuesday,0,0,None,55,1,0,41.0
2024-06-25,Station Road,Kaju Katli,Sweet,38,900,34200,Tuesday,0,0,None,55,1,0,41.0
2024-06-25,Station Road,Besan Barfi,Sweet,36,420,15120,Tuesday,0,0,None,55,1,0,41.0
2024-06-25,Station Road,Motichoor Laddu,Sweet,34,380,12920,Tuesday,0,0,None,55,1,0,41.0
2024-06-25,Station Road,Ghewar,Sweet,21,500,10500,Tuesday,0,0,None,55,1,0,41.0
2024-06-25,Station Road,Gajak,Sweet,3,320,960,Tuesday,0,0,None,55,1,0,41.0
2024-06-25,Station Road,Soan Papdi,Sweet,28,300,8400,Tuesday,0,0,None,55,1,0,41.0
2024-06-25,Station Road,Bikaneri Bhujia,Namkeen,97,360,34920,Tuesday,0,0,None,55,1,0,41.0
2024-06-25,Station Road,Aloo Bhujia,Namkeen,50,300,15000,Tuesday,0,0,None,55,1,0,41.0
2024-06-26,Station Road,Rasgulla,Sweet,23,280,6440,Wednesday,0,0,None,54,1,0,38.3
2024-06-26,Station Road,Gulab Jamun,Sweet,51,300,15300,Wednesday,0,0,None,54,1,0,38.3
2024-06-26,Station Road,Kaju Katli,Sweet,40,900,36000,Wednesday,0,0,None,54,1,0,38.3
2024-06-26,Station Road,Besan Barfi,Sweet,39,420,16380,Wednesday,0,0,None,54,1,0,38.3
2024-06-26,Station Road,Motichoor Laddu,Sweet,34,380,12920,Wednesday,0,0,None,54,1,0,38.3
2024-06-26,Station Road,Ghewar,Sweet,20,500,10000,Wednesday,0,0,None,54,1,0,38.3
2024-06-26,Station Road,Gajak,Sweet,1,320,320,Wednesday,0,0,None,54,1,0,38.3
2024-06-26,Station Road,Soan Papdi,Sweet,29,270,7830,Wednesday,0,0,None,54,1,1,38.3
2024-06-26,Station Road,Bikaneri Bhujia,Namkeen,114,360,41040,Wednesday,0,0,None,54,1,0,38.3
2024-06-26,Station Road,Aloo Bhujia,Namkeen,46,300,13800,Wednesday,0,0,None,54,1,0,38.3
2024-06-27,Station Road,Rasgulla,Sweet,33,280,9240,Thursday,0,0,None,53,1,0,36.8
2024-06-27,Station Road,Gulab Jamun,Sweet,44,300,13200,Thursday,0,0,None,53,1,0,36.8
2024-06-27,Station Road,Kaju Katli,Sweet,43,900,38700,Thursday,0,0,None,53,1,0,36.8
2024-06-27,Station Road,Besan Barfi,Sweet,41,420,17220,Thursday,0,0,None,53,1,0,36.8
2024-06-27,Station Road,Motichoor Laddu,Sweet,40,380,15200,Thursday,0,0,None,53,1,0,36.8
2024-06-27,Station Road,Ghewar,Sweet,21,500,10500,Thursday,0,0,None,53,1,0,36.8
2024-06-27,Station Road,Gajak,Sweet,0,320,0,Thursday,0,0,None,53,1,0,36.8
2024-06-27,Station Road,Soan Papdi,Sweet,21,270,5670,Thursday,0,0,None,53,1,1,36.8
2024-06-27,Station Road,Bikaneri Bhujia,Namkeen,113,360,40680,Thursday,0,0,None,53,1,0,36.8
2024-06-27,Station Road,Aloo Bhujia,Namkeen,40,300,12000,Thursday,0,0,None,53,1,0,36.8
2024-06-28,Station Road,Rasgulla,Sweet,44,280,12320,Friday,0,0,None,52,1,0,41.2
2024-06-28,Station Road,Gulab Jamun,Sweet,51,300,15300,Friday,0,0,None,52,1,0,41.2
2024-06-28,Station Road,Kaju Katli,Sweet,34,900,30600,Friday,0,0,None,52,1,0,41.2
2024-06-28,Station Road,Besan Barfi,Sweet,59,420,24780,Friday,0,0,None,52,1,0,41.2
2024-06-28,Station Road,Motichoor Laddu,Sweet,42,380,15960,Friday,0,0,None,52,1,0,41.2
2024-06-28,Station Road,Ghewar,Sweet,22,500,11000,Friday,0,0,None,52,1,0,41.2
2024-06-28,Station Road,Gajak,Sweet,0,320,0,Friday,0,0,None,52,1,0,41.2
2024-06-28,Station Road,Soan Papdi,Sweet,22,300,6600,Friday,0,0,None,52,1,0,41.2
2024-06-28,Station Road,Bikaneri Bhujia,Namkeen,133,360,47880,Friday,0,0,None,52,1,0,41.2
2024-06-28,Station Road,Aloo Bhujia,Namkeen,49,300,14700,Friday,0,0,None,52,1,0,41.2
2024-06-29,Station Road,Rasgulla,Sweet,26,280,7280,Saturday,1,0,None,51,1,0,39.0
2024-06-29,Station Road,Gulab Jamun,Sweet,79,300,23700,Saturday,1,0,None,51,1,0,39.0
2024-06-29,Station Road,Kaju Katli,Sweet,41,900,36900,Saturday,1,0,None,51,1,0,39.0
2024-06-29,Station Road,Besan Barfi,Sweet,62,420,26040,Saturday,1,0,None,51,1,0,39.0
2024-06-29,Station Road,Motichoor Laddu,Sweet,66,380,25080,Saturday,1,0,None,51,1,0,39.0
2024-06-29,Station Road,Ghewar,Sweet,24,500,12000,Saturday,1,0,None,51,1,0,39.0
2024-06-29,Station Road,Gajak,Sweet,1,320,320,Saturday,1,0,None,51,1,0,39.0
2024-06-29,Station Road,Soan Papdi,Sweet,39,300,11700,Saturday,1,0,None,51,1,0,39.0
2024-06-29,Station Road,Bikaneri Bhujia,Namkeen,149,360,53640,Saturday,1,0,None,51,1,0,39.0
2024-06-29,Station Road,Aloo Bhujia,Namkeen,63,270,17010,Saturday,1,0,None,51,1,1,39.0
2024-06-30,Station Road,Rasgulla,Sweet,48,280,13440,Sunday,1,0,None,50,1,0,37.1
2024-06-30,Station Road,Gulab Jamun,Sweet,75,300,22500,Sunday,1,0,None,50,1,0,37.1
2024-06-30,Station Road,Kaju Katli,Sweet,49,900,44100,Sunday,1,0,None,50,1,0,37.1
2024-06-30,Station Road,Besan Barfi,Sweet,57,420,23940,Sunday,1,0,None,50,1,0,37.1
2024-06-30,Station Road,Motichoor Laddu,Sweet,80,380,30400,Sunday,1,0,None,50,1,0,37.1
2024-06-30,Station Road,Ghewar,Sweet,33,500,16500,Sunday,1,0,None,50,1,0,37.1
2024-06-30,Station Road,Gajak,Sweet,2,320,640,Sunday,1,0,None,50,1,0,37.1
2024-06-30,Station Road,Soan Papdi,Sweet,40,300,12000,Sunday,1,0,None,50,1,0,37.1
2024-06-30,Station Road,Bikaneri Bhujia,Namkeen,173,360,62280,Sunday,1,0,None,50,1,0,37.1
2024-06-30,Station Road,Aloo Bhujia,Namkeen,64,300,19200,Sunday,1,0,None,50,1,0,37.1
2024-07-01,Station Road,Rasgulla,Sweet,40,280,11200,Monday,0,0,None,49,1,0,35.9
2024-07-01,Station Road,Gulab Jamun,Sweet,59,300,17700,Monday,0,0,None,49,1,0,35.9
2024-07-01,Station Road,Kaju Katli,Sweet,31,900,27900,Monday,0,0,None,49,1,0,35.9
2024-07-01,Station Road,Besan Barfi,Sweet,58,378,21924,Monday,0,0,None,49,1,1,35.9
2024-07-01,Station Road,Motichoor Laddu,Sweet,37,380,14060,Monday,0,0,None,49,1,0,35.9
2024-07-01,Station Road,Ghewar,Sweet,54,500,27000,Monday,0,0,None,49,1,0,35.9
2024-07-01,Station Road,Gajak,Sweet,3,320,960,Monday,0,0,None,49,1,0,35.9
2024-07-01,Station Road,Soan Papdi,Sweet,32,300,9600,Monday,0,0,None,49,1,0,35.9
2024-07-01,Station Road,Bikaneri Bhujia,Namkeen,121,360,43560,Monday,0,0,None,49,1,0,35.9
2024-07-01,Station Road,Aloo Bhujia,Namkeen,32,300,9600,Monday,0,0,None,49,1,0,35.9
2024-07-02,Station Road,Rasgulla,Sweet,52,252,13104,Tuesday,0,0,None,48,1,1,35.9
2024-07-02,Station Road,Gulab Jamun,Sweet,43,300,12900,Tuesday,0,0,None,48,1,0,35.9
2024-07-02,Station Road,Kaju Katli,Sweet,38,900,34200,Tuesday,0,0,None,48,1,0,35.9
2024-07-02,Station Road,Besan Barfi,Sweet,30,420,12600,Tuesday,0,0,None,48,1,0,35.9
2024-07-02,Station Road,Motichoor Laddu,Sweet,48,380,18240,Tuesday,0,0,None,48,1,0,35.9
2024-07-02,Station Road,Ghewar,Sweet,49,500,24500,Tuesday,0,0,None,48,1,0,35.9
2024-07-02,Station Road,Gajak,Sweet,0,320,0,Tuesday,0,0,None,48,1,0,35.9
2024-07-02,Station Road,Soan Papdi,Sweet,19,300,5700,Tuesday,0,0,None,48,1,0,35.9
2024-07-02,Station Road,Bikaneri Bhujia,Namkeen,112,360,40320,Tuesday,0,0,None,48,1,0,35.9
2024-07-02,Station Road,Aloo Bhujia,Namkeen,46,300,13800,Tuesday,0,0,None,48,1,0,35.9
2024-07-03,Station Road,Rasgulla,Sweet,56,280,15680,Wednesday,0,0,None,47,1,0,33.6
2024-07-03,Station Road,Gulab Jamun,Sweet,47,300,14100,Wednesday,0,0,None,47,1,0,33.6
2024-07-03,Station Road,Kaju Katli,Sweet,26,900,23400,Wednesday,0,0,None,47,1,0,33.6
2024-07-03,Station Road,Besan Barfi,Sweet,39,420,16380,Wednesday,0,0,None,47,1,0,33.6
2024-07-03,Station Road,Motichoor Laddu,Sweet,33,380,12540,Wednesday,0,0,None,47,1,0,33.6
2024-07-03,Station Road,Ghewar,Sweet,57,500,28500,Wednesday,0,0,None,47,1,0,33.6
2024-07-03,Station Road,Gajak,Sweet,0,320,0,Wednesday,0,0,None,47,1,0,33.6
2024-07-03,Station Road,Soan Papdi,Sweet,32,300,9600,Wednesday,0,0,None,47,1,0,33.6
2024-07-03,Station Road,Bikaneri Bhujia,Namkeen,119,360,42840,Wednesday,0,0,None,47,1,0,33.6
2024-07-03,Station Road,Aloo Bhujia,Namkeen,46,300,13800,Wednesday,0,0,None,47,1,0,33.6
2024-07-04,Station Road,Rasgulla,Sweet,54,280,15120,Thursday,0,0,None,46,1,0,39.0
2024-07-04,Station Road,Gulab Jamun,Sweet,69,300,20700,Thursday,0,0,None,46,1,0,39.0
2024-07-04,Station Road,Kaju Katli,Sweet,41,900,36900,Thursday,0,0,None,46,1,0,39.0
2024-07-04,Station Road,Besan Barfi,Sweet,42,420,17640,Thursday,0,0,None,46,1,0,39.0
2024-07-04,Station Road,Motichoor Laddu,Sweet,35,380,13300,Thursday,0,0,None,46,1,0,39.0
2024-07-04,Station Road,Ghewar,Sweet,76,500,38000,Thursday,0,0,None,46,1,0,39.0
2024-07-04,Station Road,Gajak,Sweet,4,320,1280,Thursday,0,0,None,46,1,0,39.0
2024-07-04,Station Road,Soan Papdi,Sweet,28,300,8400,Thursday,0,0,None,46,1,0,39.0
2024-07-04,Station Road,Bikaneri Bhujia,Namkeen,129,360,46440,Thursday,0,0,None,46,1,0,39.0
2024-07-04,Station Road,Aloo Bhujia,Namkeen,50,300,15000,Thursday,0,0,None,46,1,0,39.0
2024-07-05,Station Road,Rasgulla,Sweet,55,280,15400,Friday,0,0,None,45,1,0,35.4
2024-07-05,Station Road,Gulab Jamun,Sweet,62,300,18600,Friday,0,0,None,45,1,0,35.4
2024-07-05,Station Road,Kaju Katli,Sweet,44,900,39600,Friday,0,0,None,45,1,0,35.4
2024-07-05,Station Road,Besan Barfi,Sweet,51,420,21420,Friday,0,0,None,45,1,0,35.4
2024-07-05,Station Road,Motichoor Laddu,Sweet,46,380,17480,Friday,0,0,None,45,1,0,35.4
2024-07-05,Station Road,Ghewar,Sweet,76,500,38000,Friday,0,0,None,45,1,0,35.4
2024-07-05,Station Road,Gajak,Sweet,1,320,320,Friday,0,0,None,45,1,0,35.4
2024-07-05,Station Road,Soan Papdi,Sweet,42,300,12600,Friday,0,0,None,45,1,0,35.4
2024-07-05,Station Road,Bikaneri Bhujia,Namkeen,128,360,46080,Friday,0,0,None,45,1,0,35.4
2024-07-05,Station Road,Aloo Bhujia,Namkeen,47,300,14100,Friday,0,0,None,45,1,0,35.4
2024-07-06,Station Road,Rasgulla,Sweet,56,280,15680,Saturday,1,0,None,44,1,0,40.4
2024-07-06,Station Road,Gulab Jamun,Sweet,81,300,24300,Saturday,1,0,None,44,1,0,40.4
2024-07-06,Station Road,Kaju Katli,Sweet,52,900,46800,Saturday,1,0,None,44,1,0,40.4
2024-07-06,Station Road,Besan Barfi,Sweet,60,420,25200,Saturday,1,0,None,44,1,0,40.4
2024-07-06,Station Road,Motichoor Laddu,Sweet,54,380,20520,Saturday,1,0,None,44,1,0,40.4
2024-07-06,Station Road,Ghewar,Sweet,90,500,45000,Saturday,1,0,None,44,1,0,40.4
2024-07-06,Station Road,Gajak,Sweet,0,320,0,Saturday,1,0,None,44,1,0,40.4
2024-07-06,Station Road,Soan Papdi,Sweet,39,300,11700,Saturday,1,0,None,44,1,0,40.4
2024-07-06,Station Road,Bikaneri Bhujia,Namkeen,177,360,63720,Saturday,1,0,None,44,1,0,40.4
2024-07-06,Station Road,Aloo Bhujia,Namkeen,48,300,14400,Saturday,1,0,None,44,1,0,40.4
2024-07-07,Station Road,Rasgulla,Sweet,82,280,22960,Sunday,1,0,None,43,1,0,37.6
2024-07-07,Station Road,Gulab Jamun,Sweet,107,300,32100,Sunday,1,0,None,43,1,0,37.6
2024-07-07,Station Road,Kaju Katli,Sweet,57,900,51300,Sunday,1,0,None,43,1,0,37.6
2024-07-07,Station Road,Besan Barfi,Sweet,57,420,23940,Sunday,1,0,None,43,1,0,37.6
2024-07-07,Station Road,Motichoor Laddu,Sweet,72,380,27360,Sunday,1,0,None,43,1,0,37.6
2024-07-07,Station Road,Ghewar,Sweet,88,500,44000,Sunday,1,0,None,43,1,0,37.6
2024-07-07,Station Road,Gajak,Sweet,2,320,640,Sunday,1,0,None,43,1,0,37.6
2024-07-07,Station Road,Soan Papdi,Sweet,42,300,12600,Sunday,1,0,None,43,1,0,37.6
2024-07-07,Station Road,Bikaneri Bhujia,Namkeen,167,360,60120,Sunday,1,0,None,43,1,0,37.6
2024-07-07,Station Road,Aloo Bhujia,Namkeen,70,300,21000,Sunday,1,0,None,43,1,0,37.6
2024-07-08,Station Road,Rasgulla,Sweet,54,280,15120,Monday,0,0,None,42,1,0,37.4
2024-07-08,Station Road,Gulab Jamun,Sweet,63,300,18900,Monday,0,0,None,42,1,0,37.4
2024-07-08,Station Road,Kaju Katli,Sweet,38,900,34200,Monday,0,0,None,42,1,0,37.4
2024-07-08,Station Road,Besan Barfi,Sweet,37,420,15540,Monday,0,0,None,42,1,0,37.4
2024-07-08,Station Road,Motichoor Laddu,Sweet,42,380,15960,Monday,0,0,None,42,1,0,37.4
2024-07-08,Station Road,Ghewar,Sweet,46,500,23000,Monday,0,0,None,42,1,0,37.4
2024-07-08,Station Road,Gajak,Sweet,1,320,320,Monday,0,0,None,42,1,0,37.4
2024-07-08,Station Road,Soan Papdi,Sweet,26,270,7020,Monday,0,0,None,42,1,1,37.4
2024-07-08,Station Road,Bikaneri Bhujia,Namkeen,118,360,42480,Monday,0,0,None,42,1,0,37.4
2024-07-08,Station Road,Aloo Bhujia,Namkeen,53,300,15900,Monday,0,0,None,42,1,0,37.4
2024-07-09,Station Road,Rasgulla,Sweet,45,280,12600,Tuesday,0,0,None,41,1,0,35.0
2024-07-09,Station Road,Gulab Jamun,Sweet,59,300,17700,Tuesday,0,0,None,41,1,0,35.0
2024-07-09,Station Road,Kaju Katli,Sweet,34,900,30600,Tuesday,0,0,None,41,1,0,35.0
2024-07-09,Station Road,Besan Barfi,Sweet,45,420,18900,Tuesday,0,0,None,41,1,0,35.0
2024-07-09,Station Road,Motichoor Laddu,Sweet,36,380,13680,Tuesday,0,0,None,41,1,0,35.0
2024-07-09,Station Road,Ghewar,Sweet,69,500,34500,Tuesday,0,0,None,41,1,0,35.0
2024-07-09,Station Road,Gajak,Sweet,0,320,0,Tuesday,0,0,None,41,1,0,35.0
2024-07-09,Station Road,Soan Papdi,Sweet,26,300,7800,Tuesday,0,0,None,41,1,0,35.0
2024-07-09,Station Road,Bikaneri Bhujia,Namkeen,96,360,34560,Tuesday,0,0,None,41,1,0,35.0
2024-07-09,Station Road,Aloo Bhujia,Namkeen,46,300,13800,Tuesday,0,0,None,41,1,0,35.0
2024-07-10,Station Road,Rasgulla,Sweet,35,280,9800,Wednesday,0,0,None,40,1,0,33.1
2024-07-10,Station Road,Gulab Jamun,Sweet,71,270,19170,Wednesday,0,0,None,40,1,1,33.1
2024-07-10,Station Road,Kaju Katli,Sweet,39,900,35100,Wednesday,0,0,None,40,1,0,33.1
2024-07-10,Station Road,Besan Barfi,Sweet,40,420,16800,Wednesday,0,0,None,40,1,0,33.1
2024-07-10,Station Road,Motichoor Laddu,Sweet,43,380,16340,Wednesday,0,0,None,40,1,0,33.1
2024-07-10,Station Road,Ghewar,Sweet,67,500,33500,Wednesday,0,0,None,40,1,0,33.1
2024-07-10,Station Road,Gajak,Sweet,2,320,640,Wednesday,0,0,None,40,1,0,33.1
2024-07-10,Station Road,Soan Papdi,Sweet,20,300,6000,Wednesday,0,0,None,40,1,0,33.1
2024-07-10,Station Road,Bikaneri Bhujia,Namkeen,124,360,44640,Wednesday,0,0,None,40,1,0,33.1
2024-07-10,Station Road,Aloo Bhujia,Namkeen,42,300,12600,Wednesday,0,0,None,40,1,0,33.1
2024-07-11,Station Road,Rasgulla,Sweet,67,280,18760,Thursday,0,0,None,39,1,0,37.5
2024-07-11,Station Road,Gulab Jamun,Sweet,59,300,17700,Thursday,0,0,None,39,1,0,37.5
2024-07-11,Station Road,Kaju Katli,Sweet,35,900,31500,Thursday,0,0,None,39,1,0,37.5
2024-07-11,Station Road,Besan Barfi,Sweet,48,420,20160,Thursday,0,0,None,39,1,0,37.5
2024-07-11,Station Road,Motichoor Laddu,Sweet,29,380,11020,Thursday,0,0,None,39,1,0,37.5
2024-07-11,Station Road,Ghewar,Sweet,74,500,37000,Thursday,0,0,None,39,1,0,37.5
2024-07-11,Station Road,Gajak,Sweet,3,320,960,Thursday,0,0,None,39,1,0,37.5
2024-07-11,Station Road,Soan Papdi,Sweet,14,300,4200,Thursday,0,0,None,39,1,0,37.5
2024-07-11,Station Road,Bikaneri Bhujia,Namkeen,125,360,45000,Thursday,0,0,None,39,1,0,37.5
2024-07-11,Station Road,Aloo Bhujia,Namkeen,53,300,15900,Thursday,0,0,None,39,1,0,37.5
2024-07-12,Station Road,Rasgulla,Sweet,62,280,17360,Friday,0,0,None,38,1,0,36.3
2024-07-12,Station Road,Gulab Jamun,Sweet,75,300,22500,Friday,0,0,None,38,1,0,36.3
2024-07-12,Station Road,Kaju Katli,Sweet,44,900,39600,Friday,0,0,None,38,1,0,36.3
2024-07-12,Station Road,Besan Barfi,Sweet,63,420,26460,Friday,0,0,None,38,1,0,36.3
2024-07-12,Station Road,Motichoor Laddu,Sweet,55,380,20900,Friday,0,0,None,38,1,0,36.3
2024-07-12,Station Road,Ghewar,Sweet,81,500,40500,Friday,0,0,None,38,1,0,36.3
2024-07-12,Station Road,Gajak,Sweet,2,320,640,Friday,0,0,None,38,1,0,36.3
2024-07-12,Station Road,Soan Papdi,Sweet,29,300,8700,Friday,0,0,None,38,1,0,36.3
2024-07-12,Station Road,Bikaneri Bhujia,Namkeen,143,360,51480,Friday,0,0,None,38,1,0,36.3
2024-07-12,Station Road,Aloo Bhujia,Namkeen,55,300,16500,Friday,0,0,None,38,1,0,36.3
2024-07-13,Station Road,Rasgulla,Sweet,75,280,21000,Saturday,1,0,None,37,1,0,33.9
2024-07-13,Station Road,Gulab Jamun,Sweet,94,300,28200,Saturday,1,0,None,37,1,0,33.9
2024-07-13,Station Road,Kaju Katli,Sweet,45,900,40500,Saturday,1,0,None,37,1,0,33.9
2024-07-13,Station Road,Besan Barfi,Sweet,71,420,29820,Saturday,1,0,None,37,1,0,33.9
2024-07-13,Station Road,Motichoor Laddu,Sweet,44,380,16720,Saturday,1,0,None,37,1,0,33.9
2024-07-13,Station Road,Ghewar,Sweet,85,500,42500,Saturday,1,0,None,37,1,0,33.9
2024-07-13,Station Road,Gajak,Sweet,4,320,1280,Saturday,1,0,None,37,1,0,33.9
2024-07-13,Station Road,Soan Papdi,Sweet,36,300,10800,Saturday,1,0,None,37,1,0,33.9
2024-07-13,Station Road,Bikaneri Bhujia,Namkeen,174,360,62640,Saturday,1,0,None,37,1,0,33.9
2024-07-13,Station Road,Aloo Bhujia,Namkeen,57,300,17100,Saturday,1,0,None,37,1,0,33.9
2024-07-14,Station Road,Rasgulla,Sweet,83,280,23240,Sunday,1,0,None,36,1,0,38.2
2024-07-14,Station Road,Gulab Jamun,Sweet,91,300,27300,Sunday,1,0,None,36,1,0,38.2
2024-07-14,Station Road,Kaju Katli,Sweet,51,900,45900,Sunday,1,0,None,36,1,0,38.2
2024-07-14,Station Road,Besan Barfi,Sweet,72,420,30240,Sunday,1,0,None,36,1,0,38.2
2024-07-14,Station Road,Motichoor Laddu,Sweet,55,380,20900,Sunday,1,0,None,36,1,0,38.2
2024-07-14,Station Road,Ghewar,Sweet,102,500,51000,Sunday,1,0,None,36,1,0,38.2
2024-07-14,Station Road,Gajak,Sweet,2,320,640,Sunday,1,0,None,36,1,0,38.2
2024-07-14,Station Road,Soan Papdi,Sweet,46,300,13800,Sunday,1,0,None,36,1,0,38.2
2024-07-14,Station Road,Bikaneri Bhujia,Namkeen,155,360,55800,Sunday,1,0,None,36,1,0,38.2
2024-07-14,Station Road,Aloo Bhujia,Namkeen,74,300,22200,Sunday,1,0,None,36,1,0,38.2
2024-07-15,Station Road,Rasgulla,Sweet,36,280,10080,Monday,0,0,None,35,1,0,33.6
2024-07-15,Station Road,Gulab Jamun,Sweet,69,300,20700,Monday,0,0,None,35,1,0,33.6
2024-07-15,Station Road,Kaju Katli,Sweet,40,900,36000,Monday,0,0,None,35,1,0,33.6
2024-07-15,Station Road,Besan Barfi,Sweet,54,420,22680,Monday,0,0,None,35,1,0,33.6
2024-07-15,Station Road,Motichoor Laddu,Sweet,35,380,13300,Monday,0,0,None,35,1,0,33.6
2024-07-15,Station Road,Ghewar,Sweet,77,500,38500,Monday,0,0,None,35,1,0,33.6
2024-07-15,Station Road,Gajak,Sweet,0,320,0,Monday,0,0,None,35,1,0,33.6
2024-07-15,Station Road,Soan Papdi,Sweet,29,300,8700,Monday,0,0,None,35,1,0,33.6
2024-07-15,Station Road,Bikaneri Bhujia,Namkeen,128,324,41472,Monday,0,0,None,35,1,1,33.6
2024-07-15,Station Road,Aloo Bhujia,Namkeen,41,300,12300,Monday,0,0,None,35,1,0,33.6
2024-07-16,Station Road,Rasgulla,Sweet,35,280,9800,Tuesday,0,0,None,34,1,0,34.1
2024-07-16,Station Road,Gulab Jamun,Sweet,39,300,11700,Tuesday,0,0,None,34,1,0,34.1
2024-07-16,Station Road,Kaju Katli,Sweet,40,900,36000,Tuesday,0,0,None,34,1,0,34.1
2024-07-16,Station Road,Besan Barfi,Sweet,43,420,18060,Tuesday,0,0,None,34,1,0,34.1
2024-07-16,Station Road,Motichoor Laddu,Sweet,26,380,9880,Tuesday,0,0,None,34,1,0,34.1
2024-07-16,Station Road,Ghewar,Sweet,50,500,25000,Tuesday,0,0,None,34,1,0,34.1
2024-07-16,Station Road,Gajak,Sweet,3,320,960,Tuesday,0,0,None,34,1,0,34.1
2024-07-16,Station Road,Soan Papdi,Sweet,21,300,6300,Tuesday,0,0,None,34,1,0,34.1
2024-07-16,Station Road,Bikaneri Bhujia,Namkeen,109,360,39240,Tuesday,0,0,None,34,1,0,34.1
2024-07-16,Station Road,Aloo Bhujia,Namkeen,42,300,12600,Tuesday,0,0,None,34,1,0,34.1
2024-07-17,Station Road,Rasgulla,Sweet,44,280,12320,Wednesday,0,0,None,33,1,0,40.9
2024-07-17,Station Road,Gulab Jamun,Sweet,64,300,19200,Wednesday,0,0,None,33,1,0,40.9
2024-07-17,Station Road,Kaju Katli,Sweet,42,900,37800,Wednesday,0,0,None,33,1,0,40.9
2024-07-17,Station Road,Besan Barfi,Sweet,33,420,13860,Wednesday,0,0,None,33,1,0,40.9
2024-07-17,Station Road,Motichoor Laddu,Sweet,35,380,13300,Wednesday,0,0,None,33,1,0,40.9
2024-07-17,Station Road,Ghewar,Sweet,62,500,31000,Wednesday,0,0,None,33,1,0,40.9
2024-07-17,Station Road,Gajak,Sweet,0,320,0,Wednesday,0,0,None,33,1,0,40.9
2024-07-17,Station Road,Soan Papdi,Sweet,22,300,6600,Wednesday,0,0,None,33,1,0,40.9
2024-07-17,Station Road,Bikaneri Bhujia,Namkeen,107,360,38520,Wednesday,0,0,None,33,1,0,40.9
2024-07-17,Station Road,Aloo Bhujia,Namkeen,46,300,13800,Wednesday,0,0,None,33,1,0,40.9
2024-07-18,Station Road,Rasgulla,Sweet,42,280,11760,Thursday,0,0,None,32,1,0,39.7
2024-07-18,Station Road,Gulab Jamun,Sweet,54,300,16200,Thursday,0,0,None,32,1,0,39.7
2024-07-18,Station Road,Kaju Katli,Sweet,43,810,34830,Thursday,0,0,None,32,1,1,39.7
2024-07-18,Station Road,Besan Barfi,Sweet,40,420,16800,Thursday,0,0,None,32,1,0,39.7
2024-07-18,Station Road,Motichoor Laddu,Sweet,40,380,15200,Thursday,0,0,None,32,1,0,39.7
2024-07-18,Station Road,Ghewar,Sweet,57,500,28500,Thursday,0,0,None,32,1,0,39.7
2024-07-18,Station Road,Gajak,Sweet,2,320,640,Thursday,0,0,None,32,1,0,39.7
2024-07-18,Station Road,Soan Papdi,Sweet,26,300,7800,Thursday,0,0,None,32,1,0,39.7
2024-07-18,Station Road,Bikaneri Bhujia,Namkeen,105,360,37800,Thursday,0,0,None,32,1,0,39.7
2024-07-18,Station Road,Aloo Bhujia,Namkeen,48,300,14400,Thursday,0,0,None,32,1,0,39.7
2024-07-19,Station Road,Rasgulla,Sweet,85,280,23800,Friday,0,0,None,31,1,0,37.1
2024-07-19,Station Road,Gulab Jamun,Sweet,60,300,18000,Friday,0,0,None,31,1,0,37.1
2024-07-19,Station Road,Kaju Katli,Sweet,46,810,37260,Friday,0,0,None,31,1,1,37.1
2024-07-19,Station Road,Besan Barfi,Sweet,52,420,21840,Friday,0,0,None,31,1,0,37.1
2024-07-19,Station Road,Motichoor Laddu,Sweet,45,380,17100,Friday,0,0,None,31,1,0,37.1
2024-07-19,Station Road,Ghewar,Sweet,71,500,35500,Friday,0,0,None,31,1,0,37.1
2024-07-19,Station Road,Gajak,Sweet,3,320,960,Friday,0,0,None,31,1,0,37.1
2024-07-19,Station Road,Soan Papdi,Sweet,32,300,9600,Friday,0,0,None,31,1,0,37.1
2024-07-19,Station Road,Bikaneri Bhujia,Namkeen,124,360,44640,Friday,0,0,None,31,1,0,37.1
2024-07-19,Station Road,Aloo Bhujia,Namkeen,56,300,16800,Friday,0,0,None,31,1,0,37.1
2024-07-20,Station Road,Rasgulla,Sweet,74,280,20720,Saturday,1,0,None,30,1,0,37.3
2024-07-20,Station Road,Gulab Jamun,Sweet,79,300,23700,Saturday,1,0,None,30,1,0,37.3
2024-07-20,Station Road,Kaju Katli,Sweet,47,900,42300,Saturday,1,0,None,30,1,0,37.3
2024-07-20,Station Road,Besan Barfi,Sweet,66,420,27720,Saturday,1,0,None,30,1,0,37.3
2024-07-20,Station Road,Motichoor Laddu,Sweet,48,380,18240,Saturday,1,0,None,30,1,0,37.3
2024-07-20,Station Road,Ghewar,Sweet,77,500,38500,Saturday,1,0,None,30,1,0,37.3
2024-07-20,Station Road,Gajak,Sweet,2,320,640,Saturday,1,0,None,30,1,0,37.3
2024-07-20,Station Road,Soan Papdi,Sweet,29,300,8700,Saturday,1,0,None,30,1,0,37.3
2024-07-20,Station Road,Bikaneri Bhujia,Namkeen,168,360,60480,Saturday,1,0,None,30,1,0,37.3
2024-07-20,Station Road,Aloo Bhujia,Namkeen,70,300,21000,Saturday,1,0,None,30,1,0,37.3
2024-07-21,Station Road,Rasgulla,Sweet,60,280,16800,Sunday,1,0,None,29,1,0,32.6
2024-07-21,Station Road,Gulab Jamun,Sweet,100,300,30000,Sunday,1,0,None,29,1,0,32.6
2024-07-21,Station Road,Kaju Katli,Sweet,70,900,63000,Sunday,1,0,None,29,1,0,32.6
2024-07-21,Station Road,Besan Barfi,Sweet,68,420,28560,Sunday,1,0,None,29,1,0,32.6
2024-07-21,Station Road,Motichoor Laddu,Sweet,46,380,17480,Sunday,1,0,None,29,1,0,32.6
2024-07-21,Station Road,Ghewar,Sweet,83,500,41500,Sunday,1,0,None,29,1,0,32.6
2024-07-21,Station Road,Gajak,Sweet,1,320,320,Sunday,1,0,None,29,1,0,32.6
2024-07-21,Station Road,Soan Papdi,Sweet,51,300,15300,Sunday,1,0,None,29,1,0,32.6
2024-07-21,Station Road,Bikaneri Bhujia,Namkeen,190,360,68400,Sunday,1,0,None,29,1,0,32.6
2024-07-21,Station Road,Aloo Bhujia,Namkeen,53,300,15900,Sunday,1,0,None,29,1,0,32.6
2024-07-22,Station Road,Rasgulla,Sweet,56,280,15680,Monday,0,0,None,28,1,0,32.8
2024-07-22,Station Road,Gulab Jamun,Sweet,65,300,19500,Monday,0,0,None,28,1,0,32.8
2024-07-22,Station Road,Kaju Katli,Sweet,31,900,27900,Monday,0,0,None,28,1,0,32.8
2024-07-22,Station Road,Besan Barfi,Sweet,54,420,22680,Monday,0,0,None,28,1,0,32.8
2024-07-22,Station Road,Motichoor Laddu,Sweet,33,380,12540,Monday,0,0,None,28,1,0,32.8
2024-07-22,Station Road,Ghewar,Sweet,70,500,35000,Monday,0,0,None,28,1,0,32.8
2024-07-22,Station Road,Gajak,Sweet,2,320,640,Monday,0,0,None,28,1,0,32.8
2024-07-22,Station Road,Soan Papdi,Sweet,22,300,6600,Monday,0,0,None,28,1,0,32.8
2024-07-22,Station Road,Bikaneri Bhujia,Namkeen,112,360,40320,Monday,0,0,None,28,1,0,32.8
2024-07-22,Station Road,Aloo Bhujia,Namkeen,23,300,6900,Monday,0,0,None,28,1,0,32.8
2024-07-23,Station Road,Rasgulla,Sweet,56,280,15680,Tuesday,0,0,None,27,1,0,40.5
2024-07-23,Station Road,Gulab Jamun,Sweet,57,300,17100,Tuesday,0,0,None,27,1,0,40.5
2024-07-23,Station Road,Kaju Katli,Sweet,34,900,30600,Tuesday,0,0,None,27,1,0,40.5
2024-07-23,Station Road,Besan Barfi,Sweet,34,420,14280,Tuesday,0,0,None,27,1,0,40.5
2024-07-23,Station Road,Motichoor Laddu,Sweet,43,380,16340,Tuesday,0,0,None,27,1,0,40.5
2024-07-23,Station Road,Ghewar,Sweet,68,500,34000,Tuesday,0,0,None,27,1,0,40.5
2024-07-23,Station Road,Gajak,Sweet,3,320,960,Tuesday,0,0,None,27,1,0,40.5
2024-07-23,Station Road,Soan Papdi,Sweet,24,300,7200,Tuesday,0,0,None,27,1,0,40.5
2024-07-23,Station Road,Bikaneri Bhujia,Namkeen,115,360,41400,Tuesday,0,0,None,27,1,0,40.5
2024-07-23,Station Road,Aloo Bhujia,Namkeen,35,300,10500,Tuesday,0,0,None,27,1,0,40.5
2024-07-24,Station Road,Rasgulla,Sweet,56,280,15680,Wednesday,0,0,None,26,1,0,36.5
2024-07-24,Station Road,Gulab Jamun,Sweet,60,300,18000,Wednesday,0,0,None,26,1,0,36.5
2024-07-24,Station Road,Kaju Katli,Sweet,44,810,35640,Wednesday,0,0,None,26,1,1,36.5
2024-07-24,Station Road,Besan Barfi,Sweet,45,420,18900,Wednesday,0,0,None,26,1,0,36.5
2024-07-24,Station Road,Motichoor Laddu,Sweet,46,380,17480,Wednesday,0,0,None,26,1,0,36.5
2024-07-24,Station Road,Ghewar,Sweet,77,500,38500,Wednesday,0,0,None,26,1,0,36.5
2024-07-24,Station Road,Gajak,Sweet,2,320,640,Wednesday,0,0,None,26,1,0,36.5
2024-07-24,Station Road,Soan Papdi,Sweet,28,300,8400,Wednesday,0,0,None,26,1,0,36.5
2024-07-24,Station Road,Bikaneri Bhujia,Namkeen,108,360,38880,Wednesday,0,0,None,26,1,0,36.5
2024-07-24,Station Road,Aloo Bhujia,Namkeen,46,300,13800,Wednesday,0,0,None,26,1,0,36.5
2024-07-25,Station Road,Rasgulla,Sweet,50,280,14000,Thursday,0,0,None,25,1,0,36.0
2024-07-25,Station Road,Gulab Jamun,Sweet,64,300,19200,Thursday,0,0,None,25,1,0,36.0
2024-07-25,Station Road,Kaju Katli,Sweet,43,810,34830,Thursday,0,0,None,25,1,1,36.0
2024-07-25,Station Road,Besan Barfi,Sweet,55,420,23100,Thursday,0,0,None,25,1,0,36.0
2024-07-25,Station Road,Motichoor Laddu,Sweet,35,380,13300,Thursday,0,0,None,25,1,0,36.0
2024-07-25,Station Road,Ghewar,Sweet,65,500,32500,Thursday,0,0,None,25,1,0,36.0
2024-07-25,Station Road,Gajak,Sweet,3,320,960,Thursday,0,0,None,25,1,0,36.0
2024-07-25,Station Road,Soan Papdi,Sweet,31,300,9300,Thursday,0,0,None,25,1,0,36.0
2024-07-25,Station Road,Bikaneri Bhujia,Namkeen,138,324,44712,Thursday,0,0,None,25,1,1,36.0
2024-07-25,Station Road,Aloo Bhujia,Namkeen,51,300,15300,Thursday,0,0,None,25,1,0,36.0
2024-07-26,Station Road,Rasgulla,Sweet,56,280,15680,Friday,0,0,None,24,1,0,42.3
2024-07-26,Station Road,Gulab Jamun,Sweet,63,300,18900,Friday,0,0,None,24,1,0,42.3
2024-07-26,Station Road,Kaju Katli,Sweet,37,900,33300,Friday,0,0,None,24,1,0,42.3
2024-07-26,Station Road,Besan Barfi,Sweet,46,420,19320,Friday,0,0,None,24,1,0,42.3
2024-07-26,Station Road,Motichoor Laddu,Sweet,50,380,19000,Friday,0,0,None,24,1,0,42.3
2024-07-26,Station Road,Ghewar,Sweet,75,500,37500,Friday,0,0,None,24,1,0,42.3
2024-07-26,Station Road,Gajak,Sweet,3,320,960,Friday,0,0,None,24,1,0,42.3
2024-07-26,Station Road,Soan Papdi,Sweet,44,300,13200,Friday,0,0,None,24,1,0,42.3
2024-07-26,Station Road,Bikaneri Bhujia,Namkeen,135,360,48600,Friday,0,0,None,24,1,0,42.3
2024-07-26,Station Road,Aloo Bhujia,Namkeen,49,300,14700,Friday,0,0,None,24,1,0,42.3
2024-07-27,Station Road,Rasgulla,Sweet,69,280,19320,Saturday,1,0,None,23,1,0,37.2
2024-07-27,Station Road,Gulab Jamun,Sweet,82,300,24600,Saturday,1,0,None,23,1,0,37.2
2024-07-27,Station Road,Kaju Katli,Sweet,53,900,47700,Saturday,1,0,None,23,1,0,37.2
2024-07-27,Station Road,Besan Barfi,Sweet,63,420,26460,Saturday,1,0,None,23,1,0,37.2
2024-07-27,Station Road,Motichoor Laddu,Sweet,55,380,20900,Saturday,1,0,None,23,1,0,37.2
2024-07-27,Station Road,Ghewar,Sweet,69,500,34500,Saturday,1,0,None,23,1,0,37.2
2024-07-27,Station Road,Gajak,Sweet,1,320,320,Saturday,1,0,None,23,1,0,37.2
2024-07-27,Station Road,Soan Papdi,Sweet,35,300,10500,Saturday,1,0,None,23,1,0,37.2
2024-07-27,Station Road,Bikaneri Bhujia,Namkeen,200,324,64800,Saturday,1,0,None,23,1,1,37.2
2024-07-27,Station Road,Aloo Bhujia,Namkeen,63,300,18900,Saturday,1,0,None,23,1,0,37.2
2024-07-28,Station Road,Rasgulla,Sweet,86,280,24080,Sunday,1,0,None,22,1,0,36.6
2024-07-28,Station Road,Gulab Jamun,Sweet,90,300,27000,Sunday,1,0,None,22,1,0,36.6
2024-07-28,Station Road,Kaju Katli,Sweet,49,900,44100,Sunday,1,0,None,22,1,0,36.6
2024-07-28,Station Road,Besan Barfi,Sweet,55,420,23100,Sunday,1,0,None,22,1,0,36.6
2024-07-28,Station Road,Motichoor Laddu,Sweet,52,380,19760,Sunday,1,0,None,22,1,0,36.6
2024-07-28,Station Road,Ghewar,Sweet,95,500,47500,Sunday,1,0,None,22,1,0,36.6
2024-07-28,Station Road,Gajak,Sweet,2,320,640,Sunday,1,0,None,22,1,0,36.6
2024-07-28,Station Road,Soan Papdi,Sweet,48,300,14400,Sunday,1,0,None,22,1,0,36.6
2024-07-28,Station Road,Bikaneri Bhujia,Namkeen,185,360,66600,Sunday,1,0,None,22,1,0,36.6
2024-07-28,Station Road,Aloo Bhujia,Namkeen,76,300,22800,Sunday,1,0,None,22,1,0,36.6
2024-07-29,Station Road,Rasgulla,Sweet,62,280,17360,Monday,0,0,None,21,1,0,36.1
2024-07-29,Station Road,Gulab Jamun,Sweet,57,300,17100,Monday,0,0,None,21,1,0,36.1
2024-07-29,Station Road,Kaju Katli,Sweet,40,900,36000,Monday,0,0,None,21,1,0,36.1
2024-07-29,Station Road,Besan Barfi,Sweet,44,420,18480,Monday,0,0,None,21,1,0,36.1
2024-07-29,Station Road,Motichoor Laddu,Sweet,37,380,14060,Monday,0,0,None,21,1,0,36.1
2024-07-29,Station Road,Ghewar,Sweet,72,500,36000,Monday,0,0,None,21,1,0,36.1
2024-07-29,Station Road,Gajak,Sweet,2,320,640,Monday,0,0,None,21,1,0,36.1
2024-07-29,Station Road,Soan Papdi,Sweet,22,300,6600,Monday,0,0,None,21,1,0,36.1
2024-07-29,Station Road,Bikaneri Bhujia,Namkeen,132,360,47520,Monday,0,0,None,21,1,0,36.1
2024-07-29,Station Road,Aloo Bhujia,Namkeen,64,300,19200,Monday,0,0,None,21,1,0,36.1
2024-07-30,Station Road,Rasgulla,Sweet,60,280,16800,Tuesday,0,0,None,20,1,0,33.5
2024-07-30,Station Road,Gulab Jamun,Sweet,59,300,17700,Tuesday,0,0,None,20,1,0,33.5
2024-07-30,Station Road,Kaju Katli,Sweet,26,900,23400,Tuesday,0,0,None,20,1,0,33.5
2024-07-30,Station Road,Besan Barfi,Sweet,41,420,17220,Tuesday,0,0,None,20,1,0,33.5
2024-07-30,Station Road,Motichoor Laddu,Sweet,45,380,17100,Tuesday,0,0,None,20,1,0,33.5
2024-07-30,Station Road,Ghewar,Sweet,56,500,28000,Tuesday,0,0,None,20,1,0,33.5
2024-07-30,Station Road,Gajak,Sweet,1,320,320,Tuesday,0,0,None,20,1,0,33.5
2024-07-30,Station Road,Soan Papdi,Sweet,29,300,8700,Tuesday,0,0,None,20,1,0,33.5
2024-07-30,Station Road,Bikaneri Bhujia,Namkeen,135,360,48600,Tuesday,0,0,None,20,1,0,33.5
2024-07-30,Station Road,Aloo Bhujia,Namkeen,38,300,11400,Tuesday,0,0,None,20,1,0,33.5
2024-07-31,Station Road,Rasgulla,Sweet,56,280,15680,Wednesday,0,0,None,19,1,0,35.1
2024-07-31,Station Road,Gulab Jamun,Sweet,53,300,15900,Wednesday,0,0,None,19,1,0,35.1
2024-07-31,Station Road,Kaju Katli,Sweet,39,900,35100,Wednesday,0,0,None,19,1,0,35.1
2024-07-31,Station Road,Besan Barfi,Sweet,43,420,18060,Wednesday,0,0,None,19,1,0,35.1
2024-07-31,Station Road,Motichoor Laddu,Sweet,32,380,12160,Wednesday,0,0,None,19,1,0,35.1
2024-07-31,Station Road,Ghewar,Sweet,70,500,35000,Wednesday,0,0,None,19,1,0,35.1
2024-07-31,Station Road,Gajak,Sweet,0,320,0,Wednesday,0,0,None,19,1,0,35.1
2024-07-31,Station Road,Soan Papdi,Sweet,21,300,6300,Wednesday,0,0,None,19,1,0,35.1
2024-07-31,Station Road,Bikaneri Bhujia,Namkeen,106,360,38160,Wednesday,0,0,None,19,1,0,35.1
2024-07-31,Station Road,Aloo Bhujia,Namkeen,47,300,14100,Wednesday,0,0,None,19,1,0,35.1
2024-08-01,Station Road,Rasgulla,Sweet,67,280,18760,Thursday,0,0,pre-Hariyali Teej,18,0,0,35.1
2024-08-01,Station Road,Gulab Jamun,Sweet,66,300,19800,Thursday,0,0,pre-Hariyali Teej,18,0,0,35.1
2024-08-01,Station Road,Kaju Katli,Sweet,50,810,40500,Thursday,0,0,pre-Hariyali Teej,18,0,1,35.1
2024-08-01,Station Road,Besan Barfi,Sweet,40,420,16800,Thursday,0,0,pre-Hariyali Teej,18,0,0,35.1
2024-08-01,Station Road,Motichoor Laddu,Sweet,43,380,16340,Thursday,0,0,pre-Hariyali Teej,18,0,0,35.1
2024-08-01,Station Road,Ghewar,Sweet,81,500,40500,Thursday,0,0,pre-Hariyali Teej,18,0,0,35.1
2024-08-01,Station Road,Gajak,Sweet,3,320,960,Thursday,0,0,pre-Hariyali Teej,18,0,0,35.1
2024-08-01,Station Road,Soan Papdi,Sweet,26,300,7800,Thursday,0,0,pre-Hariyali Teej,18,0,0,35.1
2024-08-01,Station Road,Bikaneri Bhujia,Namkeen,99,360,35640,Thursday,0,0,pre-Hariyali Teej,18,0,0,35.1
2024-08-01,Station Road,Aloo Bhujia,Namkeen,61,300,18300,Thursday,0,0,pre-Hariyali Teej,18,0,0,35.1
2024-08-02,Station Road,Rasgulla,Sweet,111,252,27972,Friday,0,0,pre-Hariyali Teej,17,0,1,35.2
2024-08-02,Station Road,Gulab Jamun,Sweet,94,300,28200,Friday,0,0,pre-Hariyali Teej,17,0,0,35.2
2024-08-02,Station Road,Kaju Katli,Sweet,34,900,30600,Friday,0,0,pre-Hariyali Teej,17,0,0,35.2
2024-08-02,Station Road,Besan Barfi,Sweet,63,420,26460,Friday,0,0,pre-Hariyali Teej,17,0,0,35.2
2024-08-02,Station Road,Motichoor Laddu,Sweet,55,380,20900,Friday,0,0,pre-Hariyali Teej,17,0,0,35.2
2024-08-02,Station Road,Ghewar,Sweet,89,500,44500,Friday,0,0,pre-Hariyali Teej,17,0,0,35.2
2024-08-02,Station Road,Gajak,Sweet,0,320,0,Friday,0,0,pre-Hariyali Teej,17,0,0,35.2
2024-08-02,Station Road,Soan Papdi,Sweet,45,300,13500,Friday,0,0,pre-Hariyali Teej,17,0,0,35.2
2024-08-02,Station Road,Bikaneri Bhujia,Namkeen,140,360,50400,Friday,0,0,pre-Hariyali Teej,17,0,0,35.2
2024-08-02,Station Road,Aloo Bhujia,Namkeen,61,300,18300,Friday,0,0,pre-Hariyali Teej,17,0,0,35.2
2024-08-03,Station Road,Rasgulla,Sweet,124,280,34720,Saturday,1,0,pre-Hariyali Teej,16,0,0,37.1
2024-08-03,Station Road,Gulab Jamun,Sweet,136,300,40800,Saturday,1,0,pre-Hariyali Teej,16,0,0,37.1
2024-08-03,Station Road,Kaju Katli,Sweet,58,900,52200,Saturday,1,0,pre-Hariyali Teej,16,0,0,37.1
2024-08-03,Station Road,Besan Barfi,Sweet,71,420,29820,Saturday,1,0,pre-Hariyali Teej,16,0,0,37.1
2024-08-03,Station Road,Motichoor Laddu,Sweet,95,380,36100,Saturday,1,0,pre-Hariyali Teej,16,0,0,37.1
2024-08-03,Station Road,Ghewar,Sweet,122,500,61000,Saturday,1,0,pre-Hariyali Teej,16,0,0,37.1
2024-08-03,Station Road,Gajak,Sweet,3,320,960,Saturday,1,0,pre-Hariyali Teej,16,0,0,37.1
2024-08-03,Station Road,Soan Papdi,Sweet,67,300,20100,Saturday,1,0,pre-Hariyali Teej,16,0,0,37.1
2024-08-03,Station Road,Bikaneri Bhujia,Namkeen,205,360,73800,Saturday,1,0,pre-Hariyali Teej,16,0,0,37.1
2024-08-03,Station Road,Aloo Bhujia,Namkeen,89,300,26700,Saturday,1,0,pre-Hariyali Teej,16,0,0,37.1
2024-08-04,Station Road,Rasgulla,Sweet,157,280,43960,Sunday,1,0,pre-Hariyali Teej,15,0,0,35.6
2024-08-04,Station Road,Gulab Jamun,Sweet,174,300,52200,Sunday,1,0,pre-Hariyali Teej,15,0,0,35.6
2024-08-04,Station Road,Kaju Katli,Sweet,96,900,86400,Sunday,1,0,pre-Hariyali Teej,15,0,0,35.6
2024-08-04,Station Road,Besan Barfi,Sweet,122,420,51240,Sunday,1,0,pre-Hariyali Teej,15,0,0,35.6
2024-08-04,Station Road,Motichoor Laddu,Sweet,100,380,38000,Sunday,1,0,pre-Hariyali Teej,15,0,0,35.6
2024-08-04,Station Road,Ghewar,Sweet,156,500,78000,Sunday,1,0,pre-Hariyali Teej,15,0,0,35.6
2024-08-04,Station Road,Gajak,Sweet,5,320,1600,Sunday,1,0,pre-Hariyali Teej,15,0,0,35.6
2024-08-04,Station Road,Soan Papdi,Sweet,81,300,24300,Sunday,1,0,pre-Hariyali Teej,15,0,0,35.6
2024-08-04,Station Road,Bikaneri Bhujia,Namkeen,238,360,85680,Sunday,1,0,pre-Hariyali Teej,15,0,0,35.6
2024-08-04,Station Road,Aloo Bhujia,Namkeen,100,300,30000,Sunday,1,0,pre-Hariyali Teej,15,0,0,35.6
2024-08-05,Station Road,Rasgulla,Sweet,117,280,32760,Monday,0,0,pre-Hariyali Teej,14,0,0,35.6
2024-08-05,Station Road,Gulab Jamun,Sweet,111,300,33300,Monday,0,0,pre-Hariyali Teej,14,0,0,35.6
2024-08-05,Station Road,Kaju Katli,Sweet,70,900,63000,Monday,0,0,pre-Hariyali Teej,14,0,0,35.6
2024-08-05,Station Road,Besan Barfi,Sweet,89,420,37380,Monday,0,0,pre-Hariyali Teej,14,0,0,35.6
2024-08-05,Station Road,Motichoor Laddu,Sweet,87,380,33060,Monday,0,0,pre-Hariyali Teej,14,0,0,35.6
2024-08-05,Station Road,Ghewar,Sweet,110,500,55000,Monday,0,0,pre-Hariyali Teej,14,0,0,35.6
2024-08-05,Station Road,Gajak,Sweet,2,320,640,Monday,0,0,pre-Hariyali Teej,14,0,0,35.6
2024-08-05,Station Road,Soan Papdi,Sweet,47,300,14100,Monday,0,0,pre-Hariyali Teej,14,0,0,35.6
2024-08-05,Station Road,Bikaneri Bhujia,Namkeen,183,360,65880,Monday,0,0,pre-Hariyali Teej,14,0,0,35.6
2024-08-05,Station Road,Aloo Bhujia,Namkeen,79,300,23700,Monday,0,0,pre-Hariyali Teej,14,0,0,35.6
2024-08-06,Station Road,Rasgulla,Sweet,104,280,29120,Tuesday,0,0,pre-Hariyali Teej,13,0,0,31.5
2024-08-06,Station Road,Gulab Jamun,Sweet,113,300,33900,Tuesday,0,0,pre-Hariyali Teej,13,0,0,31.5
2024-08-06,Station Road,Kaju Katli,Sweet,73,900,65700,Tuesday,0,0,pre-Hariyali Teej,13,0,0,31.5
2024-08-06,Station Road,Besan Barfi,Sweet,106,420,44520,Tuesday,0,0,pre-Hariyali Teej,13,0,0,31.5
2024-08-06,Station Road,Motichoor Laddu,Sweet,88,380,33440,Tuesday,0,0,pre-Hariyali Teej,13,0,0,31.5
2024-08-06,Station Road,Ghewar,Sweet,102,500,51000,Tuesday,0,0,pre-Hariyali Teej,13,0,0,31.5
2024-08-06,Station Road,Gajak,Sweet,0,320,0,Tuesday,0,0,pre-Hariyali Teej,13,0,0,31.5
2024-08-06,Station Road,Soan Papdi,Sweet,61,300,18300,Tuesday,0,0,pre-Hariyali Teej,13,0,0,31.5
2024-08-06,Station Road,Bikaneri Bhujia,Namkeen,179,360,64440,Tuesday,0,0,pre-Hariyali Teej,13,0,0,31.5
2024-08-06,Station Road,Aloo Bhujia,Namkeen,84,300,25200,Tuesday,0,0,pre-Hariyali Teej,13,0,0,31.5
2024-08-07,Station Road,Rasgulla,Sweet,235,280,65800,Wednesday,0,1,Hariyali Teej,12,0,0,33.2
2024-08-07,Station Road,Gulab Jamun,Sweet,268,300,80400,Wednesday,0,1,Hariyali Teej,12,0,0,33.2
2024-08-07,Station Road,Kaju Katli,Sweet,157,900,141300,Wednesday,0,1,Hariyali Teej,12,0,0,33.2
2024-08-07,Station Road,Besan Barfi,Sweet,177,420,74340,Wednesday,0,1,Hariyali Teej,12,0,0,33.2
2024-08-07,Station Road,Motichoor Laddu,Sweet,151,380,57380,Wednesday,0,1,Hariyali Teej,12,0,0,33.2
2024-08-07,Station Road,Ghewar,Sweet,222,500,111000,Wednesday,0,1,Hariyali Teej,12,0,0,33.2
2024-08-07,Station Road,Gajak,Sweet,2,320,640,Wednesday,0,1,Hariyali Teej,12,0,0,33.2
2024-08-07,Station Road,Soan Papdi,Sweet,104,300,31200,Wednesday,0,1,Hariyali Teej,12,0,0,33.2
2024-08-07,Station Road,Bikaneri Bhujia,Namkeen,311,360,111960,Wednesday,0,1,Hariyali Teej,12,0,0,33.2
2024-08-07,Station Road,Aloo Bhujia,Namkeen,154,300,46200,Wednesday,0,1,Hariyali Teej,12,0,0,33.2
2024-08-08,Station Road,Rasgulla,Sweet,46,280,12880,Thursday,0,0,None,11,0,0,36.2
2024-08-08,Station Road,Gulab Jamun,Sweet,56,300,16800,Thursday,0,0,None,11,0,0,36.2
2024-08-08,Station Road,Kaju Katli,Sweet,34,900,30600,Thursday,0,0,None,11,0,0,36.2
2024-08-08,Station Road,Besan Barfi,Sweet,32,420,13440,Thursday,0,0,None,11,0,0,36.2
2024-08-08,Station Road,Motichoor Laddu,Sweet,30,380,11400,Thursday,0,0,None,11,0,0,36.2
2024-08-08,Station Road,Ghewar,Sweet,66,500,33000,Thursday,0,0,None,11,0,0,36.2
2024-08-08,Station Road,Gajak,Sweet,1,320,320,Thursday,0,0,None,11,0,0,36.2
2024-08-08,Station Road,Soan Papdi,Sweet,19,300,5700,Thursday,0,0,None,11,0,0,36.2
2024-08-08,Station Road,Bikaneri Bhujia,Namkeen,86,360,30960,Thursday,0,0,None,11,0,0,36.2
2024-08-08,Station Road,Aloo Bhujia,Namkeen,33,300,9900,Thursday,0,0,None,11,0,0,36.2
2024-08-09,Station Road,Rasgulla,Sweet,80,252,20160,Friday,0,0,None,10,0,1,36.4
2024-08-09,Station Road,Gulab Jamun,Sweet,54,300,16200,Friday,0,0,None,10,0,0,36.4
2024-08-09,Station Road,Kaju Katli,Sweet,26,900,23400,Friday,0,0,None,10,0,0,36.4
2024-08-09,Station Road,Besan Barfi,Sweet,27,420,11340,Friday,0,0,None,10,0,0,36.4
2024-08-09,Station Road,Motichoor Laddu,Sweet,30,380,11400,Friday,0,0,None,10,0,0,36.4
2024-08-09,Station Road,Ghewar,Sweet,68,500,34000,Friday,0,0,None,10,0,0,36.4
2024-08-09,Station Road,Gajak,Sweet,0,320,0,Friday,0,0,None,10,0,0,36.4
2024-08-09,Station Road,Soan Papdi,Sweet,24,300,7200,Friday,0,0,None,10,0,0,36.4
2024-08-09,Station Road,Bikaneri Bhujia,Namkeen,84,360,30240,Friday,0,0,None,10,0,0,36.4
2024-08-09,Station Road,Aloo Bhujia,Namkeen,55,300,16500,Friday,0,0,None,10,0,0,36.4
2024-08-10,Station Road,Rasgulla,Sweet,80,280,22400,Saturday,1,0,None,9,0,0,36.7
2024-08-10,Station Road,Gulab Jamun,Sweet,73,300,21900,Saturday,1,0,None,9,0,0,36.7
2024-08-10,Station Road,Kaju Katli,Sweet,32,900,28800,Saturday,1,0,None,9,0,0,36.7
2024-08-10,Station Road,Besan Barfi,Sweet,47,420,19740,Saturday,1,0,None,9,0,0,36.7
2024-08-10,Station Road,Motichoor Laddu,Sweet,58,342,19836,Saturday,1,0,None,9,0,1,36.7
2024-08-10,Station Road,Ghewar,Sweet,80,500,40000,Saturday,1,0,None,9,0,0,36.7
2024-08-10,Station Road,Gajak,Sweet,1,320,320,Saturday,1,0,None,9,0,0,36.7
2024-08-10,Station Road,Soan Papdi,Sweet,22,300,6600,Saturday,1,0,None,9,0,0,36.7
2024-08-10,Station Road,Bikaneri Bhujia,Namkeen,152,324,49248,Saturday,1,0,None,9,0,1,36.7
2024-08-10,Station Road,Aloo Bhujia,Namkeen,66,300,19800,Saturday,1,0,None,9,0,0,36.7
2024-08-11,Station Road,Rasgulla,Sweet,66,280,18480,Sunday,1,0,None,8,0,0,33.4
2024-08-11,Station Road,Gulab Jamun,Sweet,88,300,26400,Sunday,1,0,None,8,0,0,33.4
2024-08-11,Station Road,Kaju Katli,Sweet,35,900,31500,Sunday,1,0,None,8,0,0,33.4
2024-08-11,Station Road,Besan Barfi,Sweet,38,420,15960,Sunday,1,0,None,8,0,0,33.4
2024-08-11,Station Road,Motichoor Laddu,Sweet,43,380,16340,Sunday,1,0,None,8,0,0,33.4
2024-08-11,Station Road,Ghewar,Sweet,82,500,41000,Sunday,1,0,None,8,0,0,33.4
2024-08-11,Station Road,Gajak,Sweet,1,320,320,Sunday,1,0,None,8,0,0,33.4
2024-08-11,Station Road,Soan Papdi,Sweet,23,300,6900,Sunday,1,0,None,8,0,0,33.4
2024-08-11,Station Road,Bikaneri Bhujia,Namkeen,126,360,45360,Sunday,1,0,None,8,0,0,33.4
2024-08-11,Station Road,Aloo Bhujia,Namkeen,56,300,16800,Sunday,1,0,None,8,0,0,33.4
2024-08-12,Station Road,Rasgulla,Sweet,48,280,13440,Monday,0,0,None,7,0,0,31.2
2024-08-12,Station Road,Gulab Jamun,Sweet,48,300,14400,Monday,0,0,None,7,0,0,31.2
2024-08-12,Station Road,Kaju Katli,Sweet,18,900,16200,Monday,0,0,None,7,0,0,31.2
2024-08-12,Station Road,Besan Barfi,Sweet,30,420,12600,Monday,0,0,None,7,0,0,31.2
2024-08-12,Station Road,Motichoor Laddu,Sweet,40,380,15200,Monday,0,0,None,7,0,0,31.2
2024-08-12,Station Road,Ghewar,Sweet,52,500,26000,Monday,0,0,None,7,0,0,31.2
2024-08-12,Station Road,Gajak,Sweet,0,320,0,Monday,0,0,None,7,0,0,31.2
2024-08-12,Station Road,Soan Papdi,Sweet,19,300,5700,Monday,0,0,None,7,0,0,31.2
2024-08-12,Station Road,Bikaneri Bhujia,Namkeen,83,360,29880,Monday,0,0,None,7,0,0,31.2
2024-08-12,Station Road,Aloo Bhujia,Namkeen,47,300,14100,Monday,0,0,None,7,0,0,31.2
2024-08-13,Station Road,Rasgulla,Sweet,57,280,15960,Tuesday,0,0,pre-Raksha Bandhan,6,0,0,32.8
2024-08-13,Station Road,Gulab Jamun,Sweet,71,300,21300,Tuesday,0,0,pre-Raksha Bandhan,6,0,0,32.8
2024-08-13,Station Road,Kaju Katli,Sweet,41,900,36900,Tuesday,0,0,pre-Raksha Bandhan,6,0,0,32.8
2024-08-13,Station Road,Besan Barfi,Sweet,39,420,16380,Tuesday,0,0,pre-Raksha Bandhan,6,0,0,32.8
2024-08-13,Station Road,Motichoor Laddu,Sweet,31,380,11780,Tuesday,0,0,pre-Raksha Bandhan,6,0,0,32.8
2024-08-13,Station Road,Ghewar,Sweet,61,500,30500,Tuesday,0,0,pre-Raksha Bandhan,6,0,0,32.8
2024-08-13,Station Road,Gajak,Sweet,5,320,1600,Tuesday,0,0,pre-Raksha Bandhan,6,0,0,32.8
2024-08-13,Station Road,Soan Papdi,Sweet,30,300,9000,Tuesday,0,0,pre-Raksha Bandhan,6,0,0,32.8
2024-08-13,Station Road,Bikaneri Bhujia,Namkeen,116,360,41760,Tuesday,0,0,pre-Raksha Bandhan,6,0,0,32.8
2024-08-13,Station Road,Aloo Bhujia,Namkeen,44,300,13200,Tuesday,0,0,pre-Raksha Bandhan,6,0,0,32.8
2024-08-14,Station Road,Rasgulla,Sweet,91,280,25480,Wednesday,0,0,pre-Raksha Bandhan,5,0,0,35.6
2024-08-14,Station Road,Gulab Jamun,Sweet,105,300,31500,Wednesday,0,0,pre-Raksha Bandhan,5,0,0,35.6
2024-08-14,Station Road,Kaju Katli,Sweet,65,900,58500,Wednesday,0,0,pre-Raksha Bandhan,5,0,0,35.6
2024-08-14,Station Road,Besan Barfi,Sweet,70,420,29400,Wednesday,0,0,pre-Raksha Bandhan,5,0,0,35.6
2024-08-14,Station Road,Motichoor Laddu,Sweet,52,380,19760,Wednesday,0,0,pre-Raksha Bandhan,5,0,0,35.6
2024-08-14,Station Road,Ghewar,Sweet,99,500,49500,Wednesday,0,0,pre-Raksha Bandhan,5,0,0,35.6
2024-08-14,Station Road,Gajak,Sweet,2,320,640,Wednesday,0,0,pre-Raksha Bandhan,5,0,0,35.6
2024-08-14,Station Road,Soan Papdi,Sweet,39,300,11700,Wednesday,0,0,pre-Raksha Bandhan,5,0,0,35.6
2024-08-14,Station Road,Bikaneri Bhujia,Namkeen,107,360,38520,Wednesday,0,0,pre-Raksha Bandhan,5,0,0,35.6
2024-08-14,Station Road,Aloo Bhujia,Namkeen,70,300,21000,Wednesday,0,0,pre-Raksha Bandhan,5,0,0,35.6
2024-08-15,Station Road,Rasgulla,Sweet,114,280,31920,Thursday,0,0,pre-Raksha Bandhan,4,0,0,31.3
2024-08-15,Station Road,Gulab Jamun,Sweet,129,300,38700,Thursday,0,0,pre-Raksha Bandhan,4,0,0,31.3
2024-08-15,Station Road,Kaju Katli,Sweet,66,900,59400,Thursday,0,0,pre-Raksha Bandhan,4,0,0,31.3
2024-08-15,Station Road,Besan Barfi,Sweet,81,420,34020,Thursday,0,0,pre-Raksha Bandhan,4,0,0,31.3
2024-08-15,Station Road,Motichoor Laddu,Sweet,67,380,25460,Thursday,0,0,pre-Raksha Bandhan,4,0,0,31.3
2024-08-15,Station Road,Ghewar,Sweet,105,500,52500,Thursday,0,0,pre-Raksha Bandhan,4,0,0,31.3
2024-08-15,Station Road,Gajak,Sweet,2,320,640,Thursday,0,0,pre-Raksha Bandhan,4,0,0,31.3
2024-08-15,Station Road,Soan Papdi,Sweet,42,300,12600,Thursday,0,0,pre-Raksha Bandhan,4,0,0,31.3
2024-08-15,Station Road,Bikaneri Bhujia,Namkeen,186,360,66960,Thursday,0,0,pre-Raksha Bandhan,4,0,0,31.3
2024-08-15,Station Road,Aloo Bhujia,Namkeen,86,300,25800,Thursday,0,0,pre-Raksha Bandhan,4,0,0,31.3
2024-08-16,Station Road,Rasgulla,Sweet,125,280,35000,Friday,0,0,pre-Raksha Bandhan,3,0,0,35.3
2024-08-16,Station Road,Gulab Jamun,Sweet,182,300,54600,Friday,0,0,pre-Raksha Bandhan,3,0,0,35.3
2024-08-16,Station Road,Kaju Katli,Sweet,97,900,87300,Friday,0,0,pre-Raksha Bandhan,3,0,0,35.3
2024-08-16,Station Road,Besan Barfi,Sweet,107,420,44940,Friday,0,0,pre-Raksha Bandhan,3,0,0,35.3
2024-08-16,Station Road,Motichoor Laddu,Sweet,112,380,42560,Friday,0,0,pre-Raksha Bandhan,3,0,0,35.3
2024-08-16,Station Road,Ghewar,Sweet,154,500,77000,Friday,0,0,pre-Raksha Bandhan,3,0,0,35.3
2024-08-16,Station Road,Gajak,Sweet,5,320,1600,Friday,0,0,pre-Raksha Bandhan,3,0,0,35.3
2024-08-16,Station Road,Soan Papdi,Sweet,60,300,18000,Friday,0,0,pre-Raksha Bandhan,3,0,0,35.3
2024-08-16,Station Road,Bikaneri Bhujia,Namkeen,199,360,71640,Friday,0,0,pre-Raksha Bandhan,3,0,0,35.3
2024-08-16,Station Road,Aloo Bhujia,Namkeen,87,300,26100,Friday,0,0,pre-Raksha Bandhan,3,0,0,35.3
2024-08-17,Station Road,Rasgulla,Sweet,185,280,51800,Saturday,1,0,pre-Raksha Bandhan,2,0,0,34.7
2024-08-17,Station Road,Gulab Jamun,Sweet,224,300,67200,Saturday,1,0,pre-Raksha Bandhan,2,0,0,34.7
2024-08-17,Station Road,Kaju Katli,Sweet,140,900,126000,Saturday,1,0,pre-Raksha Bandhan,2,0,0,34.7
2024-08-17,Station Road,Besan Barfi,Sweet,150,420,63000,Saturday,1,0,pre-Raksha Bandhan,2,0,0,34.7
2024-08-17,Station Road,Motichoor Laddu,Sweet,126,380,47880,Saturday,1,0,pre-Raksha Bandhan,2,0,0,34.7
2024-08-17,Station Road,Ghewar,Sweet,182,500,91000,Saturday,1,0,pre-Raksha Bandhan,2,0,0,34.7
2024-08-17,Station Road,Gajak,Sweet,4,320,1280,Saturday,1,0,pre-Raksha Bandhan,2,0,0,34.7
2024-08-17,Station Road,Soan Papdi,Sweet,84,300,25200,Saturday,1,0,pre-Raksha Bandhan,2,0,0,34.7
2024-08-17,Station Road,Bikaneri Bhujia,Namkeen,283,360,101880,Saturday,1,0,pre-Raksha Bandhan,2,0,0,34.7
2024-08-17,Station Road,Aloo Bhujia,Namkeen,150,300,45000,Saturday,1,0,pre-Raksha Bandhan,2,0,0,34.7
2024-08-18,Station Road,Rasgulla,Sweet,251,280,70280,Sunday,1,0,pre-Raksha Bandhan,1,0,0,34.1
2024-08-18,Station Road,Gulab Jamun,Sweet,255,300,76500,Sunday,1,0,pre-Raksha Bandhan,1,0,0,34.1
2024-08-18,Station Road,Kaju Katli,Sweet,169,900,152100,Sunday,1,0,pre-Raksha Bandhan,1,0,0,34.1
2024-08-18,Station Road,Besan Barfi,Sweet,170,420,71400,Sunday,1,0,pre-Raksha Bandhan,1,0,0,34.1
2024-08-18,Station Road,Motichoor Laddu,Sweet,183,380,69540,Sunday,1,0,pre-Raksha Bandhan,1,0,0,34.1
2024-08-18,Station Road,Ghewar,Sweet,244,500,122000,Sunday,1,0,pre-Raksha Bandhan,1,0,0,34.1
2024-08-18,Station Road,Gajak,Sweet,5,320,1600,Sunday,1,0,pre-Raksha Bandhan,1,0,0,34.1
2024-08-18,Station Road,Soan Papdi,Sweet,108,300,32400,Sunday,1,0,pre-Raksha Bandhan,1,0,0,34.1
2024-08-18,Station Road,Bikaneri Bhujia,Namkeen,373,360,134280,Sunday,1,0,pre-Raksha Bandhan,1,0,0,34.1
2024-08-18,Station Road,Aloo Bhujia,Namkeen,143,300,42900,Sunday,1,0,pre-Raksha Bandhan,1,0,0,34.1
2024-08-19,Station Road,Rasgulla,Sweet,285,280,79800,Monday,0,1,Raksha Bandhan,0,0,0,34.2
2024-08-19,Station Road,Gulab Jamun,Sweet,356,300,106800,Monday,0,1,Raksha Bandhan,0,0,0,34.2
2024-08-19,Station Road,Kaju Katli,Sweet,226,900,203400,Monday,0,1,Raksha Bandhan,0,0,0,34.2
2024-08-19,Station Road,Besan Barfi,Sweet,232,420,97440,Monday,0,1,Raksha Bandhan,0,0,0,34.2
2024-08-19,Station Road,Motichoor Laddu,Sweet,236,380,89680,Monday,0,1,Raksha Bandhan,0,0,0,34.2
2024-08-19,Station Road,Ghewar,Sweet,272,500,136000,Monday,0,1,Raksha Bandhan,0,0,0,34.2
2024-08-19,Station Road,Gajak,Sweet,5,320,1600,Monday,0,1,Raksha Bandhan,0,0,0,34.2
2024-08-19,Station Road,Soan Papdi,Sweet,116,300,34800,Monday,0,1,Raksha Bandhan,0,0,0,34.2
2024-08-19,Station Road,Bikaneri Bhujia,Namkeen,432,360,155520,Monday,0,1,Raksha Bandhan,0,0,0,34.2
2024-08-19,Station Road,Aloo Bhujia,Namkeen,178,300,53400,Monday,0,1,Raksha Bandhan,0,0,0,34.2
2024-08-20,Station Road,Rasgulla,Sweet,54,280,15120,Tuesday,0,0,pre-Janmashtami,60,0,0,37.9
2024-08-20,Station Road,Gulab Jamun,Sweet,54,300,16200,Tuesday,0,0,pre-Janmashtami,60,0,0,37.9
2024-08-20,Station Road,Kaju Katli,Sweet,27,900,24300,Tuesday,0,0,pre-Janmashtami,60,0,0,37.9
2024-08-20,Station Road,Besan Barfi,Sweet,42,420,17640,Tuesday,0,0,pre-Janmashtami,60,0,0,37.9
2024-08-20,Station Road,Motichoor Laddu,Sweet,28,380,10640,Tuesday,0,0,pre-Janmashtami,60,0,0,37.9
2024-08-20,Station Road,Ghewar,Sweet,67,500,33500,Tuesday,0,0,pre-Janmashtami,60,0,0,37.9
2024-08-20,Station Road,Gajak,Sweet,3,320,960,Tuesday,0,0,pre-Janmashtami,60,0,0,37.9
2024-08-20,Station Road,Soan Papdi,Sweet,20,300,6000,Tuesday,0,0,pre-Janmashtami,60,0,0,37.9
2024-08-20,Station Road,Bikaneri Bhujia,Namkeen,97,360,34920,Tuesday,0,0,pre-Janmashtami,60,0,0,37.9
2024-08-20,Station Road,Aloo Bhujia,Namkeen,36,300,10800,Tuesday,0,0,pre-Janmashtami,60,0,0,37.9
2024-08-21,Station Road,Rasgulla,Sweet,69,280,19320,Wednesday,0,0,pre-Janmashtami,60,0,0,31.3
2024-08-21,Station Road,Gulab Jamun,Sweet,81,300,24300,Wednesday,0,0,pre-Janmashtami,60,0,0,31.3
2024-08-21,Station Road,Kaju Katli,Sweet,45,900,40500,Wednesday,0,0,pre-Janmashtami,60,0,0,31.3
2024-08-21,Station Road,Besan Barfi,Sweet,50,420,21000,Wednesday,0,0,pre-Janmashtami,60,0,0,31.3
2024-08-21,Station Road,Motichoor Laddu,Sweet,47,380,17860,Wednesday,0,0,pre-Janmashtami,60,0,0,31.3
2024-08-21,Station Road,Ghewar,Sweet,73,500,36500,Wednesday,0,0,pre-Janmashtami,60,0,0,31.3
2024-08-21,Station Road,Gajak,Sweet,1,320,320,Wednesday,0,0,pre-Janmashtami,60,0,0,31.3
2024-08-21,Station Road,Soan Papdi,Sweet,32,300,9600,Wednesday,0,0,pre-Janmashtami,60,0,0,31.3
2024-08-21,Station Road,Bikaneri Bhujia,Namkeen,119,360,42840,Wednesday,0,0,pre-Janmashtami,60,0,0,31.3
2024-08-21,Station Road,Aloo Bhujia,Namkeen,58,300,17400,Wednesday,0,0,pre-Janmashtami,60,0,0,31.3
2024-08-22,Station Road,Rasgulla,Sweet,88,280,24640,Thursday,0,0,pre-Janmashtami,60,0,0,30.0
2024-08-22,Station Road,Gulab Jamun,Sweet,86,300,25800,Thursday,0,0,pre-Janmashtami,60,0,0,30.0
2024-08-22,Station Road,Kaju Katli,Sweet,67,900,60300,Thursday,0,0,pre-Janmashtami,60,0,0,30.0
2024-08-22,Station Road,Besan Barfi,Sweet,72,420,30240,Thursday,0,0,pre-Janmashtami,60,0,0,30.0
2024-08-22,Station Road,Motichoor Laddu,Sweet,49,380,18620,Thursday,0,0,pre-Janmashtami,60,0,0,30.0
2024-08-22,Station Road,Ghewar,Sweet,92,500,46000,Thursday,0,0,pre-Janmashtami,60,0,0,30.0
2024-08-22,Station Road,Gajak,Sweet,0,320,0,Thursday,0,0,pre-Janmashtami,60,0,0,30.0
2024-08-22,Station Road,Soan Papdi,Sweet,46,300,13800,Thursday,0,0,pre-Janmashtami,60,0,0,30.0
2024-08-22,Station Road,Bikaneri Bhujia,Namkeen,133,360,47880,Thursday,0,0,pre-Janmashtami,60,0,0,30.0
2024-08-22,Station Road,Aloo Bhujia,Namkeen,53,300,15900,Thursday,0,0,pre-Janmashtami,60,0,0,30.0
2024-08-23,Station Road,Rasgulla,Sweet,106,280,29680,Friday,0,0,pre-Janmashtami,60,0,0,36.1
2024-08-23,Station Road,Gulab Jamun,Sweet,126,300,37800,Friday,0,0,pre-Janmashtami,60,0,0,36.1
2024-08-23,Station Road,Kaju Katli,Sweet,61,900,54900,Friday,0,0,pre-Janmashtami,60,0,0,36.1
2024-08-23,Station Road,Besan Barfi,Sweet,80,420,33600,Friday,0,0,pre-Janmashtami,60,0,0,36.1
2024-08-23,Station Road,Motichoor Laddu,Sweet,77,380,29260,Friday,0,0,pre-Janmashtami,60,0,0,36.1
2024-08-23,Station Road,Ghewar,Sweet,114,500,57000,Friday,0,0,pre-Janmashtami,60,0,0,36.1
2024-08-23,Station Road,Gajak,Sweet,3,320,960,Friday,0,0,pre-Janmashtami,60,0,0,36.1
2024-08-23,Station Road,Soan Papdi,Sweet,47,300,14100,Friday,0,0,pre-Janmashtami,60,0,0,36.1
2024-08-23,Station Road,Bikaneri Bhujia,Namkeen,170,360,61200,Friday,0,0,pre-Janmashtami,60,0,0,36.1
2024-08-23,Station Road,Aloo Bhujia,Namkeen,68,300,20400,Friday,0,0,pre-Janmashtami,60,0,0,36.1
2024-08-24,Station Road,Rasgulla,Sweet,154,280,43120,Saturday,1,0,pre-Janmashtami,60,0,0,38.0
2024-08-24,Station Road,Gulab Jamun,Sweet,179,300,53700,Saturday,1,0,pre-Janmashtami,60,0,0,38.0
2024-08-24,Station Road,Kaju Katli,Sweet,95,900,85500,Saturday,1,0,pre-Janmashtami,60,0,0,38.0
2024-08-24,Station Road,Besan Barfi,Sweet,108,420,45360,Saturday,1,0,pre-Janmashtami,60,0,0,38.0
2024-08-24,Station Road,Motichoor Laddu,Sweet,96,380,36480,Saturday,1,0,pre-Janmashtami,60,0,0,38.0
2024-08-24,Station Road,Ghewar,Sweet,130,500,65000,Saturday,1,0,pre-Janmashtami,60,0,0,38.0
2024-08-24,Station Road,Gajak,Sweet,2,320,640,Saturday,1,0,pre-Janmashtami,60,0,0,38.0
2024-08-24,Station Road,Soan Papdi,Sweet,75,300,22500,Saturday,1,0,pre-Janmashtami,60,0,0,38.0
2024-08-24,Station Road,Bikaneri Bhujia,Namkeen,246,360,88560,Saturday,1,0,pre-Janmashtami,60,0,0,38.0
2024-08-24,Station Road,Aloo Bhujia,Namkeen,102,300,30600,Saturday,1,0,pre-Janmashtami,60,0,0,38.0
2024-08-25,Station Road,Rasgulla,Sweet,164,280,45920,Sunday,1,0,pre-Janmashtami,60,0,0,35.6
2024-08-25,Station Road,Gulab Jamun,Sweet,223,300,66900,Sunday,1,0,pre-Janmashtami,60,0,0,35.6
2024-08-25,Station Road,Kaju Katli,Sweet,145,900,130500,Sunday,1,0,pre-Janmashtami,60,0,0,35.6
2024-08-25,Station Road,Besan Barfi,Sweet,170,378,64260,Sunday,1,0,pre-Janmashtami,60,0,1,35.6
2024-08-25,Station Road,Motichoor Laddu,Sweet,138,380,52440,Sunday,1,0,pre-Janmashtami,60,0,0,35.6
2024-08-25,Station Road,Ghewar,Sweet,185,500,92500,Sunday,1,0,pre-Janmashtami,60,0,0,35.6
2024-08-25,Station Road,Gajak,Sweet,1,288,288,Sunday,1,0,pre-Janmashtami,60,0,1,35.6
2024-08-25,Station Road,Soan Papdi,Sweet,76,300,22800,Sunday,1,0,pre-Janmashtami,60,0,0,35.6
2024-08-25,Station Road,Bikaneri Bhujia,Namkeen,360,324,116640,Sunday,1,0,pre-Janmashtami,60,0,1,35.6
2024-08-25,Station Road,Aloo Bhujia,Namkeen,125,300,37500,Sunday,1,0,pre-Janmashtami,60,0,0,35.6
2024-08-26,Station Road,Rasgulla,Sweet,226,280,63280,Monday,0,1,Janmashtami,60,0,0,33.9
2024-08-26,Station Road,Gulab Jamun,Sweet,265,300,79500,Monday,0,1,Janmashtami,60,0,0,33.9
2024-08-26,Station Road,Kaju Katli,Sweet,143,900,128700,Monday,0,1,Janmashtami,60,0,0,33.9
2024-08-26,Station Road,Besan Barfi,Sweet,183,420,76860,Monday,0,1,Janmashtami,60,0,0,33.9
2024-08-26,Station Road,Motichoor Laddu,Sweet,165,380,62700,Monday,0,1,Janmashtami,60,0,0,33.9
2024-08-26,Station Road,Ghewar,Sweet,177,500,88500,Monday,0,1,Janmashtami,60,0,0,33.9
2024-08-26,Station Road,Gajak,Sweet,2,320,640,Monday,0,1,Janmashtami,60,0,0,33.9
2024-08-26,Station Road,Soan Papdi,Sweet,102,300,30600,Monday,0,1,Janmashtami,60,0,0,33.9
2024-08-26,Station Road,Bikaneri Bhujia,Namkeen,306,360,110160,Monday,0,1,Janmashtami,60,0,0,33.9
2024-08-26,Station Road,Aloo Bhujia,Namkeen,147,300,44100,Monday,0,1,Janmashtami,60,0,0,33.9
2024-08-27,Station Road,Rasgulla,Sweet,47,280,13160,Tuesday,0,0,None,60,0,0,33.1
2024-08-27,Station Road,Gulab Jamun,Sweet,43,300,12900,Tuesday,0,0,None,60,0,0,33.1
2024-08-27,Station Road,Kaju Katli,Sweet,19,900,17100,Tuesday,0,0,None,60,0,0,33.1
2024-08-27,Station Road,Besan Barfi,Sweet,35,420,14700,Tuesday,0,0,None,60,0,0,33.1
2024-08-27,Station Road,Motichoor Laddu,Sweet,24,380,9120,Tuesday,0,0,None,60,0,0,33.1
2024-08-27,Station Road,Ghewar,Sweet,55,500,27500,Tuesday,0,0,None,60,0,0,33.1
2024-08-27,Station Road,Gajak,Sweet,1,320,320,Tuesday,0,0,None,60,0,0,33.1
2024-08-27,Station Road,Soan Papdi,Sweet,20,300,6000,Tuesday,0,0,None,60,0,0,33.1
2024-08-27,Station Road,Bikaneri Bhujia,Namkeen,73,360,26280,Tuesday,0,0,None,60,0,0,33.1
2024-08-27,Station Road,Aloo Bhujia,Namkeen,42,300,12600,Tuesday,0,0,None,60,0,0,33.1
2024-08-28,Station Road,Rasgulla,Sweet,42,280,11760,Wednesday,0,0,None,60,0,0,33.2
2024-08-28,Station Road,Gulab Jamun,Sweet,73,270,19710,Wednesday,0,0,None,60,0,1,33.2
2024-08-28,Station Road,Kaju Katli,Sweet,37,900,33300,Wednesday,0,0,None,60,0,0,33.2
2024-08-28,Station Road,Besan Barfi,Sweet,31,420,13020,Wednesday,0,0,None,60,0,0,33.2
2024-08-28,Station Road,Motichoor Laddu,Sweet,37,380,14060,Wednesday,0,0,None,60,0,0,33.2
2024-08-28,Station Road,Ghewar,Sweet,59,500,29500,Wednesday,0,0,None,60,0,0,33.2
2024-08-28,Station Road,Gajak,Sweet,1,320,320,Wednesday,0,0,None,60,0,0,33.2
2024-08-28,Station Road,Soan Papdi,Sweet,15,300,4500,Wednesday,0,0,None,60,0,0,33.2
2024-08-28,Station Road,Bikaneri Bhujia,Namkeen,93,360,33480,Wednesday,0,0,None,60,0,0,33.2
2024-08-28,Station Road,Aloo Bhujia,Namkeen,38,300,11400,Wednesday,0,0,None,60,0,0,33.2
2024-08-29,Station Road,Rasgulla,Sweet,48,280,13440,Thursday,0,0,None,60,0,0,33.1
2024-08-29,Station Road,Gulab Jamun,Sweet,65,300,19500,Thursday,0,0,None,60,0,0,33.1
2024-08-29,Station Road,Kaju Katli,Sweet,31,900,27900,Thursday,0,0,None,60,0,0,33.1
2024-08-29,Station Road,Besan Barfi,Sweet,38,420,15960,Thursday,0,0,None,60,0,0,33.1
2024-08-29,Station Road,Motichoor Laddu,Sweet,29,380,11020,Thursday,0,0,None,60,0,0,33.1
2024-08-29,Station Road,Ghewar,Sweet,72,500,36000,Thursday,0,0,None,60,0,0,33.1
2024-08-29,Station Road,Gajak,Sweet,3,320,960,Thursday,0,0,None,60,0,0,33.1
2024-08-29,Station Road,Soan Papdi,Sweet,25,300,7500,Thursday,0,0,None,60,0,0,33.1
2024-08-29,Station Road,Bikaneri Bhujia,Namkeen,102,360,36720,Thursday,0,0,None,60,0,0,33.1
2024-08-29,Station Road,Aloo Bhujia,Namkeen,54,300,16200,Thursday,0,0,None,60,0,0,33.1
2024-08-30,Station Road,Rasgulla,Sweet,63,280,17640,Friday,0,0,None,60,0,0,36.8
2024-08-30,Station Road,Gulab Jamun,Sweet,78,300,23400,Friday,0,0,None,60,0,0,36.8
2024-08-30,Station Road,Kaju Katli,Sweet,25,900,22500,Friday,0,0,None,60,0,0,36.8
2024-08-30,Station Road,Besan Barfi,Sweet,32,420,13440,Friday,0,0,None,60,0,0,36.8
2024-08-30,Station Road,Motichoor Laddu,Sweet,35,380,13300,Friday,0,0,None,60,0,0,36.8
2024-08-30,Station Road,Ghewar,Sweet,88,450,39600,Friday,0,0,None,60,0,1,36.8
2024-08-30,Station Road,Gajak,Sweet,1,320,320,Friday,0,0,None,60,0,0,36.8
2024-08-30,Station Road,Soan Papdi,Sweet,22,300,6600,Friday,0,0,None,60,0,0,36.8
2024-08-30,Station Road,Bikaneri Bhujia,Namkeen,126,360,45360,Friday,0,0,None,60,0,0,36.8
2024-08-30,Station Road,Aloo Bhujia,Namkeen,51,300,15300,Friday,0,0,None,60,0,0,36.8
2024-08-31,Station Road,Rasgulla,Sweet,67,280,18760,Saturday,1,0,None,59,0,0,32.5
2024-08-31,Station Road,Gulab Jamun,Sweet,75,300,22500,Saturday,1,0,None,59,0,0,32.5
2024-08-31,Station Road,Kaju Katli,Sweet,31,900,27900,Saturday,1,0,None,59,0,0,32.5
2024-08-31,Station Road,Besan Barfi,Sweet,46,378,17388,Saturday,1,0,None,59,0,1,32.5
2024-08-31,Station Road,Motichoor Laddu,Sweet,43,380,16340,Saturday,1,0,None,59,0,0,32.5
2024-08-31,Station Road,Ghewar,Sweet,80,500,40000,Saturday,1,0,None,59,0,0,32.5
2024-08-31,Station Road,Gajak,Sweet,4,320,1280,Saturday,1,0,None,59,0,0,32.5
2024-08-31,Station Road,Soan Papdi,Sweet,37,300,11100,Saturday,1,0,None,59,0,0,32.5
2024-08-31,Station Road,Bikaneri Bhujia,Namkeen,120,360,43200,Saturday,1,0,None,59,0,0,32.5
2024-08-31,Station Road,Aloo Bhujia,Namkeen,50,300,15000,Saturday,1,0,None,59,0,0,32.5
2024-09-01,Station Road,Rasgulla,Sweet,64,280,17920,Sunday,1,0,None,58,0,0,31.6
2024-09-01,Station Road,Gulab Jamun,Sweet,71,300,21300,Sunday,1,0,None,58,0,0,31.6
2024-09-01,Station Road,Kaju Katli,Sweet,38,900,34200,Sunday,1,0,None,58,0,0,31.6
2024-09-01,Station Road,Besan Barfi,Sweet,39,420,16380,Sunday,1,0,None,58,0,0,31.6
2024-09-01,Station Road,Motichoor Laddu,Sweet,51,380,19380,Sunday,1,0,None,58,0,0,31.6
2024-09-01,Station Road,Ghewar,Sweet,17,500,8500,Sunday,1,0,None,58,0,0,31.6
2024-09-01,Station Road,Gajak,Sweet,4,320,1280,Sunday,1,0,None,58,0,0,31.6
2024-09-01,Station Road,Soan Papdi,Sweet,29,300,8700,Sunday,1,0,None,58,0,0,31.6
2024-09-01,Station Road,Bikaneri Bhujia,Namkeen,112,360,40320,Sunday,1,0,None,58,0,0,31.6
2024-09-01,Station Road,Aloo Bhujia,Namkeen,75,270,20250,Sunday,1,0,None,58,0,1,31.6
2024-09-02,Station Road,Rasgulla,Sweet,47,280,13160,Monday,0,0,None,57,0,0,32.7
2024-09-02,Station Road,Gulab Jamun,Sweet,55,300,16500,Monday,0,0,None,57,0,0,32.7
2024-09-02,Station Road,Kaju Katli,Sweet,26,900,23400,Monday,0,0,None,57,0,0,32.7
2024-09-02,Station Road,Besan Barfi,Sweet,31,420,13020,Monday,0,0,None,57,0,0,32.7
2024-09-02,Station Road,Motichoor Laddu,Sweet,24,380,9120,Monday,0,0,None,57,0,0,32.7
2024-09-02,Station Road,Ghewar,Sweet,13,500,6500,Monday,0,0,None,57,0,0,32.7
2024-09-02,Station Road,Gajak,Sweet,0,320,0,Monday,0,0,None,57,0,0,32.7
2024-09-02,Station Road,Soan Papdi,Sweet,21,300,6300,Monday,0,0,None,57,0,0,32.7
2024-09-02,Station Road,Bikaneri Bhujia,Namkeen,78,360,28080,Monday,0,0,None,57,0,0,32.7
2024-09-02,Station Road,Aloo Bhujia,Namkeen,48,300,14400,Monday,0,0,None,57,0,0,32.7
2024-09-03,Station Road,Rasgulla,Sweet,44,280,12320,Tuesday,0,0,None,56,0,0,35.2
2024-09-03,Station Road,Gulab Jamun,Sweet,62,300,18600,Tuesday,0,0,None,56,0,0,35.2
2024-09-03,Station Road,Kaju Katli,Sweet,24,900,21600,Tuesday,0,0,None,56,0,0,35.2
2024-09-03,Station Road,Besan Barfi,Sweet,21,420,8820,Tuesday,0,0,None,56,0,0,35.2
2024-09-03,Station Road,Motichoor Laddu,Sweet,34,380,12920,Tuesday,0,0,None,56,0,0,35.2
2024-09-03,Station Road,Ghewar,Sweet,20,500,10000,Tuesday,0,0,None,56,0,0,35.2
2024-09-03,Station Road,Gajak,Sweet,1,320,320,Tuesday,0,0,None,56,0,0,35.2
2024-09-03,Station Road,Soan Papdi,Sweet,18,300,5400,Tuesday,0,0,None,56,0,0,35.2
2024-09-03,Station Road,Bikaneri Bhujia,Namkeen,71,360,25560,Tuesday,0,0,None,56,0,0,35.2
2024-09-03,Station Road,Aloo Bhujia,Namkeen,32,300,9600,Tuesday,0,0,None,56,0,0,35.2
2024-09-04,Station Road,Rasgulla,Sweet,48,280,13440,Wednesday,0,0,None,55,0,0,36.4
2024-09-04,Station Road,Gulab Jamun,Sweet,59,300,17700,Wednesday,0,0,None,55,0,0,36.4
2024-09-04,Station Road,Kaju Katli,Sweet,24,900,21600,Wednesday,0,0,None,55,0,0,36.4
2024-09-04,Station Road,Besan Barfi,Sweet,29,420,12180,Wednesday,0,0,None,55,0,0,36.4
2024-09-04,Station Road,Motichoor Laddu,Sweet,36,380,13680,Wednesday,0,0,None,55,0,0,36.4
2024-09-04,Station Road,Ghewar,Sweet,22,500,11000,Wednesday,0,0,None,55,0,0,36.4
2024-09-04,Station Road,Gajak,Sweet,1,320,320,Wednesday,0,0,None,55,0,0,36.4
2024-09-04,Station Road,Soan Papdi,Sweet,27,300,8100,Wednesday,0,0,None,55,0,0,36.4
2024-09-04,Station Road,Bikaneri Bhujia,Namkeen,90,360,32400,Wednesday,0,0,None,55,0,0,36.4
2024-09-04,Station Road,Aloo Bhujia,Namkeen,43,300,12900,Wednesday,0,0,None,55,0,0,36.4
2024-09-05,Station Road,Rasgulla,Sweet,50,280,14000,Thursday,0,0,None,54,0,0,32.4
2024-09-05,Station Road,Gulab Jamun,Sweet,52,300,15600,Thursday,0,0,None,54,0,0,32.4
2024-09-05,Station Road,Kaju Katli,Sweet,27,900,24300,Thursday,0,0,None,54,0,0,32.4
2024-09-05,Station Road,Besan Barfi,Sweet,34,420,14280,Thursday,0,0,None,54,0,0,32.4
2024-09-05,Station Road,Motichoor Laddu,Sweet,38,380,14440,Thursday,0,0,None,54,0,0,32.4
2024-09-05,Station Road,Ghewar,Sweet,14,500,7000,Thursday,0,0,None,54,0,0,32.4
2024-09-05,Station Road,Gajak,Sweet,3,320,960,Thursday,0,0,None,54,0,0,32.4
2024-09-05,Station Road,Soan Papdi,Sweet,15,300,4500,Thursday,0,0,None,54,0,0,32.4
2024-09-05,Station Road,Bikaneri Bhujia,Namkeen,97,360,34920,Thursday,0,0,None,54,0,0,32.4
2024-09-05,Station Road,Aloo Bhujia,Namkeen,39,300,11700,Thursday,0,0,None,54,0,0,32.4
2024-09-06,Station Road,Rasgulla,Sweet,61,280,17080,Friday,0,0,None,53,0,0,33.6
2024-09-06,Station Road,Gulab Jamun,Sweet,58,300,17400,Friday,0,0,None,53,0,0,33.6
2024-09-06,Station Road,Kaju Katli,Sweet,26,900,23400,Friday,0,0,None,53,0,0,33.6
2024-09-06,Station Road,Besan Barfi,Sweet,29,420,12180,Friday,0,0,None,53,0,0,33.6
2024-09-06,Station Road,Motichoor Laddu,Sweet,36,380,13680,Friday,0,0,None,53,0,0,33.6
2024-09-06,Station Road,Ghewar,Sweet,17,500,8500,Friday,0,0,None,53,0,0,33.6
2024-09-06,Station Road,Gajak,Sweet,5,320,1600,Friday,0,0,None,53,0,0,33.6
2024-09-06,Station Road,Soan Papdi,Sweet,13,270,3510,Friday,0,0,None,53,0,1,33.6
2024-09-06,Station Road,Bikaneri Bhujia,Namkeen,87,360,31320,Friday,0,0,None,53,0,0,33.6
2024-09-06,Station Road,Aloo Bhujia,Namkeen,67,300,20100,Friday,0,0,None,53,0,0,33.6
2024-09-07,Station Road,Rasgulla,Sweet,80,280,22400,Saturday,1,0,None,52,0,0,29.2
2024-09-07,Station Road,Gulab Jamun,Sweet,73,300,21900,Saturday,1,0,None,52,0,0,29.2
2024-09-07,Station Road,Kaju Katli,Sweet,40,900,36000,Saturday,1,0,None,52,0,0,29.2
2024-09-07,Station Road,Besan Barfi,Sweet,42,378,15876,Saturday,1,0,None,52,0,1,29.2
2024-09-07,Station Road,Motichoor Laddu,Sweet,44,380,16720,Saturday,1,0,None,52,0,0,29.2
2024-09-07,Station Road,Ghewar,Sweet,33,500,16500,Saturday,1,0,None,52,0,0,29.2
2024-09-07,Station Road,Gajak,Sweet,0,320,0,Saturday,1,0,None,52,0,0,29.2
2024-09-07,Station Road,Soan Papdi,Sweet,25,300,7500,Saturday,1,0,None,52,0,0,29.2
2024-09-07,Station Road,Bikaneri Bhujia,Namkeen,159,324,51516,Saturday,1,0,None,52,0,1,29.2
2024-09-07,Station Road,Aloo Bhujia,Namkeen,51,300,15300,Saturday,1,0,None,52,0,0,29.2
2024-09-08,Station Road,Rasgulla,Sweet,79,280,22120,Sunday,1,0,None,51,0,0,32.7
2024-09-08,Station Road,Gulab Jamun,Sweet,76,300,22800,Sunday,1,0,None,51,0,0,32.7
2024-09-08,Station Road,Kaju Katli,Sweet,25,900,22500,Sunday,1,0,None,51,0,0,32.7
2024-09-08,Station Road,Besan Barfi,Sweet,43,420,18060,Sunday,1,0,None,51,0,0,32.7
2024-09-08,Station Road,Motichoor Laddu,Sweet,50,380,19000,Sunday,1,0,None,51,0,0,32.7
2024-09-08,Station Road,Ghewar,Sweet,28,500,14000,Sunday,1,0,None,51,0,0,32.7
2024-09-08,Station Road,Gajak,Sweet,1,320,320,Sunday,1,0,None,51,0,0,32.7
2024-09-08,Station Road,Soan Papdi,Sweet,21,300,6300,Sunday,1,0,None,51,0,0,32.7
2024-09-08,Station Road,Bikaneri Bhujia,Namkeen,114,360,41040,Sunday,1,0,None,51,0,0,32.7
2024-09-08,Station Road,Aloo Bhujia,Namkeen,58,300,17400,Sunday,1,0,None,51,0,0,32.7
2024-09-09,Station Road,Rasgulla,Sweet,51,280,14280,Monday,0,0,None,50,0,0,28.7
2024-09-09,Station Road,Gulab Jamun,Sweet,56,300,16800,Monday,0,0,None,50,0,0,28.7
2024-09-09,Station Road,Kaju Katli,Sweet,33,900,29700,Monday,0,0,None,50,0,0,28.7
2024-09-09,Station Road,Besan Barfi,Sweet,17,420,7140,Monday,0,0,None,50,0,0,28.7
2024-09-09,Station Road,Motichoor Laddu,Sweet,34,380,12920,Monday,0,0,None,50,0,0,28.7
2024-09-09,Station Road,Ghewar,Sweet,20,500,10000,Monday,0,0,None,50,0,0,28.7
2024-09-09,Station Road,Gajak,Sweet,1,320,320,Monday,0,0,None,50,0,0,28.7
2024-09-09,Station Road,Soan Papdi,Sweet,16,300,4800,Monday,0,0,None,50,0,0,28.7
2024-09-09,Station Road,Bikaneri Bhujia,Namkeen,99,360,35640,Monday,0,0,None,50,0,0,28.7
2024-09-09,Station Road,Aloo Bhujia,Namkeen,42,300,12600,Monday,0,0,None,50,0,0,28.7
2024-09-10,Station Road,Rasgulla,Sweet,51,280,14280,Tuesday,0,0,None,49,0,0,35.7
2024-09-10,Station Road,Gulab Jamun,Sweet,75,270,20250,Tuesday,0,0,None,49,0,1,35.7
2024-09-10,Station Road,Kaju Katli,Sweet,21,900,18900,Tuesday,0,0,None,49,0,0,35.7
2024-09-10,Station Road,Besan Barfi,Sweet,31,420,13020,Tuesday,0,0,None,49,0,0,35.7
2024-09-10,Station Road,Motichoor Laddu,Sweet,24,380,9120,Tuesday,0,0,None,49,0,0,35.7
2024-09-10,Station Road,Ghewar,Sweet,10,500,5000,Tuesday,0,0,None,49,0,0,35.7
2024-09-10,Station Road,Gajak,Sweet,2,320,640,Tuesday,0,0,None,49,0,0,35.7
2024-09-10,Station Road,Soan Papdi,Sweet,27,300,8100,Tuesday,0,0,None,49,0,0,35.7
2024-09-10,Station Road,Bikaneri Bhujia,Namkeen,99,360,35640,Tuesday,0,0,None,49,0,0,35.7
2024-09-10,Station Road,Aloo Bhujia,Namkeen,40,300,12000,Tuesday,0,0,None,49,0,0,35.7
2024-09-11,Station Road,Rasgulla,Sweet,44,280,12320,Wednesday,0,0,None,48,0,0,37.0
2024-09-11,Station Road,Gulab Jamun,Sweet,49,300,14700,Wednesday,0,0,None,48,0,0,37.0
2024-09-11,Station Road,Kaju Katli,Sweet,30,900,27000,Wednesday,0,0,None,48,0,0,37.0
2024-09-11,Station Road,Besan Barfi,Sweet,29,420,12180,Wednesday,0,0,None,48,0,0,37.0
2024-09-11,Station Road,Motichoor Laddu,Sweet,31,380,11780,Wednesday,0,0,None,48,0,0,37.0
2024-09-11,Station Road,Ghewar,Sweet,15,500,7500,Wednesday,0,0,None,48,0,0,37.0
2024-09-11,Station Road,Gajak,Sweet,0,320,0,Wednesday,0,0,None,48,0,0,37.0
2024-09-11,Station Road,Soan Papdi,Sweet,16,300,4800,Wednesday,0,0,None,48,0,0,37.0
2024-09-11,Station Road,Bikaneri Bhujia,Namkeen,92,360,33120,Wednesday,0,0,None,48,0,0,37.0
2024-09-11,Station Road,Aloo Bhujia,Namkeen,40,300,12000,Wednesday,0,0,None,48,0,0,37.0
2024-09-12,Station Road,Rasgulla,Sweet,54,280,15120,Thursday,0,0,None,47,0,0,29.9
2024-09-12,Station Road,Gulab Jamun,Sweet,58,300,17400,Thursday,0,0,None,47,0,0,29.9
2024-09-12,Station Road,Kaju Katli,Sweet,24,900,21600,Thursday,0,0,None,47,0,0,29.9
2024-09-12,Station Road,Besan Barfi,Sweet,30,420,12600,Thursday,0,0,None,47,0,0,29.9
2024-09-12,Station Road,Motichoor Laddu,Sweet,33,380,12540,Thursday,0,0,None,47,0,0,29.9
2024-09-12,Station Road,Ghewar,Sweet,12,500,6000,Thursday,0,0,None,47,0,0,29.9
2024-09-12,Station Road,Gajak,Sweet,1,320,320,Thursday,0,0,None,47,0,0,29.9
2024-09-12,Station Road,Soan Papdi,Sweet,25,300,7500,Thursday,0,0,None,47,0,0,29.9
2024-09-12,Station Road,Bikaneri Bhujia,Namkeen,86,360,30960,Thursday,0,0,None,47,0,0,29.9
2024-09-12,Station Road,Aloo Bhujia,Namkeen,47,300,14100,Thursday,0,0,None,47,0,0,29.9
2024-09-13,Station Road,Rasgulla,Sweet,66,280,18480,Friday,0,0,None,46,0,0,35.3
2024-09-13,Station Road,Gulab Jamun,Sweet,68,300,20400,Friday,0,0,None,46,0,0,35.3
2024-09-13,Station Road,Kaju Katli,Sweet,37,900,33300,Friday,0,0,None,46,0,0,35.3
2024-09-13,Station Road,Besan Barfi,Sweet,36,420,15120,Friday,0,0,None,46,0,0,35.3
2024-09-13,Station Road,Motichoor Laddu,Sweet,37,380,14060,Friday,0,0,None,46,0,0,35.3
2024-09-13,Station Road,Ghewar,Sweet,24,500,12000,Friday,0,0,None,46,0,0,35.3
2024-09-13,Station Road,Gajak,Sweet,2,320,640,Friday,0,0,None,46,0,0,35.3
2024-09-13,Station Road,Soan Papdi,Sweet,29,300,8700,Friday,0,0,None,46,0,0,35.3
2024-09-13,Station Road,Bikaneri Bhujia,Namkeen,113,360,40680,Friday,0,0,None,46,0,0,35.3
2024-09-13,Station Road,Aloo Bhujia,Namkeen,51,270,13770,Friday,0,0,None,46,0,1,35.3
2024-09-14,Station Road,Rasgulla,Sweet,67,280,18760,Saturday,1,0,None,45,0,0,31.0
2024-09-14,Station Road,Gulab Jamun,Sweet,77,300,23100,Saturday,1,0,None,45,0,0,31.0
2024-09-14,Station Road,Kaju Katli,Sweet,40,900,36000,Saturday,1,0,None,45,0,0,31.0
2024-09-14,Station Road,Besan Barfi,Sweet,41,420,17220,Saturday,1,0,None,45,0,0,31.0
2024-09-14,Station Road,Motichoor Laddu,Sweet,40,380,15200,Saturday,1,0,None,45,0,0,31.0
2024-09-14,Station Road,Ghewar,Sweet,26,500,13000,Saturday,1,0,None,45,0,0,31.0
2024-09-14,Station Road,Gajak,Sweet,1,320,320,Saturday,1,0,None,45,0,0,31.0
2024-09-14,Station Road,Soan Papdi,Sweet,20,300,6000,Saturday,1,0,None,45,0,0,31.0
2024-09-14,Station Road,Bikaneri Bhujia,Namkeen,114,360,41040,Saturday,1,0,None,45,0,0,31.0
2024-09-14,Station Road,Aloo Bhujia,Namkeen,49,300,14700,Saturday,1,0,None,45,0,0,31.0
2024-09-15,Station Road,Rasgulla,Sweet,75,280,21000,Sunday,1,0,None,44,0,0,34.6
2024-09-15,Station Road,Gulab Jamun,Sweet,91,300,27300,Sunday,1,0,None,44,0,0,34.6
2024-09-15,Station Road,Kaju Katli,Sweet,46,900,41400,Sunday,1,0,None,44,0,0,34.6
2024-09-15,Station Road,Besan Barfi,Sweet,49,420,20580,Sunday,1,0,None,44,0,0,34.6
2024-09-15,Station Road,Motichoor Laddu,Sweet,43,380,16340,Sunday,1,0,None,44,0,0,34.6
2024-09-15,Station Road,Ghewar,Sweet,26,500,13000,Sunday,1,0,None,44,0,0,34.6
2024-09-15,Station Road,Gajak,Sweet,3,320,960,Sunday,1,0,None,44,0,0,34.6
2024-09-15,Station Road,Soan Papdi,Sweet,35,300,10500,Sunday,1,0,None,44,0,0,34.6
2024-09-15,Station Road,Bikaneri Bhujia,Namkeen,112,360,40320,Sunday,1,0,None,44,0,0,34.6
2024-09-15,Station Road,Aloo Bhujia,Namkeen,71,300,21300,Sunday,1,0,None,44,0,0,34.6
2024-09-16,Station Road,Rasgulla,Sweet,53,280,14840,Monday,0,0,None,43,0,0,32.9
2024-09-16,Station Road,Gulab Jamun,Sweet,55,300,16500,Monday,0,0,None,43,0,0,32.9
2024-09-16,Station Road,Kaju Katli,Sweet,21,900,18900,Monday,0,0,None,43,0,0,32.9
2024-09-16,Station Road,Besan Barfi,Sweet,29,420,12180,Monday,0,0,None,43,0,0,32.9
2024-09-16,Station Road,Motichoor Laddu,Sweet,35,380,13300,Monday,0,0,None,43,0,0,32.9
2024-09-16,Station Road,Ghewar,Sweet,16,500,8000,Monday,0,0,None,43,0,0,32.9
2024-09-16,Station Road,Gajak,Sweet,0,320,0,Monday,0,0,None,43,0,0,32.9
2024-09-16,Station Road,Soan Papdi,Sweet,18,300,5400,Monday,0,0,None,43,0,0,32.9
2024-09-16,Station Road,Bikaneri Bhujia,Namkeen,88,360,31680,Monday,0,0,None,43,0,0,32.9
2024-09-16,Station Road,Aloo Bhujia,Namkeen,44,300,13200,Monday,0,0,None,43,0,0,32.9
2024-09-17,Station Road,Rasgulla,Sweet,40,280,11200,Tuesday,0,0,None,42,0,0,30.3
2024-09-17,Station Road,Gulab Jamun,Sweet,57,300,17100,Tuesday,0,0,None,42,0,0,30.3
2024-09-17,Station Road,Kaju Katli,Sweet,25,900,22500,Tuesday,0,0,None,42,0,0,30.3
2024-09-17,Station Road,Besan Barfi,Sweet,26,420,10920,Tuesday,0,0,None,42,0,0,30.3
2024-09-17,Station Road,Motichoor Laddu,Sweet,25,380,9500,Tuesday,0,0,None,42,0,0,30.3
2024-09-17,Station Road,Ghewar,Sweet,14,500,7000,Tuesday,0,0,None,42,0,0,30.3
2024-09-17,Station Road,Gajak,Sweet,3,320,960,Tuesday,0,0,None,42,0,0,30.3
2024-09-17,Station Road,Soan Papdi,Sweet,22,300,6600,Tuesday,0,0,None,42,0,0,30.3
2024-09-17,Station Road,Bikaneri Bhujia,Namkeen,70,360,25200,Tuesday,0,0,None,42,0,0,30.3
2024-09-17,Station Road,Aloo Bhujia,Namkeen,40,300,12000,Tuesday,0,0,None,42,0,0,30.3
2024-09-18,Station Road,Rasgulla,Sweet,48,280,13440,Wednesday,0,0,None,41,0,0,30.7
2024-09-18,Station Road,Gulab Jamun,Sweet,51,300,15300,Wednesday,0,0,None,41,0,0,30.7
2024-09-18,Station Road,Kaju Katli,Sweet,26,900,23400,Wednesday,0,0,None,41,0,0,30.7
2024-09-18,Station Road,Besan Barfi,Sweet,48,378,18144,Wednesday,0,0,None,41,0,1,30.7
2024-09-18,Station Road,Motichoor Laddu,Sweet,42,380,15960,Wednesday,0,0,None,41,0,0,30.7
2024-09-18,Station Road,Ghewar,Sweet,22,450,9900,Wednesday,0,0,None,41,0,1,30.7
2024-09-18,Station Road,Gajak,Sweet,1,320,320,Wednesday,0,0,None,41,0,0,30.7
2024-09-18,Station Road,Soan Papdi,Sweet,19,300,5700,Wednesday,0,0,None,41,0,0,30.7
2024-09-18,Station Road,Bikaneri Bhujia,Namkeen,84,360,30240,Wednesday,0,0,None,41,0,0,30.7
2024-09-18,Station Road,Aloo Bhujia,Namkeen,67,270,18090,Wednesday,0,0,None,41,0,1,30.7
2024-09-19,Station Road,Rasgulla,Sweet,53,280,14840,Thursday,0,0,None,40,0,0,32.5
2024-09-19,Station Road,Gulab Jamun,Sweet,50,300,15000,Thursday,0,0,None,40,0,0,32.5
2024-09-19,Station Road,Kaju Katli,Sweet,37,900,33300,Thursday,0,0,None,40,0,0,32.5
2024-09-19,Station Road,Besan Barfi,Sweet,36,420,15120,Thursday,0,0,None,40,0,0,32.5
2024-09-19,Station Road,Motichoor Laddu,Sweet,38,380,14440,Thursday,0,0,None,40,0,0,32.5
2024-09-19,Station Road,Ghewar,Sweet,18,500,9000,Thursday,0,0,None,40,0,0,32.5
2024-09-19,Station Road,Gajak,Sweet,2,288,576,Thursday,0,0,None,40,0,1,32.5
2024-09-19,Station Road,Soan Papdi,Sweet,20,300,6000,Thursday,0,0,None,40,0,0,32.5
2024-09-19,Station Road,Bikaneri Bhujia,Namkeen,90,360,32400,Thursday,0,0,None,40,0,0,32.5
2024-09-19,Station Road,Aloo Bhujia,Namkeen,41,300,12300,Thursday,0,0,None,40,0,0,32.5
2024-09-20,Station Road,Rasgulla,Sweet,55,280,15400,Friday,0,0,None,39,0,0,28.7
2024-09-20,Station Road,Gulab Jamun,Sweet,72,300,21600,Friday,0,0,None,39,0,0,28.7
2024-09-20,Station Road,Kaju Katli,Sweet,45,900,40500,Friday,0,0,None,39,0,0,28.7
2024-09-20,Station Road,Besan Barfi,Sweet,43,420,18060,Friday,0,0,None,39,0,0,28.7
2024-09-20,Station Road,Motichoor Laddu,Sweet,28,380,10640,Friday,0,0,None,39,0,0,28.7
2024-09-20,Station Road,Ghewar,Sweet,23,500,11500,Friday,0,0,None,39,0,0,28.7
2024-09-20,Station Road,Gajak,Sweet,1,320,320,Friday,0,0,None,39,0,0,28.7
2024-09-20,Station Road,Soan Papdi,Sweet,23,300,6900,Friday,0,0,None,39,0,0,28.7
2024-09-20,Station Road,Bikaneri Bhujia,Namkeen,102,360,36720,Friday,0,0,None,39,0,0,28.7
2024-09-20,Station Road,Aloo Bhujia,Namkeen,51,300,15300,Friday,0,0,None,39,0,0,28.7
2024-09-21,Station Road,Rasgulla,Sweet,63,280,17640,Saturday,1,0,None,38,0,0,33.6
2024-09-21,Station Road,Gulab Jamun,Sweet,81,300,24300,Saturday,1,0,None,38,0,0,33.6
2024-09-21,Station Road,Kaju Katli,Sweet,34,900,30600,Saturday,1,0,None,38,0,0,33.6
2024-09-21,Station Road,Besan Barfi,Sweet,48,420,20160,Saturday,1,0,None,38,0,0,33.6
2024-09-21,Station Road,Motichoor Laddu,Sweet,41,380,15580,Saturday,1,0,None,38,0,0,33.6
2024-09-21,Station Road,Ghewar,Sweet,31,500,15500,Saturday,1,0,None,38,0,0,33.6
2024-09-21,Station Road,Gajak,Sweet,1,320,320,Saturday,1,0,None,38,0,0,33.6
2024-09-21,Station Road,Soan Papdi,Sweet,30,300,9000,Saturday,1,0,None,38,0,0,33.6
2024-09-21,Station Road,Bikaneri Bhujia,Namkeen,157,324,50868,Saturday,1,0,None,38,0,1,33.6
2024-09-21,Station Road,Aloo Bhujia,Namkeen,42,300,12600,Saturday,1,0,None,38,0,0,33.6
2024-09-22,Station Road,Rasgulla,Sweet,69,280,19320,Sunday,1,0,None,37,0,0,32.4
2024-09-22,Station Road,Gulab Jamun,Sweet,81,300,24300,Sunday,1,0,None,37,0,0,32.4
2024-09-22,Station Road,Kaju Katli,Sweet,35,900,31500,Sunday,1,0,None,37,0,0,32.4
2024-09-22,Station Road,Besan Barfi,Sweet,36,420,15120,Sunday,1,0,None,37,0,0,32.4
2024-09-22,Station Road,Motichoor Laddu,Sweet,46,380,17480,Sunday,1,0,None,37,0,0,32.4
2024-09-22,Station Road,Ghewar,Sweet,22,500,11000,Sunday,1,0,None,37,0,0,32.4
2024-09-22,Station Road,Gajak,Sweet,2,320,640,Sunday,1,0,None,37,0,0,32.4
2024-09-22,Station Road,Soan Papdi,Sweet,29,300,8700,Sunday,1,0,None,37,0,0,32.4
2024-09-22,Station Road,Bikaneri Bhujia,Namkeen,119,360,42840,Sunday,1,0,None,37,0,0,32.4
2024-09-22,Station Road,Aloo Bhujia,Namkeen,74,300,22200,Sunday,1,0,None,37,0,0,32.4
2024-09-23,Station Road,Rasgulla,Sweet,49,280,13720,Monday,0,0,None,36,0,0,33.3
2024-09-23,Station Road,Gulab Jamun,Sweet,66,270,17820,Monday,0,0,None,36,0,1,33.3
2024-09-23,Station Road,Kaju Katli,Sweet,26,900,23400,Monday,0,0,None,36,0,0,33.3
2024-09-23,Station Road,Besan Barfi,Sweet,29,420,12180,Monday,0,0,None,36,0,0,33.3
2024-09-23,Station Road,Motichoor Laddu,Sweet,32,380,12160,Monday,0,0,None,36,0,0,33.3
2024-09-23,Station Road,Ghewar,Sweet,13,500,6500,Monday,0,0,None,36,0,0,33.3
2024-09-23,Station Road,Gajak,Sweet,2,320,640,Monday,0,0,None,36,0,0,33.3
2024-09-23,Station Road,Soan Papdi,Sweet,19,300,5700,Monday,0,0,None,36,0,0,33.3
2024-09-23,Station Road,Bikaneri Bhujia,Namkeen,83,360,29880,Monday,0,0,None,36,0,0,33.3
2024-09-23,Station Road,Aloo Bhujia,Namkeen,31,300,9300,Monday,0,0,None,36,0,0,33.3
2024-09-24,Station Road,Rasgulla,Sweet,44,280,12320,Tuesday,0,0,None,35,0,0,32.4
2024-09-24,Station Road,Gulab Jamun,Sweet,43,300,12900,Tuesday,0,0,None,35,0,0,32.4
2024-09-24,Station Road,Kaju Katli,Sweet,28,900,25200,Tuesday,0,0,None,35,0,0,32.4
2024-09-24,Station Road,Besan Barfi,Sweet,35,420,14700,Tuesday,0,0,None,35,0,0,32.4
2024-09-24,Station Road,Motichoor Laddu,Sweet,36,380,13680,Tuesday,0,0,None,35,0,0,32.4
2024-09-24,Station Road,Ghewar,Sweet,13,500,6500,Tuesday,0,0,None,35,0,0,32.4
2024-09-24,Station Road,Gajak,Sweet,1,320,320,Tuesday,0,0,None,35,0,0,32.4
2024-09-24,Station Road,Soan Papdi,Sweet,15,300,4500,Tuesday,0,0,None,35,0,0,32.4
2024-09-24,Station Road,Bikaneri Bhujia,Namkeen,98,360,35280,Tuesday,0,0,None,35,0,0,32.4
2024-09-24,Station Road,Aloo Bhujia,Namkeen,53,300,15900,Tuesday,0,0,None,35,0,0,32.4
2024-09-25,Station Road,Rasgulla,Sweet,59,280,16520,Wednesday,0,0,None,34,0,0,32.1
2024-09-25,Station Road,Gulab Jamun,Sweet,55,300,16500,Wednesday,0,0,None,34,0,0,32.1
2024-09-25,Station Road,Kaju Katli,Sweet,31,900,27900,Wednesday,0,0,None,34,0,0,32.1
2024-09-25,Station Road,Besan Barfi,Sweet,35,420,14700,Wednesday,0,0,None,34,0,0,32.1
2024-09-25,Station Road,Motichoor Laddu,Sweet,28,380,10640,Wednesday,0,0,None,34,0,0,32.1
2024-09-25,Station Road,Ghewar,Sweet,10,500,5000,Wednesday,0,0,None,34,0,0,32.1
2024-09-25,Station Road,Gajak,Sweet,2,288,576,Wednesday,0,0,None,34,0,1,32.1
2024-09-25,Station Road,Soan Papdi,Sweet,31,300,9300,Wednesday,0,0,None,34,0,0,32.1
2024-09-25,Station Road,Bikaneri Bhujia,Namkeen,76,360,27360,Wednesday,0,0,None,34,0,0,32.1
2024-09-25,Station Road,Aloo Bhujia,Namkeen,38,300,11400,Wednesday,0,0,None,34,0,0,32.1
2024-09-26,Station Road,Rasgulla,Sweet,54,280,15120,Thursday,0,0,None,33,0,0,31.0
2024-09-26,Station Road,Gulab Jamun,Sweet,60,300,18000,Thursday,0,0,None,33,0,0,31.0
2024-09-26,Station Road,Kaju Katli,Sweet,26,900,23400,Thursday,0,0,None,33,0,0,31.0
2024-09-26,Station Road,Besan Barfi,Sweet,31,420,13020,Thursday,0,0,None,33,0,0,31.0
2024-09-26,Station Road,Motichoor Laddu,Sweet,36,380,13680,Thursday,0,0,None,33,0,0,31.0
2024-09-26,Station Road,Ghewar,Sweet,27,500,13500,Thursday,0,0,None,33,0,0,31.0
2024-09-26,Station Road,Gajak,Sweet,2,288,576,Thursday,0,0,None,33,0,1,31.0
2024-09-26,Station Road,Soan Papdi,Sweet,23,300,6900,Thursday,0,0,None,33,0,0,31.0
2024-09-26,Station Road,Bikaneri Bhujia,Namkeen,91,360,32760,Thursday,0,0,None,33,0,0,31.0
2024-09-26,Station Road,Aloo Bhujia,Namkeen,41,300,12300,Thursday,0,0,None,33,0,0,31.0
2024-09-27,Station Road,Rasgulla,Sweet,56,280,15680,Friday,0,0,None,32,0,0,29.0
2024-09-27,Station Road,Gulab Jamun,Sweet,56,300,16800,Friday,0,0,None,32,0,0,29.0
2024-09-27,Station Road,Kaju Katli,Sweet,26,900,23400,Friday,0,0,None,32,0,0,29.0
2024-09-27,Station Road,Besan Barfi,Sweet,34,420,14280,Friday,0,0,None,32,0,0,29.0
2024-09-27,Station Road,Motichoor Laddu,Sweet,35,380,13300,Friday,0,0,None,32,0,0,29.0
2024-09-27,Station Road,Ghewar,Sweet,18,500,9000,Friday,0,0,None,32,0,0,29.0
2024-09-27,Station Road,Gajak,Sweet,0,320,0,Friday,0,0,None,32,0,0,29.0
2024-09-27,Station Road,Soan Papdi,Sweet,17,300,5100,Friday,0,0,None,32,0,0,29.0
2024-09-27,Station Road,Bikaneri Bhujia,Namkeen,110,360,39600,Friday,0,0,None,32,0,0,29.0
2024-09-27,Station Road,Aloo Bhujia,Namkeen,52,300,15600,Friday,0,0,None,32,0,0,29.0
2024-09-28,Station Road,Rasgulla,Sweet,68,280,19040,Saturday,1,0,None,31,0,0,35.2
2024-09-28,Station Road,Gulab Jamun,Sweet,89,300,26700,Saturday,1,0,None,31,0,0,35.2
2024-09-28,Station Road,Kaju Katli,Sweet,47,900,42300,Saturday,1,0,None,31,0,0,35.2
2024-09-28,Station Road,Besan Barfi,Sweet,39,420,16380,Saturday,1,0,None,31,0,0,35.2
2024-09-28,Station Road,Motichoor Laddu,Sweet,42,380,15960,Saturday,1,0,None,31,0,0,35.2
2024-09-28,Station Road,Ghewar,Sweet,27,500,13500,Saturday,1,0,None,31,0,0,35.2
2024-09-28,Station Road,Gajak,Sweet,0,320,0,Saturday,1,0,None,31,0,0,35.2
2024-09-28,Station Road,Soan Papdi,Sweet,30,300,9000,Saturday,1,0,None,31,0,0,35.2
2024-09-28,Station Road,Bikaneri Bhujia,Namkeen,114,360,41040,Saturday,1,0,None,31,0,0,35.2
2024-09-28,Station Road,Aloo Bhujia,Namkeen,64,300,19200,Saturday,1,0,None,31,0,0,35.2
2024-09-29,Station Road,Rasgulla,Sweet,81,252,20412,Sunday,1,0,None,30,0,1,32.9
2024-09-29,Station Road,Gulab Jamun,Sweet,78,300,23400,Sunday,1,0,None,30,0,0,32.9
2024-09-29,Station Road,Kaju Katli,Sweet,42,900,37800,Sunday,1,0,None,30,0,0,32.9
2024-09-29,Station Road,Besan Barfi,Sweet,55,420,23100,Sunday,1,0,None,30,0,0,32.9
2024-09-29,Station Road,Motichoor Laddu,Sweet,46,380,17480,Sunday,1,0,None,30,0,0,32.9
2024-09-29,Station Road,Ghewar,Sweet,21,500,10500,Sunday,1,0,None,30,0,0,32.9
2024-09-29,Station Road,Gajak,Sweet,1,320,320,Sunday,1,0,None,30,0,0,32.9
2024-09-29,Station Road,Soan Papdi,Sweet,23,300,6900,Sunday,1,0,None,30,0,0,32.9
2024-09-29,Station Road,Bikaneri Bhujia,Namkeen,128,360,46080,Sunday,1,0,None,30,0,0,32.9
2024-09-29,Station Road,Aloo Bhujia,Namkeen,79,270,21330,Sunday,1,0,None,30,0,1,32.9
2024-09-30,Station Road,Rasgulla,Sweet,50,280,14000,Monday,0,0,None,29,0,0,32.0
2024-09-30,Station Road,Gulab Jamun,Sweet,41,300,12300,Monday,0,0,None,29,0,0,32.0
2024-09-30,Station Road,Kaju Katli,Sweet,29,900,26100,Monday,0,0,None,29,0,0,32.0
2024-09-30,Station Road,Besan Barfi,Sweet,40,420,16800,Monday,0,0,None,29,0,0,32.0
2024-09-30,Station Road,Motichoor Laddu,Sweet,24,380,9120,Monday,0,0,None,29,0,0,32.0
2024-09-30,Station Road,Ghewar,Sweet,17,500,8500,Monday,0,0,None,29,0,0,32.0
2024-09-30,Station Road,Gajak,Sweet,0,320,0,Monday,0,0,None,29,0,0,32.0
2024-09-30,Station Road,Soan Papdi,Sweet,17,300,5100,Monday,0,0,None,29,0,0,32.0
2024-09-30,Station Road,Bikaneri Bhujia,Namkeen,83,360,29880,Monday,0,0,None,29,0,0,32.0
2024-09-30,Station Road,Aloo Bhujia,Namkeen,33,300,9900,Monday,0,0,None,29,0,0,32.0
2024-10-01,Station Road,Rasgulla,Sweet,44,280,12320,Tuesday,0,0,None,28,0,0,27.7
2024-10-01,Station Road,Gulab Jamun,Sweet,45,300,13500,Tuesday,0,0,None,28,0,0,27.7
2024-10-01,Station Road,Kaju Katli,Sweet,29,900,26100,Tuesday,0,0,None,28,0,0,27.7
2024-10-01,Station Road,Besan Barfi,Sweet,24,420,10080,Tuesday,0,0,None,28,0,0,27.7
2024-10-01,Station Road,Motichoor Laddu,Sweet,25,380,9500,Tuesday,0,0,None,28,0,0,27.7
2024-10-01,Station Road,Ghewar,Sweet,2,500,1000,Tuesday,0,0,None,28,0,0,27.7
2024-10-01,Station Road,Gajak,Sweet,9,320,2880,Tuesday,0,0,None,28,0,0,27.7
2024-10-01,Station Road,Soan Papdi,Sweet,20,300,6000,Tuesday,0,0,None,28,0,0,27.7
2024-10-01,Station Road,Bikaneri Bhujia,Namkeen,74,360,26640,Tuesday,0,0,None,28,0,0,27.7
2024-10-01,Station Road,Aloo Bhujia,Namkeen,48,300,14400,Tuesday,0,0,None,28,0,0,27.7
2024-10-02,Station Road,Rasgulla,Sweet,46,280,12880,Wednesday,0,0,None,27,0,0,28.1
2024-10-02,Station Road,Gulab Jamun,Sweet,52,300,15600,Wednesday,0,0,None,27,0,0,28.1
2024-10-02,Station Road,Kaju Katli,Sweet,34,900,30600,Wednesday,0,0,None,27,0,0,28.1
2024-10-02,Station Road,Besan Barfi,Sweet,32,420,13440,Wednesday,0,0,None,27,0,0,28.1
2024-10-02,Station Road,Motichoor Laddu,Sweet,37,380,14060,Wednesday,0,0,None,27,0,0,28.1
2024-10-02,Station Road,Ghewar,Sweet,2,500,1000,Wednesday,0,0,None,27,0,0,28.1
2024-10-02,Station Road,Gajak,Sweet,8,320,2560,Wednesday,0,0,None,27,0,0,28.1
2024-10-02,Station Road,Soan Papdi,Sweet,19,300,5700,Wednesday,0,0,None,27,0,0,28.1
2024-10-02,Station Road,Bikaneri Bhujia,Namkeen,83,360,29880,Wednesday,0,0,None,27,0,0,28.1
2024-10-02,Station Road,Aloo Bhujia,Namkeen,31,300,9300,Wednesday,0,0,None,27,0,0,28.1
2024-10-03,Station Road,Rasgulla,Sweet,56,280,15680,Thursday,0,0,None,26,0,0,28.2
2024-10-03,Station Road,Gulab Jamun,Sweet,54,300,16200,Thursday,0,0,None,26,0,0,28.2
2024-10-03,Station Road,Kaju Katli,Sweet,34,900,30600,Thursday,0,0,None,26,0,0,28.2
2024-10-03,Station Road,Besan Barfi,Sweet,31,420,13020,Thursday,0,0,None,26,0,0,28.2
2024-10-03,Station Road,Motichoor Laddu,Sweet,36,380,13680,Thursday,0,0,None,26,0,0,28.2
2024-10-03,Station Road,Ghewar,Sweet,1,500,500,Thursday,0,0,None,26,0,0,28.2
2024-10-03,Station Road,Gajak,Sweet,6,320,1920,Thursday,0,0,None,26,0,0,28.2
2024-10-03,Station Road,Soan Papdi,Sweet,26,300,7800,Thursday,0,0,None,26,0,0,28.2
2024-10-03,Station Road,Bikaneri Bhujia,Namkeen,86,360,30960,Thursday,0,0,None,26,0,0,28.2
2024-10-03,Station Road,Aloo Bhujia,Namkeen,49,300,14700,Thursday,0,0,None,26,0,0,28.2
2024-10-04,Station Road,Rasgulla,Sweet,51,280,14280,Friday,0,0,None,25,0,0,31.0
2024-10-04,Station Road,Gulab Jamun,Sweet,69,300,20700,Friday,0,0,None,25,0,0,31.0
2024-10-04,Station Road,Kaju Katli,Sweet,32,900,28800,Friday,0,0,None,25,0,0,31.0
2024-10-04,Station Road,Besan Barfi,Sweet,29,420,12180,Friday,0,0,None,25,0,0,31.0
2024-10-04,Station Road,Motichoor Laddu,Sweet,39,380,14820,Friday,0,0,None,25,0,0,31.0
2024-10-04,Station Road,Ghewar,Sweet,2,500,1000,Friday,0,0,None,25,0,0,31.0
2024-10-04,Station Road,Gajak,Sweet,14,320,4480,Friday,0,0,None,25,0,0,31.0
2024-10-04,Station Road,Soan Papdi,Sweet,21,300,6300,Friday,0,0,None,25,0,0,31.0
2024-10-04,Station Road,Bikaneri Bhujia,Namkeen,113,360,40680,Friday,0,0,None,25,0,0,31.0
2024-10-04,Station Road,Aloo Bhujia,Namkeen,45,300,13500,Friday,0,0,None,25,0,0,31.0
2024-10-05,Station Road,Rasgulla,Sweet,65,280,18200,Saturday,1,0,None,24,0,0,28.6
2024-10-05,Station Road,Gulab Jamun,Sweet,68,300,20400,Saturday,1,0,None,24,0,0,28.6
2024-10-05,Station Road,Kaju Katli,Sweet,34,900,30600,Saturday,1,0,None,24,0,0,28.6
2024-10-05,Station Road,Besan Barfi,Sweet,45,420,18900,Saturday,1,0,None,24,0,0,28.6
2024-10-05,Station Road,Motichoor Laddu,Sweet,53,380,20140,Saturday,1,0,None,24,0,0,28.6
2024-10-05,Station Road,Ghewar,Sweet,1,500,500,Saturday,1,0,None,24,0,0,28.6
2024-10-05,Station Road,Gajak,Sweet,15,320,4800,Saturday,1,0,None,24,0,0,28.6
2024-10-05,Station Road,Soan Papdi,Sweet,31,300,9300,Saturday,1,0,None,24,0,0,28.6
2024-10-05,Station Road,Bikaneri Bhujia,Namkeen,116,360,41760,Saturday,1,0,None,24,0,0,28.6
2024-10-05,Station Road,Aloo Bhujia,Namkeen,59,300,17700,Saturday,1,0,None,24,0,0,28.6
2024-10-06,Station Road,Rasgulla,Sweet,83,280,23240,Sunday,1,0,pre-Dussehra,23,0,0,31.1
2024-10-06,Station Road,Gulab Jamun,Sweet,104,300,31200,Sunday,1,0,pre-Dussehra,23,0,0,31.1
2024-10-06,Station Road,Kaju Katli,Sweet,56,900,50400,Sunday,1,0,pre-Dussehra,23,0,0,31.1
2024-10-06,Station Road,Besan Barfi,Sweet,64,420,26880,Sunday,1,0,pre-Dussehra,23,0,0,31.1
2024-10-06,Station Road,Motichoor Laddu,Sweet,70,380,26600,Sunday,1,0,pre-Dussehra,23,0,0,31.1
2024-10-06,Station Road,Ghewar,Sweet,2,500,1000,Sunday,1,0,pre-Dussehra,23,0,0,31.1
2024-10-06,Station Road,Gajak,Sweet,14,320,4480,Sunday,1,0,pre-Dussehra,23,0,0,31.1
2024-10-06,Station Road,Soan Papdi,Sweet,35,300,10500,Sunday,1,0,pre-Dussehra,23,0,0,31.1
2024-10-06,Station Road,Bikaneri Bhujia,Namkeen,144,360,51840,Sunday,1,0,pre-Dussehra,23,0,0,31.1
2024-10-06,Station Road,Aloo Bhujia,Namkeen,87,270,23490,Sunday,1,0,pre-Dussehra,23,0,1,31.1
2024-10-07,Station Road,Rasgulla,Sweet,64,280,17920,Monday,0,0,pre-Dussehra,22,0,0,30.3
2024-10-07,Station Road,Gulab Jamun,Sweet,106,300,31800,Monday,0,0,pre-Dussehra,22,0,0,30.3
2024-10-07,Station Road,Kaju Katli,Sweet,49,900,44100,Monday,0,0,pre-Dussehra,22,0,0,30.3
2024-10-07,Station Road,Besan Barfi,Sweet,59,420,24780,Monday,0,0,pre-Dussehra,22,0,0,30.3
2024-10-07,Station Road,Motichoor Laddu,Sweet,63,380,23940,Monday,0,0,pre-Dussehra,22,0,0,30.3
2024-10-07,Station Road,Ghewar,Sweet,2,500,1000,Monday,0,0,pre-Dussehra,22,0,0,30.3
2024-10-07,Station Road,Gajak,Sweet,7,320,2240,Monday,0,0,pre-Dussehra,22,0,0,30.3
2024-10-07,Station Road,Soan Papdi,Sweet,30,300,9000,Monday,0,0,pre-Dussehra,22,0,0,30.3
2024-10-07,Station Road,Bikaneri Bhujia,Namkeen,121,360,43560,Monday,0,0,pre-Dussehra,22,0,0,30.3
2024-10-07,Station Road,Aloo Bhujia,Namkeen,43,300,12900,Monday,0,0,pre-Dussehra,22,0,0,30.3
2024-10-08,Station Road,Rasgulla,Sweet,105,280,29400,Tuesday,0,0,pre-Dussehra,21,0,0,27.1
2024-10-08,Station Road,Gulab Jamun,Sweet,109,300,32700,Tuesday,0,0,pre-Dussehra,21,0,0,27.1
2024-10-08,Station Road,Kaju Katli,Sweet,48,900,43200,Tuesday,0,0,pre-Dussehra,21,0,0,27.1
2024-10-08,Station Road,Besan Barfi,Sweet,72,420,30240,Tuesday,0,0,pre-Dussehra,21,0,0,27.1
2024-10-08,Station Road,Motichoor Laddu,Sweet,59,380,22420,Tuesday,0,0,pre-Dussehra,21,0,0,27.1
2024-10-08,Station Road,Ghewar,Sweet,1,500,500,Tuesday,0,0,pre-Dussehra,21,0,0,27.1
2024-10-08,Station Road,Gajak,Sweet,9,320,2880,Tuesday,0,0,pre-Dussehra,21,0,0,27.1
2024-10-08,Station Road,Soan Papdi,Sweet,35,300,10500,Tuesday,0,0,pre-Dussehra,21,0,0,27.1
2024-10-08,Station Road,Bikaneri Bhujia,Namkeen,134,360,48240,Tuesday,0,0,pre-Dussehra,21,0,0,27.1
2024-10-08,Station Road,Aloo Bhujia,Namkeen,62,300,18600,Tuesday,0,0,pre-Dussehra,21,0,0,27.1
2024-10-09,Station Road,Rasgulla,Sweet,98,280,27440,Wednesday,0,0,pre-Dussehra,20,0,0,32.5
2024-10-09,Station Road,Gulab Jamun,Sweet,105,300,31500,Wednesday,0,0,pre-Dussehra,20,0,0,32.5
2024-10-09,Station Road,Kaju Katli,Sweet,70,900,63000,Wednesday,0,0,pre-Dussehra,20,0,0,32.5
2024-10-09,Station Road,Besan Barfi,Sweet,78,420,32760,Wednesday,0,0,pre-Dussehra,20,0,0,32.5
2024-10-09,Station Road,Motichoor Laddu,Sweet,67,380,25460,Wednesday,0,0,pre-Dussehra,20,0,0,32.5
2024-10-09,Station Road,Ghewar,Sweet,3,500,1500,Wednesday,0,0,pre-Dussehra,20,0,0,32.5
2024-10-09,Station Road,Gajak,Sweet,15,320,4800,Wednesday,0,0,pre-Dussehra,20,0,0,32.5
2024-10-09,Station Road,Soan Papdi,Sweet,60,270,16200,Wednesday,0,0,pre-Dussehra,20,0,1,32.5
2024-10-09,Station Road,Bikaneri Bhujia,Namkeen,153,360,55080,Wednesday,0,0,pre-Dussehra,20,0,0,32.5
2024-10-09,Station Road,Aloo Bhujia,Namkeen,92,300,27600,Wednesday,0,0,pre-Dussehra,20,0,0,32.5
2024-10-10,Station Road,Rasgulla,Sweet,114,280,31920,Thursday,0,0,pre-Dussehra,19,0,0,28.0
2024-10-10,Station Road,Gulab Jamun,Sweet,153,300,45900,Thursday,0,0,pre-Dussehra,19,0,0,28.0
2024-10-10,Station Road,Kaju Katli,Sweet,63,900,56700,Thursday,0,0,pre-Dussehra,19,0,0,28.0
2024-10-10,Station Road,Besan Barfi,Sweet,74,420,31080,Thursday,0,0,pre-Dussehra,19,0,0,28.0
2024-10-10,Station Road,Motichoor Laddu,Sweet,77,380,29260,Thursday,0,0,pre-Dussehra,19,0,0,28.0
2024-10-10,Station Road,Ghewar,Sweet,2,450,900,Thursday,0,0,pre-Dussehra,19,0,1,28.0
2024-10-10,Station Road,Gajak,Sweet,18,320,5760,Thursday,0,0,pre-Dussehra,19,0,0,28.0
2024-10-10,Station Road,Soan Papdi,Sweet,68,300,20400,Thursday,0,0,pre-Dussehra,19,0,0,28.0
2024-10-10,Station Road,Bikaneri Bhujia,Namkeen,232,360,83520,Thursday,0,0,pre-Dussehra,19,0,0,28.0
2024-10-10,Station Road,Aloo Bhujia,Namkeen,65,300,19500,Thursday,0,0,pre-Dussehra,19,0,0,28.0
2024-10-11,Station Road,Rasgulla,Sweet,146,280,40880,Friday,0,0,pre-Dussehra,18,0,0,32.1
2024-10-11,Station Road,Gulab Jamun,Sweet,197,300,59100,Friday,0,0,pre-Dussehra,18,0,0,32.1
2024-10-11,Station Road,Kaju Katli,Sweet,111,900,99900,Friday,0,0,pre-Dussehra,18,0,0,32.1
2024-10-11,Station Road,Besan Barfi,Sweet,110,420,46200,Friday,0,0,pre-Dussehra,18,0,0,32.1
2024-10-11,Station Road,Motichoor Laddu,Sweet,107,380,40660,Friday,0,0,pre-Dussehra,18,0,0,32.1
2024-10-11,Station Road,Ghewar,Sweet,3,500,1500,Friday,0,0,pre-Dussehra,18,0,0,32.1
2024-10-11,Station Road,Gajak,Sweet,22,320,7040,Friday,0,0,pre-Dussehra,18,0,0,32.1
2024-10-11,Station Road,Soan Papdi,Sweet,67,300,20100,Friday,0,0,pre-Dussehra,18,0,0,32.1
2024-10-11,Station Road,Bikaneri Bhujia,Namkeen,263,360,94680,Friday,0,0,pre-Dussehra,18,0,0,32.1
2024-10-11,Station Road,Aloo Bhujia,Namkeen,104,300,31200,Friday,0,0,pre-Dussehra,18,0,0,32.1
2024-10-12,Station Road,Rasgulla,Sweet,327,280,91560,Saturday,1,1,Dussehra,17,0,0,32.3
2024-10-12,Station Road,Gulab Jamun,Sweet,397,300,119100,Saturday,1,1,Dussehra,17,0,0,32.3
2024-10-12,Station Road,Kaju Katli,Sweet,252,900,226800,Saturday,1,1,Dussehra,17,0,0,32.3
2024-10-12,Station Road,Besan Barfi,Sweet,264,420,110880,Saturday,1,1,Dussehra,17,0,0,32.3
2024-10-12,Station Road,Motichoor Laddu,Sweet,232,380,88160,Saturday,1,1,Dussehra,17,0,0,32.3
2024-10-12,Station Road,Ghewar,Sweet,4,500,2000,Saturday,1,1,Dussehra,17,0,0,32.3
2024-10-12,Station Road,Gajak,Sweet,32,320,10240,Saturday,1,1,Dussehra,17,0,0,32.3
2024-10-12,Station Road,Soan Papdi,Sweet,179,300,53700,Saturday,1,1,Dussehra,17,0,0,32.3
2024-10-12,Station Road,Bikaneri Bhujia,Namkeen,477,360,171720,Saturday,1,1,Dussehra,17,0,0,32.3
2024-10-12,Station Road,Aloo Bhujia,Namkeen,221,300,66300,Saturday,1,1,Dussehra,17,0,0,32.3
2024-10-13,Station Road,Rasgulla,Sweet,61,280,17080,Sunday,1,0,None,16,0,0,30.8
2024-10-13,Station Road,Gulab Jamun,Sweet,78,300,23400,Sunday,1,0,None,16,0,0,30.8
2024-10-13,Station Road,Kaju Katli,Sweet,44,900,39600,Sunday,1,0,None,16,0,0,30.8
2024-10-13,Station Road,Besan Barfi,Sweet,55,420,23100,Sunday,1,0,None,16,0,0,30.8
2024-10-13,Station Road,Motichoor Laddu,Sweet,44,380,16720,Sunday,1,0,None,16,0,0,30.8
2024-10-13,Station Road,Ghewar,Sweet,3,500,1500,Sunday,1,0,None,16,0,0,30.8
2024-10-13,Station Road,Gajak,Sweet,13,320,4160,Sunday,1,0,None,16,0,0,30.8
2024-10-13,Station Road,Soan Papdi,Sweet,36,300,10800,Sunday,1,0,None,16,0,0,30.8
2024-10-13,Station Road,Bikaneri Bhujia,Namkeen,120,360,43200,Sunday,1,0,None,16,0,0,30.8
2024-10-13,Station Road,Aloo Bhujia,Namkeen,79,300,23700,Sunday,1,0,None,16,0,0,30.8
2024-10-14,Station Road,Rasgulla,Sweet,50,280,14000,Monday,0,0,pre-Karva Chauth,15,0,0,32.4
2024-10-14,Station Road,Gulab Jamun,Sweet,64,300,19200,Monday,0,0,pre-Karva Chauth,15,0,0,32.4
2024-10-14,Station Road,Kaju Katli,Sweet,38,900,34200,Monday,0,0,pre-Karva Chauth,15,0,0,32.4
2024-10-14,Station Road,Besan Barfi,Sweet,49,420,20580,Monday,0,0,pre-Karva Chauth,15,0,0,32.4
2024-10-14,Station Road,Motichoor Laddu,Sweet,25,380,9500,Monday,0,0,pre-Karva Chauth,15,0,0,32.4
2024-10-14,Station Road,Ghewar,Sweet,2,500,1000,Monday,0,0,pre-Karva Chauth,15,0,0,32.4
2024-10-14,Station Road,Gajak,Sweet,17,320,5440,Monday,0,0,pre-Karva Chauth,15,0,0,32.4
2024-10-14,Station Road,Soan Papdi,Sweet,21,300,6300,Monday,0,0,pre-Karva Chauth,15,0,0,32.4
2024-10-14,Station Road,Bikaneri Bhujia,Namkeen,113,360,40680,Monday,0,0,pre-Karva Chauth,15,0,0,32.4
2024-10-14,Station Road,Aloo Bhujia,Namkeen,36,300,10800,Monday,0,0,pre-Karva Chauth,15,0,0,32.4
2024-10-15,Station Road,Rasgulla,Sweet,68,280,19040,Tuesday,0,0,pre-Karva Chauth,14,0,0,29.0
2024-10-15,Station Road,Gulab Jamun,Sweet,68,300,20400,Tuesday,0,0,pre-Karva Chauth,14,0,0,29.0
2024-10-15,Station Road,Kaju Katli,Sweet,40,900,36000,Tuesday,0,0,pre-Karva Chauth,14,0,0,29.0
2024-10-15,Station Road,Besan Barfi,Sweet,50,420,21000,Tuesday,0,0,pre-Karva Chauth,14,0,0,29.0
2024-10-15,Station Road,Motichoor Laddu,Sweet,55,380,20900,Tuesday,0,0,pre-Karva Chauth,14,0,0,29.0
2024-10-15,Station Road,Ghewar,Sweet,2,500,1000,Tuesday,0,0,pre-Karva Chauth,14,0,0,29.0
2024-10-15,Station Road,Gajak,Sweet,19,288,5472,Tuesday,0,0,pre-Karva Chauth,14,0,1,29.0
2024-10-15,Station Road,Soan Papdi,Sweet,25,300,7500,Tuesday,0,0,pre-Karva Chauth,14,0,0,29.0
2024-10-15,Station Road,Bikaneri Bhujia,Namkeen,124,360,44640,Tuesday,0,0,pre-Karva Chauth,14,0,0,29.0
2024-10-15,Station Road,Aloo Bhujia,Namkeen,57,300,17100,Tuesday,0,0,pre-Karva Chauth,14,0,0,29.0
2024-10-16,Station Road,Rasgulla,Sweet,91,280,25480,Wednesday,0,0,pre-Karva Chauth,13,0,0,32.9
2024-10-16,Station Road,Gulab Jamun,Sweet,97,300,29100,Wednesday,0,0,pre-Karva Chauth,13,0,0,32.9
2024-10-16,Station Road,Kaju Katli,Sweet,47,900,42300,Wednesday,0,0,pre-Karva Chauth,13,0,0,32.9
2024-10-16,Station Road,Besan Barfi,Sweet,55,420,23100,Wednesday,0,0,pre-Karva Chauth,13,0,0,32.9
2024-10-16,Station Road,Motichoor Laddu,Sweet,55,380,20900,Wednesday,0,0,pre-Karva Chauth,13,0,0,32.9
2024-10-16,Station Road,Ghewar,Sweet,4,500,2000,Wednesday,0,0,pre-Karva Chauth,13,0,0,32.9
2024-10-16,Station Road,Gajak,Sweet,13,320,4160,Wednesday,0,0,pre-Karva Chauth,13,0,0,32.9
2024-10-16,Station Road,Soan Papdi,Sweet,35,300,10500,Wednesday,0,0,pre-Karva Chauth,13,0,0,32.9
2024-10-16,Station Road,Bikaneri Bhujia,Namkeen,127,360,45720,Wednesday,0,0,pre-Karva Chauth,13,0,0,32.9
2024-10-16,Station Road,Aloo Bhujia,Namkeen,80,270,21600,Wednesday,0,0,pre-Karva Chauth,13,0,1,32.9
2024-10-17,Station Road,Rasgulla,Sweet,89,280,24920,Thursday,0,0,pre-Karva Chauth,12,0,0,26.6
2024-10-17,Station Road,Gulab Jamun,Sweet,119,300,35700,Thursday,0,0,pre-Karva Chauth,12,0,0,26.6
2024-10-17,Station Road,Kaju Katli,Sweet,59,900,53100,Thursday,0,0,pre-Karva Chauth,12,0,0,26.6
2024-10-17,Station Road,Besan Barfi,Sweet,86,420,36120,Thursday,0,0,pre-Karva Chauth,12,0,0,26.6
2024-10-17,Station Road,Motichoor Laddu,Sweet,61,380,23180,Thursday,0,0,pre-Karva Chauth,12,0,0,26.6
2024-10-17,Station Road,Ghewar,Sweet,2,500,1000,Thursday,0,0,pre-Karva Chauth,12,0,0,26.6
2024-10-17,Station Road,Gajak,Sweet,21,320,6720,Thursday,0,0,pre-Karva Chauth,12,0,0,26.6
2024-10-17,Station Road,Soan Papdi,Sweet,46,300,13800,Thursday,0,0,pre-Karva Chauth,12,0,0,26.6
2024-10-17,Station Road,Bikaneri Bhujia,Namkeen,156,360,56160,Thursday,0,0,pre-Karva Chauth,12,0,0,26.6
2024-10-17,Station Road,Aloo Bhujia,Namkeen,61,300,18300,Thursday,0,0,pre-Karva Chauth,12,0,0,26.6
2024-10-18,Station Road,Rasgulla,Sweet,130,280,36400,Friday,0,0,pre-Karva Chauth,11,0,0,28.3
2024-10-18,Station Road,Gulab Jamun,Sweet,130,300,39000,Friday,0,0,pre-Karva Chauth,11,0,0,28.3
2024-10-18,Station Road,Kaju Katli,Sweet,69,900,62100,Friday,0,0,pre-Karva Chauth,11,0,0,28.3
2024-10-18,Station Road,Besan Barfi,Sweet,81,420,34020,Friday,0,0,pre-Karva Chauth,11,0,0,28.3
2024-10-18,Station Road,Motichoor Laddu,Sweet,95,380,36100,Friday,0,0,pre-Karva Chauth,11,0,0,28.3
2024-10-18,Station Road,Ghewar,Sweet,1,500,500,Friday,0,0,pre-Karva Chauth,11,0,0,28.3
2024-10-18,Station Road,Gajak,Sweet,16,320,5120,Friday,0,0,pre-Karva Chauth,11,0,0,28.3
2024-10-18,Station Road,Soan Papdi,Sweet,44,300,13200,Friday,0,0,pre-Karva Chauth,11,0,0,28.3
2024-10-18,Station Road,Bikaneri Bhujia,Namkeen,239,324,77436,Friday,0,0,pre-Karva Chauth,11,0,1,28.3
2024-10-18,Station Road,Aloo Bhujia,Namkeen,91,300,27300,Friday,0,0,pre-Karva Chauth,11,0,0,28.3
2024-10-19,Station Road,Rasgulla,Sweet,148,280,41440,Saturday,1,0,pre-Karva Chauth,10,0,0,30.4
2024-10-19,Station Road,Gulab Jamun,Sweet,188,300,56400,Saturday,1,0,pre-Karva Chauth,10,0,0,30.4
2024-10-19,Station Road,Kaju Katli,Sweet,107,900,96300,Saturday,1,0,pre-Karva Chauth,10,0,0,30.4
2024-10-19,Station Road,Besan Barfi,Sweet,108,420,45360,Saturday,1,0,pre-Karva Chauth,10,0,0,30.4
2024-10-19,Station Road,Motichoor Laddu,Sweet,111,380,42180,Saturday,1,0,pre-Karva Chauth,10,0,0,30.4
2024-10-19,Station Road,Ghewar,Sweet,2,500,1000,Saturday,1,0,pre-Karva Chauth,10,0,0,30.4
2024-10-19,Station Road,Gajak,Sweet,20,320,6400,Saturday,1,0,pre-Karva Chauth,10,0,0,30.4
2024-10-19,Station Road,Soan Papdi,Sweet,90,300,27000,Saturday,1,0,pre-Karva Chauth,10,0,0,30.4
2024-10-19,Station Road,Bikaneri Bhujia,Namkeen,248,360,89280,Saturday,1,0,pre-Karva Chauth,10,0,0,30.4
2024-10-19,Station Road,Aloo Bhujia,Namkeen,113,300,33900,Saturday,1,0,pre-Karva Chauth,10,0,0,30.4
2024-10-20,Station Road,Rasgulla,Sweet,281,280,78680,Sunday,1,1,Karva Chauth,9,0,0,28.5
2024-10-20,Station Road,Gulab Jamun,Sweet,334,300,100200,Sunday,1,1,Karva Chauth,9,0,0,28.5
2024-10-20,Station Road,Kaju Katli,Sweet,206,900,185400,Sunday,1,1,Karva Chauth,9,0,0,28.5
2024-10-20,Station Road,Besan Barfi,Sweet,237,420,99540,Sunday,1,1,Karva Chauth,9,0,0,28.5
2024-10-20,Station Road,Motichoor Laddu,Sweet,236,380,89680,Sunday,1,1,Karva Chauth,9,0,0,28.5
2024-10-20,Station Road,Ghewar,Sweet,5,500,2500,Sunday,1,1,Karva Chauth,9,0,0,28.5
2024-10-20,Station Road,Gajak,Sweet,33,320,10560,Sunday,1,1,Karva Chauth,9,0,0,28.5
2024-10-20,Station Road,Soan Papdi,Sweet,164,300,49200,Sunday,1,1,Karva Chauth,9,0,0,28.5
2024-10-20,Station Road,Bikaneri Bhujia,Namkeen,494,360,177840,Sunday,1,1,Karva Chauth,9,0,0,28.5
2024-10-20,Station Road,Aloo Bhujia,Namkeen,167,300,50100,Sunday,1,1,Karva Chauth,9,0,0,28.5
2024-10-21,Station Road,Rasgulla,Sweet,41,280,11480,Monday,0,0,None,8,0,0,27.4
2024-10-21,Station Road,Gulab Jamun,Sweet,51,300,15300,Monday,0,0,None,8,0,0,27.4
2024-10-21,Station Road,Kaju Katli,Sweet,23,900,20700,Monday,0,0,None,8,0,0,27.4
2024-10-21,Station Road,Besan Barfi,Sweet,31,420,13020,Monday,0,0,None,8,0,0,27.4
2024-10-21,Station Road,Motichoor Laddu,Sweet,32,380,12160,Monday,0,0,None,8,0,0,27.4
2024-10-21,Station Road,Ghewar,Sweet,1,500,500,Monday,0,0,None,8,0,0,27.4
2024-10-21,Station Road,Gajak,Sweet,10,320,3200,Monday,0,0,None,8,0,0,27.4
2024-10-21,Station Road,Soan Papdi,Sweet,16,300,4800,Monday,0,0,None,8,0,0,27.4
2024-10-21,Station Road,Bikaneri Bhujia,Namkeen,82,360,29520,Monday,0,0,None,8,0,0,27.4
2024-10-21,Station Road,Aloo Bhujia,Namkeen,53,300,15900,Monday,0,0,None,8,0,0,27.4
2024-10-22,Station Road,Rasgulla,Sweet,33,280,9240,Tuesday,0,0,None,7,0,0,27.0
2024-10-22,Station Road,Gulab Jamun,Sweet,55,270,14850,Tuesday,0,0,None,7,0,1,27.0
2024-10-22,Station Road,Kaju Katli,Sweet,24,900,21600,Tuesday,0,0,None,7,0,0,27.0
2024-10-22,Station Road,Besan Barfi,Sweet,41,378,15498,Tuesday,0,0,None,7,0,1,27.0
2024-10-22,Station Road,Motichoor Laddu,Sweet,44,380,16720,Tuesday,0,0,None,7,0,0,27.0
2024-10-22,Station Road,Ghewar,Sweet,1,500,500,Tuesday,0,0,None,7,0,0,27.0
2024-10-22,Station Road,Gajak,Sweet,4,320,1280,Tuesday,0,0,None,7,0,0,27.0
2024-10-22,Station Road,Soan Papdi,Sweet,16,300,4800,Tuesday,0,0,None,7,0,0,27.0
2024-10-22,Station Road,Bikaneri Bhujia,Namkeen,106,324,34344,Tuesday,0,0,None,7,0,1,27.0
2024-10-22,Station Road,Aloo Bhujia,Namkeen,38,300,11400,Tuesday,0,0,None,7,0,0,27.0
2024-10-23,Station Road,Rasgulla,Sweet,90,280,25200,Wednesday,0,0,pre-Dhanteras,6,0,0,29.1
2024-10-23,Station Road,Gulab Jamun,Sweet,79,300,23700,Wednesday,0,0,pre-Dhanteras,6,0,0,29.1
2024-10-23,Station Road,Kaju Katli,Sweet,37,900,33300,Wednesday,0,0,pre-Dhanteras,6,0,0,29.1
2024-10-23,Station Road,Besan Barfi,Sweet,51,420,21420,Wednesday,0,0,pre-Dhanteras,6,0,0,29.1
2024-10-23,Station Road,Motichoor Laddu,Sweet,48,380,18240,Wednesday,0,0,pre-Dhanteras,6,0,0,29.1
2024-10-23,Station Road,Ghewar,Sweet,1,500,500,Wednesday,0,0,pre-Dhanteras,6,0,0,29.1
2024-10-23,Station Road,Gajak,Sweet,11,320,3520,Wednesday,0,0,pre-Dhanteras,6,0,0,29.1
2024-10-23,Station Road,Soan Papdi,Sweet,30,300,9000,Wednesday,0,0,pre-Dhanteras,6,0,0,29.1
2024-10-23,Station Road,Bikaneri Bhujia,Namkeen,126,360,45360,Wednesday,0,0,pre-Dhanteras,6,0,0,29.1
2024-10-23,Station Road,Aloo Bhujia,Namkeen,76,270,20520,Wednesday,0,0,pre-Dhanteras,6,0,1,29.1
2024-10-24,Station Road,Rasgulla,Sweet,76,280,21280,Thursday,0,0,pre-Dhanteras,5,0,0,29.5
2024-10-24,Station Road,Gulab Jamun,Sweet,99,300,29700,Thursday,0,0,pre-Dhanteras,5,0,0,29.5
2024-10-24,Station Road,Kaju Katli,Sweet,54,900,48600,Thursday,0,0,pre-Dhanteras,5,0,0,29.5
2024-10-24,Station Road,Besan Barfi,Sweet,81,378,30618,Thursday,0,0,pre-Dhanteras,5,0,1,29.5
2024-10-24,Station Road,Motichoor Laddu,Sweet,74,380,28120,Thursday,0,0,pre-Dhanteras,5,0,0,29.5
2024-10-24,Station Road,Ghewar,Sweet,2,500,1000,Thursday,0,0,pre-Dhanteras,5,0,0,29.5
2024-10-24,Station Road,Gajak,Sweet,15,320,4800,Thursday,0,0,pre-Dhanteras,5,0,0,29.5
2024-10-24,Station Road,Soan Papdi,Sweet,39,300,11700,Thursday,0,0,pre-Dhanteras,5,0,0,29.5
2024-10-24,Station Road,Bikaneri Bhujia,Namkeen,162,360,58320,Thursday,0,0,pre-Dhanteras,5,0,0,29.5
2024-10-24,Station Road,Aloo Bhujia,Namkeen,66,300,19800,Thursday,0,0,pre-Dhanteras,5,0,0,29.5
2024-10-25,Station Road,Rasgulla,Sweet,133,280,37240,Friday,0,0,pre-Dhanteras,4,0,0,29.2
2024-10-25,Station Road,Gulab Jamun,Sweet,141,300,42300,Friday,0,0,pre-Dhanteras,4,0,0,29.2
2024-10-25,Station Road,Kaju Katli,Sweet,84,900,75600,Friday,0,0,pre-Dhanteras,4,0,0,29.2
2024-10-25,Station Road,Besan Barfi,Sweet,92,420,38640,Friday,0,0,pre-Dhanteras,4,0,0,29.2
2024-10-25,Station Road,Motichoor Laddu,Sweet,85,380,32300,Friday,0,0,pre-Dhanteras,4,0,0,29.2
2024-10-25,Station Road,Ghewar,Sweet,1,500,500,Friday,0,0,pre-Dhanteras,4,0,0,29.2
2024-10-25,Station Road,Gajak,Sweet,26,320,8320,Friday,0,0,pre-Dhanteras,4,0,0,29.2
2024-10-25,Station Road,Soan Papdi,Sweet,65,300,19500,Friday,0,0,pre-Dhanteras,4,0,0,29.2
2024-10-25,Station Road,Bikaneri Bhujia,Namkeen,211,360,75960,Friday,0,0,pre-Dhanteras,4,0,0,29.2
2024-10-25,Station Road,Aloo Bhujia,Namkeen,90,300,27000,Friday,0,0,pre-Dhanteras,4,0,0,29.2
2024-10-26,Station Road,Rasgulla,Sweet,262,280,73360,Saturday,1,0,pre-Dhanteras,3,0,0,33.8
2024-10-26,Station Road,Gulab Jamun,Sweet,304,300,91200,Saturday,1,0,pre-Dhanteras,3,0,0,33.8
2024-10-26,Station Road,Kaju Katli,Sweet,217,900,195300,Saturday,1,0,pre-Dhanteras,3,0,0,33.8
2024-10-26,Station Road,Besan Barfi,Sweet,226,420,94920,Saturday,1,0,pre-Dhanteras,3,0,0,33.8
2024-10-26,Station Road,Motichoor Laddu,Sweet,215,380,81700,Saturday,1,0,pre-Dhanteras,3,0,0,33.8
2024-10-26,Station Road,Ghewar,Sweet,6,500,3000,Saturday,1,0,pre-Dhanteras,3,0,0,33.8
2024-10-26,Station Road,Gajak,Sweet,32,320,10240,Saturday,1,0,pre-Dhanteras,3,0,0,33.8
2024-10-26,Station Road,Soan Papdi,Sweet,135,300,40500,Saturday,1,0,pre-Dhanteras,3,0,0,33.8
2024-10-26,Station Road,Bikaneri Bhujia,Namkeen,327,360,117720,Saturday,1,0,pre-Dhanteras,3,0,0,33.8
2024-10-26,Station Road,Aloo Bhujia,Namkeen,158,300,47400,Saturday,1,0,pre-Dhanteras,3,0,0,33.8
2024-10-27,Station Road,Rasgulla,Sweet,387,280,108360,Sunday,1,0,pre-Dhanteras,2,0,0,26.7
2024-10-27,Station Road,Gulab Jamun,Sweet,530,300,159000,Sunday,1,0,pre-Dhanteras,2,0,0,26.7
2024-10-27,Station Road,Kaju Katli,Sweet,354,900,318600,Sunday,1,0,pre-Dhanteras,2,0,0,26.7
2024-10-27,Station Road,Besan Barfi,Sweet,368,420,154560,Sunday,1,0,pre-Dhanteras,2,0,0,26.7
2024-10-27,Station Road,Motichoor Laddu,Sweet,352,380,133760,Sunday,1,0,pre-Dhanteras,2,0,0,26.7
2024-10-27,Station Road,Ghewar,Sweet,8,500,4000,Sunday,1,0,pre-Dhanteras,2,0,0,26.7
2024-10-27,Station Road,Gajak,Sweet,51,320,16320,Sunday,1,0,pre-Dhanteras,2,0,0,26.7
2024-10-27,Station Road,Soan Papdi,Sweet,204,300,61200,Sunday,1,0,pre-Dhanteras,2,0,0,26.7
2024-10-27,Station Road,Bikaneri Bhujia,Namkeen,617,360,222120,Sunday,1,0,pre-Dhanteras,2,0,0,26.7
2024-10-27,Station Road,Aloo Bhujia,Namkeen,253,300,75900,Sunday,1,0,pre-Dhanteras,2,0,0,26.7
2024-10-28,Station Road,Rasgulla,Sweet,496,280,138880,Monday,0,0,pre-Dhanteras,1,0,0,28.6
2024-10-28,Station Road,Gulab Jamun,Sweet,672,300,201600,Monday,0,0,pre-Dhanteras,1,0,0,28.6
2024-10-28,Station Road,Kaju Katli,Sweet,447,900,402300,Monday,0,0,pre-Dhanteras,1,0,0,28.6
2024-10-28,Station Road,Besan Barfi,Sweet,445,420,186900,Monday,0,0,pre-Dhanteras,1,0,0,28.6
2024-10-28,Station Road,Motichoor Laddu,Sweet,472,380,179360,Monday,0,0,pre-Dhanteras,1,0,0,28.6
2024-10-28,Station Road,Ghewar,Sweet,10,500,5000,Monday,0,0,pre-Dhanteras,1,0,0,28.6
2024-10-28,Station Road,Gajak,Sweet,41,320,13120,Monday,0,0,pre-Dhanteras,1,0,0,28.6
2024-10-28,Station Road,Soan Papdi,Sweet,280,300,84000,Monday,0,0,pre-Dhanteras,1,0,0,28.6
2024-10-28,Station Road,Bikaneri Bhujia,Namkeen,698,360,251280,Monday,0,0,pre-Dhanteras,1,0,0,28.6
2024-10-28,Station Road,Aloo Bhujia,Namkeen,250,300,75000,Monday,0,0,pre-Dhanteras,1,0,0,28.6
2024-10-29,Station Road,Rasgulla,Sweet,1286,280,360080,Tuesday,0,1,Dhanteras,0,0,0,30.3
2024-10-29,Station Road,Gulab Jamun,Sweet,1904,300,571200,Tuesday,0,1,Dhanteras,0,0,0,30.3
2024-10-29,Station Road,Kaju Katli,Sweet,1397,900,1257300,Tuesday,0,1,Dhanteras,0,0,0,30.3
2024-10-29,Station Road,Besan Barfi,Sweet,1418,420,595560,Tuesday,0,1,Dhanteras,0,0,0,30.3
2024-10-29,Station Road,Motichoor Laddu,Sweet,1451,380,551380,Tuesday,0,1,Dhanteras,0,0,0,30.3
2024-10-29,Station Road,Ghewar,Sweet,27,450,12150,Tuesday,0,1,Dhanteras,0,0,1,30.3
2024-10-29,Station Road,Gajak,Sweet,133,288,38304,Tuesday,0,1,Dhanteras,0,0,1,30.3
2024-10-29,Station Road,Soan Papdi,Sweet,871,300,261300,Tuesday,0,1,Dhanteras,0,0,0,30.3
2024-10-29,Station Road,Bikaneri Bhujia,Namkeen,1729,360,622440,Tuesday,0,1,Dhanteras,0,0,0,30.3
2024-10-29,Station Road,Aloo Bhujia,Namkeen,655,300,196500,Tuesday,0,1,Dhanteras,0,0,0,30.3
2024-10-30,Station Road,Rasgulla,Sweet,268,280,75040,Wednesday,0,0,pre-Diwali,2,0,0,25.4
2024-10-30,Station Road,Gulab Jamun,Sweet,374,300,112200,Wednesday,0,0,pre-Diwali,2,0,0,25.4
2024-10-30,Station Road,Kaju Katli,Sweet,264,900,237600,Wednesday,0,0,pre-Diwali,2,0,0,25.4
2024-10-30,Station Road,Besan Barfi,Sweet,240,420,100800,Wednesday,0,0,pre-Diwali,2,0,0,25.4
2024-10-30,Station Road,Motichoor Laddu,Sweet,264,380,100320,Wednesday,0,0,pre-Diwali,2,0,0,25.4
2024-10-30,Station Road,Ghewar,Sweet,8,500,4000,Wednesday,0,0,pre-Diwali,2,0,0,25.4
2024-10-30,Station Road,Gajak,Sweet,42,320,13440,Wednesday,0,0,pre-Diwali,2,0,0,25.4
2024-10-30,Station Road,Soan Papdi,Sweet,165,300,49500,Wednesday,0,0,pre-Diwali,2,0,0,25.4
2024-10-30,Station Road,Bikaneri Bhujia,Namkeen,451,360,162360,Wednesday,0,0,pre-Diwali,2,0,0,25.4
2024-10-30,Station Road,Aloo Bhujia,Namkeen,192,300,57600,Wednesday,0,0,pre-Diwali,2,0,0,25.4
2024-10-31,Station Road,Rasgulla,Sweet,533,252,134316,Thursday,0,0,pre-Diwali,1,0,1,31.6
2024-10-31,Station Road,Gulab Jamun,Sweet,560,300,168000,Thursday,0,0,pre-Diwali,1,0,0,31.6
2024-10-31,Station Road,Kaju Katli,Sweet,359,900,323100,Thursday,0,0,pre-Diwali,1,0,0,31.6
2024-10-31,Station Road,Besan Barfi,Sweet,346,420,145320,Thursday,0,0,pre-Diwali,1,0,0,31.6
2024-10-31,Station Road,Motichoor Laddu,Sweet,402,380,152760,Thursday,0,0,pre-Diwali,1,0,0,31.6
2024-10-31,Station Road,Ghewar,Sweet,4,500,2000,Thursday,0,0,pre-Diwali,1,0,0,31.6
2024-10-31,Station Road,Gajak,Sweet,41,320,13120,Thursday,0,0,pre-Diwali,1,0,0,31.6
2024-10-31,Station Road,Soan Papdi,Sweet,216,300,64800,Thursday,0,0,pre-Diwali,1,0,0,31.6
2024-10-31,Station Road,Bikaneri Bhujia,Namkeen,580,360,208800,Thursday,0,0,pre-Diwali,1,0,0,31.6
2024-10-31,Station Road,Aloo Bhujia,Namkeen,234,300,70200,Thursday,0,0,pre-Diwali,1,0,0,31.6
2024-11-01,Station Road,Rasgulla,Sweet,1091,280,305480,Friday,0,1,Diwali,0,1,0,28.4
2024-11-01,Station Road,Gulab Jamun,Sweet,1543,300,462900,Friday,0,1,Diwali,0,1,0,28.4
2024-11-01,Station Road,Kaju Katli,Sweet,1347,900,1212300,Friday,0,1,Diwali,0,1,0,28.4
2024-11-01,Station Road,Besan Barfi,Sweet,1377,420,578340,Friday,0,1,Diwali,0,1,0,28.4
2024-11-01,Station Road,Motichoor Laddu,Sweet,1291,380,490580,Friday,0,1,Diwali,0,1,0,28.4
2024-11-01,Station Road,Ghewar,Sweet,24,500,12000,Friday,0,1,Diwali,0,1,0,28.4
2024-11-01,Station Road,Gajak,Sweet,312,320,99840,Friday,0,1,Diwali,0,1,0,28.4
2024-11-01,Station Road,Soan Papdi,Sweet,766,300,229800,Friday,0,1,Diwali,0,1,0,28.4
2024-11-01,Station Road,Bikaneri Bhujia,Namkeen,1926,360,693360,Friday,0,1,Diwali,0,1,0,28.4
2024-11-01,Station Road,Aloo Bhujia,Namkeen,621,300,186300,Friday,0,1,Diwali,0,1,0,28.4
2024-11-02,Station Road,Rasgulla,Sweet,207,280,57960,Saturday,1,0,pre-Bhai Dooj,60,1,0,28.3
2024-11-02,Station Road,Gulab Jamun,Sweet,256,300,76800,Saturday,1,0,pre-Bhai Dooj,60,1,0,28.3
2024-11-02,Station Road,Kaju Katli,Sweet,197,900,177300,Saturday,1,0,pre-Bhai Dooj,60,1,0,28.3
2024-11-02,Station Road,Besan Barfi,Sweet,217,420,91140,Saturday,1,0,pre-Bhai Dooj,60,1,0,28.3
2024-11-02,Station Road,Motichoor Laddu,Sweet,242,342,82764,Saturday,1,0,pre-Bhai Dooj,60,1,1,28.3
2024-11-02,Station Road,Ghewar,Sweet,4,500,2000,Saturday,1,0,pre-Bhai Dooj,60,1,0,28.3
2024-11-02,Station Road,Gajak,Sweet,91,320,29120,Saturday,1,0,pre-Bhai Dooj,60,1,0,28.3
2024-11-02,Station Road,Soan Papdi,Sweet,113,300,33900,Saturday,1,0,pre-Bhai Dooj,60,1,0,28.3
2024-11-02,Station Road,Bikaneri Bhujia,Namkeen,398,360,143280,Saturday,1,0,pre-Bhai Dooj,60,1,0,28.3
2024-11-02,Station Road,Aloo Bhujia,Namkeen,188,270,50760,Saturday,1,0,pre-Bhai Dooj,60,1,1,28.3
2024-11-03,Station Road,Rasgulla,Sweet,422,280,118160,Sunday,1,1,Bhai Dooj,60,1,0,21.4
2024-11-03,Station Road,Gulab Jamun,Sweet,482,300,144600,Sunday,1,1,Bhai Dooj,60,1,0,21.4
2024-11-03,Station Road,Kaju Katli,Sweet,385,900,346500,Sunday,1,1,Bhai Dooj,60,1,0,21.4
2024-11-03,Station Road,Besan Barfi,Sweet,410,420,172200,Sunday,1,1,Bhai Dooj,60,1,0,21.4
2024-11-03,Station Road,Motichoor Laddu,Sweet,396,380,150480,Sunday,1,1,Bhai Dooj,60,1,0,21.4
2024-11-03,Station Road,Ghewar,Sweet,7,500,3500,Sunday,1,1,Bhai Dooj,60,1,0,21.4
2024-11-03,Station Road,Gajak,Sweet,173,320,55360,Sunday,1,1,Bhai Dooj,60,1,0,21.4
2024-11-03,Station Road,Soan Papdi,Sweet,247,300,74100,Sunday,1,1,Bhai Dooj,60,1,0,21.4
2024-11-03,Station Road,Bikaneri Bhujia,Namkeen,781,360,281160,Sunday,1,1,Bhai Dooj,60,1,0,21.4
2024-11-03,Station Road,Aloo Bhujia,Namkeen,264,300,79200,Sunday,1,1,Bhai Dooj,60,1,0,21.4
2024-11-04,Station Road,Rasgulla,Sweet,70,252,17640,Monday,0,0,None,60,1,1,18.4
2024-11-04,Station Road,Gulab Jamun,Sweet,54,300,16200,Monday,0,0,None,60,1,0,18.4
2024-11-04,Station Road,Kaju Katli,Sweet,34,900,30600,Monday,0,0,None,60,1,0,18.4
2024-11-04,Station Road,Besan Barfi,Sweet,37,420,15540,Monday,0,0,None,60,1,0,18.4
2024-11-04,Station Road,Motichoor Laddu,Sweet,40,380,15200,Monday,0,0,None,60,1,0,18.4
2024-11-04,Station Road,Ghewar,Sweet,2,500,1000,Monday,0,0,None,60,1,0,18.4
2024-11-04,Station Road,Gajak,Sweet,28,320,8960,Monday,0,0,None,60,1,0,18.4
2024-11-04,Station Road,Soan Papdi,Sweet,21,300,6300,Monday,0,0,None,60,1,0,18.4
2024-11-04,Station Road,Bikaneri Bhujia,Namkeen,119,360,42840,Monday,0,0,None,60,1,0,18.4
2024-11-04,Station Road,Aloo Bhujia,Namkeen,47,300,14100,Monday,0,0,None,60,1,0,18.4
2024-11-05,Station Road,Rasgulla,Sweet,52,280,14560,Tuesday,0,0,None,60,1,0,28.6
2024-11-05,Station Road,Gulab Jamun,Sweet,64,300,19200,Tuesday,0,0,None,60,1,0,28.6
2024-11-05,Station Road,Kaju Katli,Sweet,38,900,34200,Tuesday,0,0,None,60,1,0,28.6
2024-11-05,Station Road,Besan Barfi,Sweet,38,420,15960,Tuesday,0,0,None,60,1,0,28.6
2024-11-05,Station Road,Motichoor Laddu,Sweet,48,380,18240,Tuesday,0,0,None,60,1,0,28.6
2024-11-05,Station Road,Ghewar,Sweet,2,500,1000,Tuesday,0,0,None,60,1,0,28.6
2024-11-05,Station Road,Gajak,Sweet,40,320,12800,Tuesday,0,0,None,60,1,0,28.6
2024-11-05,Station Road,Soan Papdi,Sweet,28,300,8400,Tuesday,0,0,None,60,1,0,28.6
2024-11-05,Station Road,Bikaneri Bhujia,Namkeen,113,360,40680,Tuesday,0,0,None,60,1,0,28.6
2024-11-05,Station Road,Aloo Bhujia,Namkeen,41,300,12300,Tuesday,0,0,None,60,1,0,28.6
2024-11-06,Station Road,Rasgulla,Sweet,52,280,14560,Wednesday,0,0,None,60,1,0,23.7
2024-11-06,Station Road,Gulab Jamun,Sweet,51,300,15300,Wednesday,0,0,None,60,1,0,23.7
2024-11-06,Station Road,Kaju Katli,Sweet,29,900,26100,Wednesday,0,0,None,60,1,0,23.7
2024-11-06,Station Road,Besan Barfi,Sweet,44,420,18480,Wednesday,0,0,None,60,1,0,23.7
2024-11-06,Station Road,Motichoor Laddu,Sweet,34,380,12920,Wednesday,0,0,None,60,1,0,23.7
2024-11-06,Station Road,Ghewar,Sweet,1,500,500,Wednesday,0,0,None,60,1,0,23.7
2024-11-06,Station Road,Gajak,Sweet,38,320,12160,Wednesday,0,0,None,60,1,0,23.7
2024-11-06,Station Road,Soan Papdi,Sweet,28,300,8400,Wednesday,0,0,None,60,1,0,23.7
2024-11-06,Station Road,Bikaneri Bhujia,Namkeen,123,360,44280,Wednesday,0,0,None,60,1,0,23.7
2024-11-06,Station Road,Aloo Bhujia,Namkeen,38,300,11400,Wednesday,0,0,None,60,1,0,23.7
2024-11-07,Station Road,Rasgulla,Sweet,58,280,16240,Thursday,0,0,None,60,1,0,20.6
2024-11-07,Station Road,Gulab Jamun,Sweet,58,300,17400,Thursday,0,0,None,60,1,0,20.6
2024-11-07,Station Road,Kaju Katli,Sweet,32,900,28800,Thursday,0,0,None,60,1,0,20.6
2024-11-07,Station Road,Besan Barfi,Sweet,37,420,15540,Thursday,0,0,None,60,1,0,20.6
2024-11-07,Station Road,Motichoor Laddu,Sweet,31,380,11780,Thursday,0,0,None,60,1,0,20.6
2024-11-07,Station Road,Ghewar,Sweet,1,500,500,Thursday,0,0,None,60,1,0,20.6
2024-11-07,Station Road,Gajak,Sweet,36,320,11520,Thursday,0,0,None,60,1,0,20.6
2024-11-07,Station Road,Soan Papdi,Sweet,24,300,7200,Thursday,0,0,None,60,1,0,20.6
2024-11-07,Station Road,Bikaneri Bhujia,Namkeen,154,324,49896,Thursday,0,0,None,60,1,1,20.6
2024-11-07,Station Road,Aloo Bhujia,Namkeen,67,270,18090,Thursday,0,0,None,60,1,1,20.6
2024-11-08,Station Road,Rasgulla,Sweet,66,252,16632,Friday,0,0,None,60,1,1,20.8
2024-11-08,Station Road,Gulab Jamun,Sweet,52,300,15600,Friday,0,0,None,60,1,0,20.8
2024-11-08,Station Road,Kaju Katli,Sweet,45,900,40500,Friday,0,0,None,60,1,0,20.8
2024-11-08,Station Road,Besan Barfi,Sweet,54,420,22680,Friday,0,0,None,60,1,0,20.8
2024-11-08,Station Road,Motichoor Laddu,Sweet,65,380,24700,Friday,0,0,None,60,1,0,20.8
2024-11-08,Station Road,Ghewar,Sweet,5,500,2500,Friday,0,0,None,60,1,0,20.8
2024-11-08,Station Road,Gajak,Sweet,31,320,9920,Friday,0,0,None,60,1,0,20.8
2024-11-08,Station Road,Soan Papdi,Sweet,36,300,10800,Friday,0,0,None,60,1,0,20.8
2024-11-08,Station Road,Bikaneri Bhujia,Namkeen,133,360,47880,Friday,0,0,None,60,1,0,20.8
2024-11-08,Station Road,Aloo Bhujia,Namkeen,66,300,19800,Friday,0,0,None,60,1,0,20.8
2024-11-09,Station Road,Rasgulla,Sweet,57,280,15960,Saturday,1,0,None,60,1,0,20.7
2024-11-09,Station Road,Gulab Jamun,Sweet,71,300,21300,Saturday,1,0,None,60,1,0,20.7
2024-11-09,Station Road,Kaju Katli,Sweet,50,900,45000,Saturday,1,0,None,60,1,0,20.7
2024-11-09,Station Road,Besan Barfi,Sweet,75,420,31500,Saturday,1,0,None,60,1,0,20.7
2024-11-09,Station Road,Motichoor Laddu,Sweet,48,380,18240,Saturday,1,0,None,60,1,0,20.7
2024-11-09,Station Road,Ghewar,Sweet,5,500,2500,Saturday,1,0,None,60,1,0,20.7
2024-11-09,Station Road,Gajak,Sweet,26,320,8320,Saturday,1,0,None,60,1,0,20.7
2024-11-09,Station Road,Soan Papdi,Sweet,35,300,10500,Saturday,1,0,None,60,1,0,20.7
2024-11-09,Station Road,Bikaneri Bhujia,Namkeen,177,360,63720,Saturday,1,0,None,60,1,0,20.7
2024-11-09,Station Road,Aloo Bhujia,Namkeen,68,300,20400,Saturday,1,0,None,60,1,0,20.7
2024-11-10,Station Road,Rasgulla,Sweet,87,280,24360,Sunday,1,0,None,60,1,0,20.5
2024-11-10,Station Road,Gulab Jamun,Sweet,83,300,24900,Sunday,1,0,None,60,1,0,20.5
2024-11-10,Station Road,Kaju Katli,Sweet,51,900,45900,Sunday,1,0,None,60,1,0,20.5
2024-11-10,Station Road,Besan Barfi,Sweet,52,420,21840,Sunday,1,0,None,60,1,0,20.5
2024-11-10,Station Road,Motichoor Laddu,Sweet,60,380,22800,Sunday,1,0,None,60,1,0,20.5
2024-11-10,Station Road,Ghewar,Sweet,2,500,1000,Sunday,1,0,None,60,1,0,20.5
2024-11-10,Station Road,Gajak,Sweet,42,320,13440,Sunday,1,0,None,60,1,0,20.5
2024-11-10,Station Road,Soan Papdi,Sweet,37,300,11100,Sunday,1,0,None,60,1,0,20.5
2024-11-10,Station Road,Bikaneri Bhujia,Namkeen,159,360,57240,Sunday,1,0,None,60,1,0,20.5
2024-11-10,Station Road,Aloo Bhujia,Namkeen,75,300,22500,Sunday,1,0,None,60,1,0,20.5
2024-11-11,Station Road,Rasgulla,Sweet,59,280,16520,Monday,0,0,None,60,1,0,22.3
2024-11-11,Station Road,Gulab Jamun,Sweet,61,300,18300,Monday,0,0,None,60,1,0,22.3
2024-11-11,Station Road,Kaju Katli,Sweet,28,900,25200,Monday,0,0,None,60,1,0,22.3
2024-11-11,Station Road,Besan Barfi,Sweet,54,420,22680,Monday,0,0,None,60,1,0,22.3
2024-11-11,Station Road,Motichoor Laddu,Sweet,35,380,13300,Monday,0,0,None,60,1,0,22.3
2024-11-11,Station Road,Ghewar,Sweet,2,500,1000,Monday,0,0,None,60,1,0,22.3
2024-11-11,Station Road,Gajak,Sweet,42,320,13440,Monday,0,0,None,60,1,0,22.3
2024-11-11,Station Road,Soan Papdi,Sweet,26,300,7800,Monday,0,0,None,60,1,0,22.3
2024-11-11,Station Road,Bikaneri Bhujia,Namkeen,122,360,43920,Monday,0,0,None,60,1,0,22.3
2024-11-11,Station Road,Aloo Bhujia,Namkeen,45,300,13500,Monday,0,0,None,60,1,0,22.3
2024-11-12,Station Road,Rasgulla,Sweet,42,280,11760,Tuesday,0,0,None,60,1,0,25.7
2024-11-12,Station Road,Gulab Jamun,Sweet,68,300,20400,Tuesday,0,0,None,60,1,0,25.7
2024-11-12,Station Road,Kaju Katli,Sweet,46,900,41400,Tuesday,0,0,None,60,1,0,25.7
2024-11-12,Station Road,Besan Barfi,Sweet,49,420,20580,Tuesday,0,0,None,60,1,0,25.7
2024-11-12,Station Road,Motichoor Laddu,Sweet,40,380,15200,Tuesday,0,0,None,60,1,0,25.7
2024-11-12,Station Road,Ghewar,Sweet,2,500,1000,Tuesday,0,0,None,60,1,0,25.7
2024-11-12,Station Road,Gajak,Sweet,33,320,10560,Tuesday,0,0,None,60,1,0,25.7
2024-11-12,Station Road,Soan Papdi,Sweet,27,300,8100,Tuesday,0,0,None,60,1,0,25.7
2024-11-12,Station Road,Bikaneri Bhujia,Namkeen,110,360,39600,Tuesday,0,0,None,60,1,0,25.7
2024-11-12,Station Road,Aloo Bhujia,Namkeen,42,300,12600,Tuesday,0,0,None,60,1,0,25.7
2024-11-13,Station Road,Rasgulla,Sweet,56,280,15680,Wednesday,0,0,None,60,1,0,21.2
2024-11-13,Station Road,Gulab Jamun,Sweet,64,300,19200,Wednesday,0,0,None,60,1,0,21.2
2024-11-13,Station Road,Kaju Katli,Sweet,33,900,29700,Wednesday,0,0,None,60,1,0,21.2
2024-11-13,Station Road,Besan Barfi,Sweet,51,378,19278,Wednesday,0,0,None,60,1,1,21.2
2024-11-13,Station Road,Motichoor Laddu,Sweet,43,380,16340,Wednesday,0,0,None,60,1,0,21.2
2024-11-13,Station Road,Ghewar,Sweet,3,500,1500,Wednesday,0,0,None,60,1,0,21.2
2024-11-13,Station Road,Gajak,Sweet,29,320,9280,Wednesday,0,0,None,60,1,0,21.2
2024-11-13,Station Road,Soan Papdi,Sweet,26,300,7800,Wednesday,0,0,None,60,1,0,21.2
2024-11-13,Station Road,Bikaneri Bhujia,Namkeen,128,360,46080,Wednesday,0,0,None,60,1,0,21.2
2024-11-13,Station Road,Aloo Bhujia,Namkeen,39,300,11700,Wednesday,0,0,None,60,1,0,21.2
2024-11-14,Station Road,Rasgulla,Sweet,54,280,15120,Thursday,0,0,None,60,1,0,22.8
2024-11-14,Station Road,Gulab Jamun,Sweet,53,300,15900,Thursday,0,0,None,60,1,0,22.8
2024-11-14,Station Road,Kaju Katli,Sweet,33,900,29700,Thursday,0,0,None,60,1,0,22.8
2024-11-14,Station Road,Besan Barfi,Sweet,36,420,15120,Thursday,0,0,None,60,1,0,22.8
2024-11-14,Station Road,Motichoor Laddu,Sweet,42,380,15960,Thursday,0,0,None,60,1,0,22.8
2024-11-14,Station Road,Ghewar,Sweet,4,450,1800,Thursday,0,0,None,60,1,1,22.8
2024-11-14,Station Road,Gajak,Sweet,31,320,9920,Thursday,0,0,None,60,1,0,22.8
2024-11-14,Station Road,Soan Papdi,Sweet,25,300,7500,Thursday,0,0,None,60,1,0,22.8
2024-11-14,Station Road,Bikaneri Bhujia,Namkeen,114,360,41040,Thursday,0,0,None,60,1,0,22.8
2024-11-14,Station Road,Aloo Bhujia,Namkeen,65,300,19500,Thursday,0,0,None,60,1,0,22.8
2024-11-15,Station Road,Rasgulla,Sweet,69,280,19320,Friday,0,0,None,60,1,0,18.6
2024-11-15,Station Road,Gulab Jamun,Sweet,79,300,23700,Friday,0,0,None,60,1,0,18.6
2024-11-15,Station Road,Kaju Katli,Sweet,49,900,44100,Friday,0,0,None,60,1,0,18.6
2024-11-15,Station Road,Besan Barfi,Sweet,48,420,20160,Friday,0,0,None,60,1,0,18.6
2024-11-15,Station Road,Motichoor Laddu,Sweet,31,380,11780,Friday,0,0,None,60,1,0,18.6
2024-11-15,Station Road,Ghewar,Sweet,1,500,500,Friday,0,0,None,60,1,0,18.6
2024-11-15,Station Road,Gajak,Sweet,45,320,14400,Friday,0,0,None,60,1,0,18.6
2024-11-15,Station Road,Soan Papdi,Sweet,27,300,8100,Friday,0,0,None,60,1,0,18.6
2024-11-15,Station Road,Bikaneri Bhujia,Namkeen,145,360,52200,Friday,0,0,None,60,1,0,18.6
2024-11-15,Station Road,Aloo Bhujia,Namkeen,57,300,17100,Friday,0,0,None,60,1,0,18.6
2024-11-16,Station Road,Rasgulla,Sweet,72,280,20160,Saturday,1,0,None,60,1,0,25.9
2024-11-16,Station Road,Gulab Jamun,Sweet,74,300,22200,Saturday,1,0,None,60,1,0,25.9
2024-11-16,Station Road,Kaju Katli,Sweet,56,900,50400,Saturday,1,0,None,60,1,0,25.9
2024-11-16,Station Road,Besan Barfi,Sweet,47,420,19740,Saturday,1,0,None,60,1,0,25.9
2024-11-16,Station Road,Motichoor Laddu,Sweet,51,380,19380,Saturday,1,0,None,60,1,0,25.9
2024-11-16,Station Road,Ghewar,Sweet,2,500,1000,Saturday,1,0,None,60,1,0,25.9
2024-11-16,Station Road,Gajak,Sweet,44,320,14080,Saturday,1,0,None,60,1,0,25.9
2024-11-16,Station Road,Soan Papdi,Sweet,35,300,10500,Saturday,1,0,None,60,1,0,25.9
2024-11-16,Station Road,Bikaneri Bhujia,Namkeen,166,360,59760,Saturday,1,0,None,60,1,0,25.9
2024-11-16,Station Road,Aloo Bhujia,Namkeen,66,300,19800,Saturday,1,0,None,60,1,0,25.9
2024-11-17,Station Road,Rasgulla,Sweet,71,280,19880,Sunday,1,0,None,60,1,0,26.8
2024-11-17,Station Road,Gulab Jamun,Sweet,80,300,24000,Sunday,1,0,None,60,1,0,26.8
2024-11-17,Station Road,Kaju Katli,Sweet,57,900,51300,Sunday,1,0,None,60,1,0,26.8
2024-11-17,Station Road,Besan Barfi,Sweet,74,420,31080,Sunday,1,0,None,60,1,0,26.8
2024-11-17,Station Road,Motichoor Laddu,Sweet,56,380,21280,Sunday,1,0,None,60,1,0,26.8
2024-11-17,Station Road,Ghewar,Sweet,0,500,0,Sunday,1,0,None,60,1,0,26.8
2024-11-17,Station Road,Gajak,Sweet,44,320,14080,Sunday,1,0,None,60,1,0,26.8
2024-11-17,Station Road,Soan Papdi,Sweet,46,300,13800,Sunday,1,0,None,60,1,0,26.8
2024-11-17,Station Road,Bikaneri Bhujia,Namkeen,186,360,66960,Sunday,1,0,None,60,1,0,26.8
2024-11-17,Station Road,Aloo Bhujia,Namkeen,70,300,21000,Sunday,1,0,None,60,1,0,26.8
2024-11-18,Station Road,Rasgulla,Sweet,56,280,15680,Monday,0,0,None,60,1,0,18.1
2024-11-18,Station Road,Gulab Jamun,Sweet,68,300,20400,Monday,0,0,None,60,1,0,18.1
2024-11-18,Station Road,Kaju Katli,Sweet,39,900,35100,Monday,0,0,None,60,1,0,18.1
2024-11-18,Station Road,Besan Barfi,Sweet,40,420,16800,Monday,0,0,None,60,1,0,18.1
2024-11-18,Station Road,Motichoor Laddu,Sweet,32,380,12160,Monday,0,0,None,60,1,0,18.1
2024-11-18,Station Road,Ghewar,Sweet,1,500,500,Monday,0,0,None,60,1,0,18.1
2024-11-18,Station Road,Gajak,Sweet,43,320,13760,Monday,0,0,None,60,1,0,18.1
2024-11-18,Station Road,Soan Papdi,Sweet,27,300,8100,Monday,0,0,None,60,1,0,18.1
2024-11-18,Station Road,Bikaneri Bhujia,Namkeen,109,360,39240,Monday,0,0,None,60,1,0,18.1
2024-11-18,Station Road,Aloo Bhujia,Namkeen,43,300,12900,Monday,0,0,None,60,1,0,18.1
2024-11-19,Station Road,Rasgulla,Sweet,57,280,15960,Tuesday,0,0,None,60,1,0,22.0
2024-11-19,Station Road,Gulab Jamun,Sweet,59,300,17700,Tuesday,0,0,None,60,1,0,22.0
2024-11-19,Station Road,Kaju Katli,Sweet,29,900,26100,Tuesday,0,0,None,60,1,0,22.0
2024-11-19,Station Road,Besan Barfi,Sweet,39,420,16380,Tuesday,0,0,None,60,1,0,22.0
2024-11-19,Station Road,Motichoor Laddu,Sweet,41,380,15580,Tuesday,0,0,None,60,1,0,22.0
2024-11-19,Station Road,Ghewar,Sweet,0,500,0,Tuesday,0,0,None,60,1,0,22.0
2024-11-19,Station Road,Gajak,Sweet,27,320,8640,Tuesday,0,0,None,60,1,0,22.0
2024-11-19,Station Road,Soan Papdi,Sweet,31,270,8370,Tuesday,0,0,None,60,1,1,22.0
2024-11-19,Station Road,Bikaneri Bhujia,Namkeen,104,360,37440,Tuesday,0,0,None,60,1,0,22.0
2024-11-19,Station Road,Aloo Bhujia,Namkeen,57,300,17100,Tuesday,0,0,None,60,1,0,22.0
2024-11-20,Station Road,Rasgulla,Sweet,49,280,13720,Wednesday,0,0,None,60,1,0,26.3
2024-11-20,Station Road,Gulab Jamun,Sweet,52,300,15600,Wednesday,0,0,None,60,1,0,26.3
2024-11-20,Station Road,Kaju Katli,Sweet,38,900,34200,Wednesday,0,0,None,60,1,0,26.3
2024-11-20,Station Road,Besan Barfi,Sweet,39,420,16380,Wednesday,0,0,None,60,1,0,26.3
2024-11-20,Station Road,Motichoor Laddu,Sweet,47,380,17860,Wednesday,0,0,None,60,1,0,26.3
2024-11-20,Station Road,Ghewar,Sweet,0,500,0,Wednesday,0,0,None,60,1,0,26.3
2024-11-20,Station Road,Gajak,Sweet,27,320,8640,Wednesday,0,0,None,60,1,0,26.3
2024-11-20,Station Road,Soan Papdi,Sweet,19,300,5700,Wednesday,0,0,None,60,1,0,26.3
2024-11-20,Station Road,Bikaneri Bhujia,Namkeen,131,360,47160,Wednesday,0,0,None,60,1,0,26.3
2024-11-20,Station Road,Aloo Bhujia,Namkeen,49,300,14700,Wednesday,0,0,None,60,1,0,26.3
2024-11-21,Station Road,Rasgulla,Sweet,63,280,17640,Thursday,0,0,None,60,1,0,24.0
2024-11-21,Station Road,Gulab Jamun,Sweet,65,300,19500,Thursday,0,0,None,60,1,0,24.0
2024-11-21,Station Road,Kaju Katli,Sweet,33,900,29700,Thursday,0,0,None,60,1,0,24.0
2024-11-21,Station Road,Besan Barfi,Sweet,49,420,20580,Thursday,0,0,None,60,1,0,24.0
2024-11-21,Station Road,Motichoor Laddu,Sweet,32,380,12160,Thursday,0,0,None,60,1,0,24.0
2024-11-21,Station Road,Ghewar,Sweet,1,500,500,Thursday,0,0,None,60,1,0,24.0
2024-11-21,Station Road,Gajak,Sweet,42,320,13440,Thursday,0,0,None,60,1,0,24.0
2024-11-21,Station Road,Soan Papdi,Sweet,33,300,9900,Thursday,0,0,None,60,1,0,24.0
2024-11-21,Station Road,Bikaneri Bhujia,Namkeen,111,360,39960,Thursday,0,0,None,60,1,0,24.0
2024-11-21,Station Road,Aloo Bhujia,Namkeen,59,300,17700,Thursday,0,0,None,60,1,0,24.0
2024-11-22,Station Road,Rasgulla,Sweet,94,252,23688,Friday,0,0,None,60,1,1,19.3
2024-11-22,Station Road,Gulab Jamun,Sweet,63,300,18900,Friday,0,0,None,60,1,0,19.3
2024-11-22,Station Road,Kaju Katli,Sweet,50,900,45000,Friday,0,0,None,60,1,0,19.3
2024-11-22,Station Road,Besan Barfi,Sweet,46,420,19320,Friday,0,0,None,60,1,0,19.3
2024-11-22,Station Road,Motichoor Laddu,Sweet,33,380,12540,Friday,0,0,None,60,1,0,19.3
2024-11-22,Station Road,Ghewar,Sweet,2,500,1000,Friday,0,0,None,60,1,0,19.3
2024-11-22,Station Road,Gajak,Sweet,41,320,13120,Friday,0,0,None,60,1,0,19.3
2024-11-22,Station Road,Soan Papdi,Sweet,22,300,6600,Friday,0,0,None,60,1,0,19.3
2024-11-22,Station Road,Bikaneri Bhujia,Namkeen,140,360,50400,Friday,0,0,None,60,1,0,19.3
2024-11-22,Station Road,Aloo Bhujia,Namkeen,61,300,18300,Friday,0,0,None,60,1,0,19.3
2024-11-23,Station Road,Rasgulla,Sweet,90,252,22680,Saturday,1,0,None,60,1,1,26.9
2024-11-23,Station Road,Gulab Jamun,Sweet,96,300,28800,Saturday,1,0,None,60,1,0,26.9
2024-11-23,Station Road,Kaju Katli,Sweet,57,900,51300,Saturday,1,0,None,60,1,0,26.9
2024-11-23,Station Road,Besan Barfi,Sweet,70,420,29400,Saturday,1,0,None,60,1,0,26.9
2024-11-23,Station Road,Motichoor Laddu,Sweet,44,380,16720,Saturday,1,0,None,60,1,0,26.9
2024-11-23,Station Road,Ghewar,Sweet,1,500,500,Saturday,1,0,None,60,1,0,26.9
2024-11-23,Station Road,Gajak,Sweet,52,320,16640,Saturday,1,0,None,60,1,0,26.9
2024-11-23,Station Road,Soan Papdi,Sweet,37,300,11100,Saturday,1,0,None,60,1,0,26.9
2024-11-23,Station Road,Bikaneri Bhujia,Namkeen,157,360,56520,Saturday,1,0,None,60,1,0,26.9
2024-11-23,Station Road,Aloo Bhujia,Namkeen,72,270,19440,Saturday,1,0,None,60,1,1,26.9
2024-11-24,Station Road,Rasgulla,Sweet,85,280,23800,Sunday,1,0,None,60,1,0,24.8
2024-11-24,Station Road,Gulab Jamun,Sweet,125,270,33750,Sunday,1,0,None,60,1,1,24.8
2024-11-24,Station Road,Kaju Katli,Sweet,54,900,48600,Sunday,1,0,None,60,1,0,24.8
2024-11-24,Station Road,Besan Barfi,Sweet,63,420,26460,Sunday,1,0,None,60,1,0,24.8
2024-11-24,Station Road,Motichoor Laddu,Sweet,63,380,23940,Sunday,1,0,None,60,1,0,24.8
2024-11-24,Station Road,Ghewar,Sweet,3,500,1500,Sunday,1,0,None,60,1,0,24.8
2024-11-24,Station Road,Gajak,Sweet,51,320,16320,Sunday,1,0,None,60,1,0,24.8
2024-11-24,Station Road,Soan Papdi,Sweet,44,300,13200,Sunday,1,0,None,60,1,0,24.8
2024-11-24,Station Road,Bikaneri Bhujia,Namkeen,202,324,65448,Sunday,1,0,None,60,1,1,24.8
2024-11-24,Station Road,Aloo Bhujia,Namkeen,71,300,21300,Sunday,1,0,None,60,1,0,24.8
2024-11-25,Station Road,Rasgulla,Sweet,51,280,14280,Monday,0,0,None,60,1,0,23.5
2024-11-25,Station Road,Gulab Jamun,Sweet,49,300,14700,Monday,0,0,None,60,1,0,23.5
2024-11-25,Station Road,Kaju Katli,Sweet,38,900,34200,Monday,0,0,None,60,1,0,23.5
2024-11-25,Station Road,Besan Barfi,Sweet,52,420,21840,Monday,0,0,None,60,1,0,23.5
2024-11-25,Station Road,Motichoor Laddu,Sweet,43,380,16340,Monday,0,0,None,60,1,0,23.5
2024-11-25,Station Road,Ghewar,Sweet,0,500,0,Monday,0,0,None,60,1,0,23.5
2024-11-25,Station Road,Gajak,Sweet,42,320,13440,Monday,0,0,None,60,1,0,23.5
2024-11-25,Station Road,Soan Papdi,Sweet,23,300,6900,Monday,0,0,None,60,1,0,23.5
2024-11-25,Station Road,Bikaneri Bhujia,Namkeen,127,360,45720,Monday,0,0,None,60,1,0,23.5
2024-11-25,Station Road,Aloo Bhujia,Namkeen,38,300,11400,Monday,0,0,None,60,1,0,23.5
2024-11-26,Station Road,Rasgulla,Sweet,50,280,14000,Tuesday,0,0,None,60,1,0,24.5
2024-11-26,Station Road,Gulab Jamun,Sweet,56,300,16800,Tuesday,0,0,None,60,1,0,24.5
2024-11-26,Station Road,Kaju Katli,Sweet,31,900,27900,Tuesday,0,0,None,60,1,0,24.5
2024-11-26,Station Road,Besan Barfi,Sweet,33,420,13860,Tuesday,0,0,None,60,1,0,24.5
2024-11-26,Station Road,Motichoor Laddu,Sweet,42,380,15960,Tuesday,0,0,None,60,1,0,24.5
2024-11-26,Station Road,Ghewar,Sweet,1,500,500,Tuesday,0,0,None,60,1,0,24.5
2024-11-26,Station Road,Gajak,Sweet,51,288,14688,Tuesday,0,0,None,60,1,1,24.5
2024-11-26,Station Road,Soan Papdi,Sweet,13,300,3900,Tuesday,0,0,None,60,1,0,24.5
2024-11-26,Station Road,Bikaneri Bhujia,Namkeen,101,360,36360,Tuesday,0,0,None,60,1,0,24.5
2024-11-26,Station Road,Aloo Bhujia,Namkeen,43,300,12900,Tuesday,0,0,None,60,1,0,24.5
2024-11-27,Station Road,Rasgulla,Sweet,48,280,13440,Wednesday,0,0,None,60,1,0,20.4
2024-11-27,Station Road,Gulab Jamun,Sweet,60,300,18000,Wednesday,0,0,None,60,1,0,20.4
2024-11-27,Station Road,Kaju Katli,Sweet,35,900,31500,Wednesday,0,0,None,60,1,0,20.4
2024-11-27,Station Road,Besan Barfi,Sweet,45,420,18900,Wednesday,0,0,None,60,1,0,20.4
2024-11-27,Station Road,Motichoor Laddu,Sweet,54,342,18468,Wednesday,0,0,None,60,1,1,20.4
2024-11-27,Station Road,Ghewar,Sweet,1,500,500,Wednesday,0,0,None,60,1,0,20.4
2024-11-27,Station Road,Gajak,Sweet,27,320,8640,Wednesday,0,0,None,60,1,0,20.4
2024-11-27,Station Road,Soan Papdi,Sweet,21,300,6300,Wednesday,0,0,None,60,1,0,20.4
2024-11-27,Station Road,Bikaneri Bhujia,Namkeen,122,360,43920,Wednesday,0,0,None,60,1,0,20.4
2024-11-27,Station Road,Aloo Bhujia,Namkeen,55,300,16500,Wednesday,0,0,None,60,1,0,20.4
2024-11-28,Station Road,Rasgulla,Sweet,48,280,13440,Thursday,0,0,None,60,1,0,26.4
2024-11-28,Station Road,Gulab Jamun,Sweet,60,300,18000,Thursday,0,0,None,60,1,0,26.4
2024-11-28,Station Road,Kaju Katli,Sweet,35,900,31500,Thursday,0,0,None,60,1,0,26.4
2024-11-28,Station Road,Besan Barfi,Sweet,40,420,16800,Thursday,0,0,None,60,1,0,26.4
2024-11-28,Station Road,Motichoor Laddu,Sweet,44,380,16720,Thursday,0,0,None,60,1,0,26.4
2024-11-28,Station Road,Ghewar,Sweet,0,500,0,Thursday,0,0,None,60,1,0,26.4
2024-11-28,Station Road,Gajak,Sweet,40,320,12800,Thursday,0,0,None,60,1,0,26.4
2024-11-28,Station Road,Soan Papdi,Sweet,27,300,8100,Thursday,0,0,None,60,1,0,26.4
2024-11-28,Station Road,Bikaneri Bhujia,Namkeen,116,360,41760,Thursday,0,0,None,60,1,0,26.4
2024-11-28,Station Road,Aloo Bhujia,Namkeen,49,300,14700,Thursday,0,0,None,60,1,0,26.4
2024-11-29,Station Road,Rasgulla,Sweet,70,280,19600,Friday,0,0,None,60,1,0,20.3
2024-11-29,Station Road,Gulab Jamun,Sweet,77,300,23100,Friday,0,0,None,60,1,0,20.3
2024-11-29,Station Road,Kaju Katli,Sweet,41,900,36900,Friday,0,0,None,60,1,0,20.3
2024-11-29,Station Road,Besan Barfi,Sweet,73,420,30660,Friday,0,0,None,60,1,0,20.3
2024-11-29,Station Road,Motichoor Laddu,Sweet,39,380,14820,Friday,0,0,None,60,1,0,20.3
2024-11-29,Station Road,Ghewar,Sweet,1,500,500,Friday,0,0,None,60,1,0,20.3
2024-11-29,Station Road,Gajak,Sweet,26,320,8320,Friday,0,0,None,60,1,0,20.3
2024-11-29,Station Road,Soan Papdi,Sweet,40,300,12000,Friday,0,0,None,60,1,0,20.3
2024-11-29,Station Road,Bikaneri Bhujia,Namkeen,136,360,48960,Friday,0,0,None,60,1,0,20.3
2024-11-29,Station Road,Aloo Bhujia,Namkeen,52,300,15600,Friday,0,0,None,60,1,0,20.3
2024-11-30,Station Road,Rasgulla,Sweet,74,280,20720,Saturday,1,0,None,60,1,0,18.8
2024-11-30,Station Road,Gulab Jamun,Sweet,79,300,23700,Saturday,1,0,None,60,1,0,18.8
2024-11-30,Station Road,Kaju Katli,Sweet,43,900,38700,Saturday,1,0,None,60,1,0,18.8
2024-11-30,Station Road,Besan Barfi,Sweet,52,420,21840,Saturday,1,0,None,60,1,0,18.8
2024-11-30,Station Road,Motichoor Laddu,Sweet,62,342,21204,Saturday,1,0,None,60,1,1,18.8
2024-11-30,Station Road,Ghewar,Sweet,3,500,1500,Saturday,1,0,None,60,1,0,18.8
2024-11-30,Station Road,Gajak,Sweet,34,320,10880,Saturday,1,0,None,60,1,0,18.8
2024-11-30,Station Road,Soan Papdi,Sweet,39,300,11700,Saturday,1,0,None,60,1,0,18.8
2024-11-30,Station Road,Bikaneri Bhujia,Namkeen,158,360,56880,Saturday,1,0,None,60,1,0,18.8
2024-11-30,Station Road,Aloo Bhujia,Namkeen,65,300,19500,Saturday,1,0,None,60,1,0,18.8
2024-12-01,Station Road,Rasgulla,Sweet,74,280,20720,Sunday,1,0,None,60,1,0,14.8
2024-12-01,Station Road,Gulab Jamun,Sweet,113,270,30510,Sunday,1,0,None,60,1,1,14.8
2024-12-01,Station Road,Kaju Katli,Sweet,46,900,41400,Sunday,1,0,None,60,1,0,14.8
2024-12-01,Station Road,Besan Barfi,Sweet,61,420,25620,Sunday,1,0,None,60,1,0,14.8
2024-12-01,Station Road,Motichoor Laddu,Sweet,66,380,25080,Sunday,1,0,None,60,1,0,14.8
2024-12-01,Station Road,Ghewar,Sweet,4,450,1800,Sunday,1,0,None,60,1,1,14.8
2024-12-01,Station Road,Gajak,Sweet,83,320,26560,Sunday,1,0,None,60,1,0,14.8
2024-12-01,Station Road,Soan Papdi,Sweet,42,300,12600,Sunday,1,0,None,60,1,0,14.8
2024-12-01,Station Road,Bikaneri Bhujia,Namkeen,159,360,57240,Sunday,1,0,None,60,1,0,14.8
2024-12-01,Station Road,Aloo Bhujia,Namkeen,84,300,25200,Sunday,1,0,None,60,1,0,14.8
2024-12-02,Station Road,Rasgulla,Sweet,50,280,14000,Monday,0,0,None,60,1,0,18.3
2024-12-02,Station Road,Gulab Jamun,Sweet,35,300,10500,Monday,0,0,None,60,1,0,18.3
2024-12-02,Station Road,Kaju Katli,Sweet,33,900,29700,Monday,0,0,None,60,1,0,18.3
2024-12-02,Station Road,Besan Barfi,Sweet,41,420,17220,Monday,0,0,None,60,1,0,18.3
2024-12-02,Station Road,Motichoor Laddu,Sweet,44,380,16720,Monday,0,0,None,60,1,0,18.3
2024-12-02,Station Road,Ghewar,Sweet,3,500,1500,Monday,0,0,None,60,1,0,18.3
2024-12-02,Station Road,Gajak,Sweet,56,320,17920,Monday,0,0,None,60,1,0,18.3
2024-12-02,Station Road,Soan Papdi,Sweet,35,300,10500,Monday,0,0,None,60,1,0,18.3
2024-12-02,Station Road,Bikaneri Bhujia,Namkeen,137,360,49320,Monday,0,0,None,60,1,0,18.3
2024-12-02,Station Road,Aloo Bhujia,Namkeen,45,300,13500,Monday,0,0,None,60,1,0,18.3
2024-12-03,Station Road,Rasgulla,Sweet,47,280,13160,Tuesday,0,0,None,60,1,0,17.8
2024-12-03,Station Road,Gulab Jamun,Sweet,57,300,17100,Tuesday,0,0,None,60,1,0,17.8
2024-12-03,Station Road,Kaju Katli,Sweet,27,900,24300,Tuesday,0,0,None,60,1,0,17.8
2024-12-03,Station Road,Besan Barfi,Sweet,44,420,18480,Tuesday,0,0,None,60,1,0,17.8
2024-12-03,Station Road,Motichoor Laddu,Sweet,40,342,13680,Tuesday,0,0,None,60,1,1,17.8
2024-12-03,Station Road,Ghewar,Sweet,5,500,2500,Tuesday,0,0,None,60,1,0,17.8
2024-12-03,Station Road,Gajak,Sweet,65,288,18720,Tuesday,0,0,None,60,1,1,17.8
2024-12-03,Station Road,Soan Papdi,Sweet,16,300,4800,Tuesday,0,0,None,60,1,0,17.8
2024-12-03,Station Road,Bikaneri Bhujia,Namkeen,119,360,42840,Tuesday,0,0,None,60,1,0,17.8
2024-12-03,Station Road,Aloo Bhujia,Namkeen,48,300,14400,Tuesday,0,0,None,60,1,0,17.8
2024-12-04,Station Road,Rasgulla,Sweet,54,280,15120,Wednesday,0,0,None,60,1,0,16.8
2024-12-04,Station Road,Gulab Jamun,Sweet,69,300,20700,Wednesday,0,0,None,60,1,0,16.8
2024-12-04,Station Road,Kaju Katli,Sweet,34,900,30600,Wednesday,0,0,None,60,1,0,16.8
2024-12-04,Station Road,Besan Barfi,Sweet,44,420,18480,Wednesday,0,0,None,60,1,0,16.8
2024-12-04,Station Road,Motichoor Laddu,Sweet,56,380,21280,Wednesday,0,0,None,60,1,0,16.8
2024-12-04,Station Road,Ghewar,Sweet,1,500,500,Wednesday,0,0,None,60,1,0,16.8
2024-12-04,Station Road,Gajak,Sweet,49,320,15680,Wednesday,0,0,None,60,1,0,16.8
2024-12-04,Station Road,Soan Papdi,Sweet,24,300,7200,Wednesday,0,0,None,60,1,0,16.8
2024-12-04,Station Road,Bikaneri Bhujia,Namkeen,101,360,36360,Wednesday,0,0,None,60,1,0,16.8
2024-12-04,Station Road,Aloo Bhujia,Namkeen,40,300,12000,Wednesday,0,0,None,60,1,0,16.8
2024-12-05,Station Road,Rasgulla,Sweet,70,280,19600,Thursday,0,0,None,60,1,0,18.9
2024-12-05,Station Road,Gulab Jamun,Sweet,54,300,16200,Thursday,0,0,None,60,1,0,18.9
2024-12-05,Station Road,Kaju Katli,Sweet,38,900,34200,Thursday,0,0,None,60,1,0,18.9
2024-12-05,Station Road,Besan Barfi,Sweet,46,420,19320,Thursday,0,0,None,60,1,0,18.9
2024-12-05,Station Road,Motichoor Laddu,Sweet,46,380,17480,Thursday,0,0,None,60,1,0,18.9
2024-12-05,Station Road,Ghewar,Sweet,5,500,2500,Thursday,0,0,None,60,1,0,18.9
2024-12-05,Station Road,Gajak,Sweet,53,320,16960,Thursday,0,0,None,60,1,0,18.9
2024-12-05,Station Road,Soan Papdi,Sweet,29,300,8700,Thursday,0,0,None,60,1,0,18.9
2024-12-05,Station Road,Bikaneri Bhujia,Namkeen,119,360,42840,Thursday,0,0,None,60,1,0,18.9
2024-12-05,Station Road,Aloo Bhujia,Namkeen,54,300,16200,Thursday,0,0,None,60,1,0,18.9
2024-12-06,Station Road,Rasgulla,Sweet,76,280,21280,Friday,0,0,None,60,1,0,16.6
2024-12-06,Station Road,Gulab Jamun,Sweet,67,300,20100,Friday,0,0,None,60,1,0,16.6
2024-12-06,Station Road,Kaju Katli,Sweet,48,900,43200,Friday,0,0,None,60,1,0,16.6
2024-12-06,Station Road,Besan Barfi,Sweet,52,420,21840,Friday,0,0,None,60,1,0,16.6
2024-12-06,Station Road,Motichoor Laddu,Sweet,52,380,19760,Friday,0,0,None,60,1,0,16.6
2024-12-06,Station Road,Ghewar,Sweet,2,500,1000,Friday,0,0,None,60,1,0,16.6
2024-12-06,Station Road,Gajak,Sweet,64,320,20480,Friday,0,0,None,60,1,0,16.6
2024-12-06,Station Road,Soan Papdi,Sweet,35,270,9450,Friday,0,0,None,60,1,1,16.6
2024-12-06,Station Road,Bikaneri Bhujia,Namkeen,130,360,46800,Friday,0,0,None,60,1,0,16.6
2024-12-06,Station Road,Aloo Bhujia,Namkeen,74,300,22200,Friday,0,0,None,60,1,0,16.6
2024-12-07,Station Road,Rasgulla,Sweet,76,280,21280,Saturday,1,0,None,60,1,0,18.0
2024-12-07,Station Road,Gulab Jamun,Sweet,84,300,25200,Saturday,1,0,None,60,1,0,18.0
2024-12-07,Station Road,Kaju Katli,Sweet,54,900,48600,Saturday,1,0,None,60,1,0,18.0
2024-12-07,Station Road,Besan Barfi,Sweet,56,420,23520,Saturday,1,0,None,60,1,0,18.0
2024-12-07,Station Road,Motichoor Laddu,Sweet,50,380,19000,Saturday,1,0,None,60,1,0,18.0
2024-12-07,Station Road,Ghewar,Sweet,2,500,1000,Saturday,1,0,None,60,1,0,18.0
2024-12-07,Station Road,Gajak,Sweet,66,320,21120,Saturday,1,0,None,60,1,0,18.0
2024-12-07,Station Road,Soan Papdi,Sweet,48,300,14400,Saturday,1,0,None,60,1,0,18.0
2024-12-07,Station Road,Bikaneri Bhujia,Namkeen,151,360,54360,Saturday,1,0,None,60,1,0,18.0
2024-12-07,Station Road,Aloo Bhujia,Namkeen,65,300,19500,Saturday,1,0,None,60,1,0,18.0
2024-12-08,Station Road,Rasgulla,Sweet,69,280,19320,Sunday,1,0,None,60,1,0,16.7
2024-12-08,Station Road,Gulab Jamun,Sweet,74,300,22200,Sunday,1,0,None,60,1,0,16.7
2024-12-08,Station Road,Kaju Katli,Sweet,37,900,33300,Sunday,1,0,None,60,1,0,16.7
2024-12-08,Station Road,Besan Barfi,Sweet,89,378,33642,Sunday,1,0,None,60,1,1,16.7
2024-12-08,Station Road,Motichoor Laddu,Sweet,63,380,23940,Sunday,1,0,None,60,1,0,16.7
2024-12-08,Station Road,Ghewar,Sweet,2,500,1000,Sunday,1,0,None,60,1,0,16.7
2024-12-08,Station Road,Gajak,Sweet,98,288,28224,Sunday,1,0,None,60,1,1,16.7
2024-12-08,Station Road,Soan Papdi,Sweet,47,300,14100,Sunday,1,0,None,60,1,0,16.7
2024-12-08,Station Road,Bikaneri Bhujia,Namkeen,173,360,62280,Sunday,1,0,None,60,1,0,16.7
2024-12-08,Station Road,Aloo Bhujia,Namkeen,84,300,25200,Sunday,1,0,None,60,1,0,16.7
2024-12-09,Station Road,Rasgulla,Sweet,51,280,14280,Monday,0,0,None,60,1,0,16.6
2024-12-09,Station Road,Gulab Jamun,Sweet,50,300,15000,Monday,0,0,None,60,1,0,16.6
2024-12-09,Station Road,Kaju Katli,Sweet,29,900,26100,Monday,0,0,None,60,1,0,16.6
2024-12-09,Station Road,Besan Barfi,Sweet,44,420,18480,Monday,0,0,None,60,1,0,16.6
2024-12-09,Station Road,Motichoor Laddu,Sweet,42,380,15960,Monday,0,0,None,60,1,0,16.6
2024-12-09,Station Road,Ghewar,Sweet,1,500,500,Monday,0,0,None,60,1,0,16.6
2024-12-09,Station Road,Gajak,Sweet,55,320,17600,Monday,0,0,None,60,1,0,16.6
2024-12-09,Station Road,Soan Papdi,Sweet,26,300,7800,Monday,0,0,None,60,1,0,16.6
2024-12-09,Station Road,Bikaneri Bhujia,Namkeen,129,360,46440,Monday,0,0,None,60,1,0,16.6
2024-12-09,Station Road,Aloo Bhujia,Namkeen,41,300,12300,Monday,0,0,None,60,1,0,16.6
2024-12-10,Station Road,Rasgulla,Sweet,49,280,13720,Tuesday,0,0,None,60,1,0,13.1
2024-12-10,Station Road,Gulab Jamun,Sweet,59,300,17700,Tuesday,0,0,None,60,1,0,13.1
2024-12-10,Station Road,Kaju Katli,Sweet,37,900,33300,Tuesday,0,0,None,60,1,0,13.1
2024-12-10,Station Road,Besan Barfi,Sweet,43,420,18060,Tuesday,0,0,None,60,1,0,13.1
2024-12-10,Station Road,Motichoor Laddu,Sweet,32,380,12160,Tuesday,0,0,None,60,1,0,13.1
2024-12-10,Station Road,Ghewar,Sweet,1,500,500,Tuesday,0,0,None,60,1,0,13.1
2024-12-10,Station Road,Gajak,Sweet,47,320,15040,Tuesday,0,0,None,60,1,0,13.1
2024-12-10,Station Road,Soan Papdi,Sweet,28,270,7560,Tuesday,0,0,None,60,1,1,13.1
2024-12-10,Station Road,Bikaneri Bhujia,Namkeen,123,360,44280,Tuesday,0,0,None,60,1,0,13.1
2024-12-10,Station Road,Aloo Bhujia,Namkeen,53,300,15900,Tuesday,0,0,None,60,1,0,13.1
2024-12-11,Station Road,Rasgulla,Sweet,64,280,17920,Wednesday,0,0,None,60,1,0,15.1
2024-12-11,Station Road,Gulab Jamun,Sweet,59,300,17700,Wednesday,0,0,None,60,1,0,15.1
2024-12-11,Station Road,Kaju Katli,Sweet,47,900,42300,Wednesday,0,0,None,60,1,0,15.1
2024-12-11,Station Road,Besan Barfi,Sweet,45,420,18900,Wednesday,0,0,None,60,1,0,15.1
2024-12-11,Station Road,Motichoor Laddu,Sweet,42,380,15960,Wednesday,0,0,None,60,1,0,15.1
2024-12-11,Station Road,Ghewar,Sweet,0,500,0,Wednesday,0,0,None,60,1,0,15.1
2024-12-11,Station Road,Gajak,Sweet,56,320,17920,Wednesday,0,0,None,60,1,0,15.1
2024-12-11,Station Road,Soan Papdi,Sweet,31,300,9300,Wednesday,0,0,None,60,1,0,15.1
2024-12-11,Station Road,Bikaneri Bhujia,Namkeen,129,360,46440,Wednesday,0,0,None,60,1,0,15.1
2024-12-11,Station Road,Aloo Bhujia,Namkeen,42,300,12600,Wednesday,0,0,None,60,1,0,15.1
2024-12-12,Station Road,Rasgulla,Sweet,49,280,13720,Thursday,0,0,None,60,1,0,19.0
2024-12-12,Station Road,Gulab Jamun,Sweet,75,270,20250,Thursday,0,0,None,60,1,1,19.0
2024-12-12,Station Road,Kaju Katli,Sweet,51,810,41310,Thursday,0,0,None,60,1,1,19.0
2024-12-12,Station Road,Besan Barfi,Sweet,44,420,18480,Thursday,0,0,None,60,1,0,19.0
2024-12-12,Station Road,Motichoor Laddu,Sweet,52,380,19760,Thursday,0,0,None,60,1,0,19.0
2024-12-12,Station Road,Ghewar,Sweet,0,500,0,Thursday,0,0,None,60,1,0,19.0
2024-12-12,Station Road,Gajak,Sweet,54,320,17280,Thursday,0,0,None,60,1,0,19.0
2024-12-12,Station Road,Soan Papdi,Sweet,28,300,8400,Thursday,0,0,None,60,1,0,19.0
2024-12-12,Station Road,Bikaneri Bhujia,Namkeen,128,360,46080,Thursday,0,0,None,60,1,0,19.0
2024-12-12,Station Road,Aloo Bhujia,Namkeen,47,300,14100,Thursday,0,0,None,60,1,0,19.0
2024-12-13,Station Road,Rasgulla,Sweet,56,280,15680,Friday,0,0,None,60,1,0,18.4
2024-12-13,Station Road,Gulab Jamun,Sweet,64,300,19200,Friday,0,0,None,60,1,0,18.4
2024-12-13,Station Road,Kaju Katli,Sweet,49,900,44100,Friday,0,0,None,60,1,0,18.4
2024-12-13,Station Road,Besan Barfi,Sweet,56,420,23520,Friday,0,0,None,60,1,0,18.4
2024-12-13,Station Road,Motichoor Laddu,Sweet,49,380,18620,Friday,0,0,None,60,1,0,18.4
2024-12-13,Station Road,Ghewar,Sweet,0,500,0,Friday,0,0,None,60,1,0,18.4
2024-12-13,Station Road,Gajak,Sweet,55,320,17600,Friday,0,0,None,60,1,0,18.4
2024-12-13,Station Road,Soan Papdi,Sweet,34,300,10200,Friday,0,0,None,60,1,0,18.4
2024-12-13,Station Road,Bikaneri Bhujia,Namkeen,131,360,47160,Friday,0,0,None,60,1,0,18.4
2024-12-13,Station Road,Aloo Bhujia,Namkeen,54,300,16200,Friday,0,0,None,60,1,0,18.4
2024-12-14,Station Road,Rasgulla,Sweet,84,280,23520,Saturday,1,0,None,60,1,0,16.6
2024-12-14,Station Road,Gulab Jamun,Sweet,81,300,24300,Saturday,1,0,None,60,1,0,16.6
2024-12-14,Station Road,Kaju Katli,Sweet,60,900,54000,Saturday,1,0,None,60,1,0,16.6
2024-12-14,Station Road,Besan Barfi,Sweet,68,420,28560,Saturday,1,0,None,60,1,0,16.6
2024-12-14,Station Road,Motichoor Laddu,Sweet,45,380,17100,Saturday,1,0,None,60,1,0,16.6
2024-12-14,Station Road,Ghewar,Sweet,2,500,1000,Saturday,1,0,None,60,1,0,16.6
2024-12-14,Station Road,Gajak,Sweet,84,288,24192,Saturday,1,0,None,60,1,1,16.6
2024-12-14,Station Road,Soan Papdi,Sweet,28,300,8400,Saturday,1,0,None,60,1,0,16.6
2024-12-14,Station Road,Bikaneri Bhujia,Namkeen,169,360,60840,Saturday,1,0,None,60,1,0,16.6
2024-12-14,Station Road,Aloo Bhujia,Namkeen,67,300,20100,Saturday,1,0,None,60,1,0,16.6
2024-12-15,Station Road,Rasgulla,Sweet,89,280,24920,Sunday,1,0,None,60,1,0,16.9
2024-12-15,Station Road,Gulab Jamun,Sweet,96,300,28800,Sunday,1,0,None,60,1,0,16.9
2024-12-15,Station Road,Kaju Katli,Sweet,55,900,49500,Sunday,1,0,None,60,1,0,16.9
2024-12-15,Station Road,Besan Barfi,Sweet,63,420,26460,Sunday,1,0,None,60,1,0,16.9
2024-12-15,Station Road,Motichoor Laddu,Sweet,48,380,18240,Sunday,1,0,None,60,1,0,16.9
2024-12-15,Station Road,Ghewar,Sweet,3,500,1500,Sunday,1,0,None,60,1,0,16.9
2024-12-15,Station Road,Gajak,Sweet,64,320,20480,Sunday,1,0,None,60,1,0,16.9
2024-12-15,Station Road,Soan Papdi,Sweet,35,300,10500,Sunday,1,0,None,60,1,0,16.9
2024-12-15,Station Road,Bikaneri Bhujia,Namkeen,199,360,71640,Sunday,1,0,None,60,1,0,16.9
2024-12-15,Station Road,Aloo Bhujia,Namkeen,51,300,15300,Sunday,1,0,None,60,1,0,16.9
2024-12-16,Station Road,Rasgulla,Sweet,56,280,15680,Monday,0,0,None,60,1,0,14.0
2024-12-16,Station Road,Gulab Jamun,Sweet,73,300,21900,Monday,0,0,None,60,1,0,14.0
2024-12-16,Station Road,Kaju Katli,Sweet,39,900,35100,Monday,0,0,None,60,1,0,14.0
2024-12-16,Station Road,Besan Barfi,Sweet,38,420,15960,Monday,0,0,None,60,1,0,14.0
2024-12-16,Station Road,Motichoor Laddu,Sweet,47,380,17860,Monday,0,0,None,60,1,0,14.0
2024-12-16,Station Road,Ghewar,Sweet,1,500,500,Monday,0,0,None,60,1,0,14.0
2024-12-16,Station Road,Gajak,Sweet,44,320,14080,Monday,0,0,None,60,1,0,14.0
2024-12-16,Station Road,Soan Papdi,Sweet,29,300,8700,Monday,0,0,None,60,1,0,14.0
2024-12-16,Station Road,Bikaneri Bhujia,Namkeen,125,360,45000,Monday,0,0,None,60,1,0,14.0
2024-12-16,Station Road,Aloo Bhujia,Namkeen,49,300,14700,Monday,0,0,None,60,1,0,14.0
2024-12-17,Station Road,Rasgulla,Sweet,54,280,15120,Tuesday,0,0,None,60,1,0,17.9
2024-12-17,Station Road,Gulab Jamun,Sweet,56,300,16800,Tuesday,0,0,None,60,1,0,17.9
2024-12-17,Station Road,Kaju Katli,Sweet,40,900,36000,Tuesday,0,0,None,60,1,0,17.9
2024-12-17,Station Road,Besan Barfi,Sweet,39,420,16380,Tuesday,0,0,None,60,1,0,17.9
2024-12-17,Station Road,Motichoor Laddu,Sweet,49,380,18620,Tuesday,0,0,None,60,1,0,17.9
2024-12-17,Station Road,Ghewar,Sweet,3,500,1500,Tuesday,0,0,None,60,1,0,17.9
2024-12-17,Station Road,Gajak,Sweet,44,288,12672,Tuesday,0,0,None,60,1,1,17.9
2024-12-17,Station Road,Soan Papdi,Sweet,25,300,7500,Tuesday,0,0,None,60,1,0,17.9
2024-12-17,Station Road,Bikaneri Bhujia,Namkeen,122,360,43920,Tuesday,0,0,None,60,1,0,17.9
2024-12-17,Station Road,Aloo Bhujia,Namkeen,49,300,14700,Tuesday,0,0,None,60,1,0,17.9
2024-12-18,Station Road,Rasgulla,Sweet,47,280,13160,Wednesday,0,0,None,60,1,0,14.3
2024-12-18,Station Road,Gulab Jamun,Sweet,64,300,19200,Wednesday,0,0,None,60,1,0,14.3
2024-12-18,Station Road,Kaju Katli,Sweet,40,900,36000,Wednesday,0,0,None,60,1,0,14.3
2024-12-18,Station Road,Besan Barfi,Sweet,45,420,18900,Wednesday,0,0,None,60,1,0,14.3
2024-12-18,Station Road,Motichoor Laddu,Sweet,44,380,16720,Wednesday,0,0,None,60,1,0,14.3
2024-12-18,Station Road,Ghewar,Sweet,2,500,1000,Wednesday,0,0,None,60,1,0,14.3
2024-12-18,Station Road,Gajak,Sweet,66,320,21120,Wednesday,0,0,None,60,1,0,14.3
2024-12-18,Station Road,Soan Papdi,Sweet,31,300,9300,Wednesday,0,0,None,60,1,0,14.3
2024-12-18,Station Road,Bikaneri Bhujia,Namkeen,124,360,44640,Wednesday,0,0,None,60,1,0,14.3
2024-12-18,Station Road,Aloo Bhujia,Namkeen,50,300,15000,Wednesday,0,0,None,60,1,0,14.3
2024-12-19,Station Road,Rasgulla,Sweet,67,280,18760,Thursday,0,0,pre-Christmas/NY,60,1,0,13.5
2024-12-19,Station Road,Gulab Jamun,Sweet,63,300,18900,Thursday,0,0,pre-Christmas/NY,60,1,0,13.5
2024-12-19,Station Road,Kaju Katli,Sweet,47,900,42300,Thursday,0,0,pre-Christmas/NY,60,1,0,13.5
2024-12-19,Station Road,Besan Barfi,Sweet,45,420,18900,Thursday,0,0,pre-Christmas/NY,60,1,0,13.5
2024-12-19,Station Road,Motichoor Laddu,Sweet,60,380,22800,Thursday,0,0,pre-Christmas/NY,60,1,0,13.5
2024-12-19,Station Road,Ghewar,Sweet,3,500,1500,Thursday,0,0,pre-Christmas/NY,60,1,0,13.5
2024-12-19,Station Road,Gajak,Sweet,49,320,15680,Thursday,0,0,pre-Christmas/NY,60,1,0,13.5
2024-12-19,Station Road,Soan Papdi,Sweet,31,300,9300,Thursday,0,0,pre-Christmas/NY,60,1,0,13.5
2024-12-19,Station Road,Bikaneri Bhujia,Namkeen,136,360,48960,Thursday,0,0,pre-Christmas/NY,60,1,0,13.5
2024-12-19,Station Road,Aloo Bhujia,Namkeen,55,300,16500,Thursday,0,0,pre-Christmas/NY,60,1,0,13.5
2024-12-20,Station Road,Rasgulla,Sweet,84,280,23520,Friday,0,0,pre-Christmas/NY,60,1,0,13.2
2024-12-20,Station Road,Gulab Jamun,Sweet,85,300,25500,Friday,0,0,pre-Christmas/NY,60,1,0,13.2
2024-12-20,Station Road,Kaju Katli,Sweet,66,900,59400,Friday,0,0,pre-Christmas/NY,60,1,0,13.2
2024-12-20,Station Road,Besan Barfi,Sweet,69,420,28980,Friday,0,0,pre-Christmas/NY,60,1,0,13.2
2024-12-20,Station Road,Motichoor Laddu,Sweet,66,380,25080,Friday,0,0,pre-Christmas/NY,60,1,0,13.2
2024-12-20,Station Road,Ghewar,Sweet,4,500,2000,Friday,0,0,pre-Christmas/NY,60,1,0,13.2
2024-12-20,Station Road,Gajak,Sweet,77,320,24640,Friday,0,0,pre-Christmas/NY,60,1,0,13.2
2024-12-20,Station Road,Soan Papdi,Sweet,49,300,14700,Friday,0,0,pre-Christmas/NY,60,1,0,13.2
2024-12-20,Station Road,Bikaneri Bhujia,Namkeen,178,360,64080,Friday,0,0,pre-Christmas/NY,60,1,0,13.2
2024-12-20,Station Road,Aloo Bhujia,Namkeen,64,300,19200,Friday,0,0,pre-Christmas/NY,60,1,0,13.2
2024-12-21,Station Road,Rasgulla,Sweet,108,280,30240,Saturday,1,0,pre-Christmas/NY,60,1,0,14.9
2024-12-21,Station Road,Gulab Jamun,Sweet,125,300,37500,Saturday,1,0,pre-Christmas/NY,60,1,0,14.9
2024-12-21,Station Road,Kaju Katli,Sweet,84,900,75600,Saturday,1,0,pre-Christmas/NY,60,1,0,14.9
2024-12-21,Station Road,Besan Barfi,Sweet,92,420,38640,Saturday,1,0,pre-Christmas/NY,60,1,0,14.9
2024-12-21,Station Road,Motichoor Laddu,Sweet,113,380,42940,Saturday,1,0,pre-Christmas/NY,60,1,0,14.9
2024-12-21,Station Road,Ghewar,Sweet,4,500,2000,Saturday,1,0,pre-Christmas/NY,60,1,0,14.9
2024-12-21,Station Road,Gajak,Sweet,88,320,28160,Saturday,1,0,pre-Christmas/NY,60,1,0,14.9
2024-12-21,Station Road,Soan Papdi,Sweet,54,300,16200,Saturday,1,0,pre-Christmas/NY,60,1,0,14.9
2024-12-21,Station Road,Bikaneri Bhujia,Namkeen,260,360,93600,Saturday,1,0,pre-Christmas/NY,60,1,0,14.9
2024-12-21,Station Road,Aloo Bhujia,Namkeen,114,300,34200,Saturday,1,0,pre-Christmas/NY,60,1,0,14.9
2024-12-22,Station Road,Rasgulla,Sweet,137,280,38360,Sunday,1,0,pre-Christmas/NY,60,1,0,17.1
2024-12-22,Station Road,Gulab Jamun,Sweet,187,300,56100,Sunday,1,0,pre-Christmas/NY,60,1,0,17.1
2024-12-22,Station Road,Kaju Katli,Sweet,128,900,115200,Sunday,1,0,pre-Christmas/NY,60,1,0,17.1
2024-12-22,Station Road,Besan Barfi,Sweet,143,420,60060,Sunday,1,0,pre-Christmas/NY,60,1,0,17.1
2024-12-22,Station Road,Motichoor Laddu,Sweet,141,380,53580,Sunday,1,0,pre-Christmas/NY,60,1,0,17.1
2024-12-22,Station Road,Ghewar,Sweet,5,500,2500,Sunday,1,0,pre-Christmas/NY,60,1,0,17.1
2024-12-22,Station Road,Gajak,Sweet,89,320,28480,Sunday,1,0,pre-Christmas/NY,60,1,0,17.1
2024-12-22,Station Road,Soan Papdi,Sweet,64,300,19200,Sunday,1,0,pre-Christmas/NY,60,1,0,17.1
2024-12-22,Station Road,Bikaneri Bhujia,Namkeen,269,360,96840,Sunday,1,0,pre-Christmas/NY,60,1,0,17.1
2024-12-22,Station Road,Aloo Bhujia,Namkeen,115,300,34500,Sunday,1,0,pre-Christmas/NY,60,1,0,17.1
2024-12-23,Station Road,Rasgulla,Sweet,98,280,27440,Monday,0,0,pre-Christmas/NY,60,1,0,12.2
2024-12-23,Station Road,Gulab Jamun,Sweet,113,300,33900,Monday,0,0,pre-Christmas/NY,60,1,0,12.2
2024-12-23,Station Road,Kaju Katli,Sweet,88,900,79200,Monday,0,0,pre-Christmas/NY,60,1,0,12.2
2024-12-23,Station Road,Besan Barfi,Sweet,115,378,43470,Monday,0,0,pre-Christmas/NY,60,1,1,12.2
2024-12-23,Station Road,Motichoor Laddu,Sweet,90,380,34200,Monday,0,0,pre-Christmas/NY,60,1,0,12.2
2024-12-23,Station Road,Ghewar,Sweet,0,500,0,Monday,0,0,pre-Christmas/NY,60,1,0,12.2
2024-12-23,Station Road,Gajak,Sweet,71,320,22720,Monday,0,0,pre-Christmas/NY,60,1,0,12.2
2024-12-23,Station Road,Soan Papdi,Sweet,53,300,15900,Monday,0,0,pre-Christmas/NY,60,1,0,12.2
2024-12-23,Station Road,Bikaneri Bhujia,Namkeen,197,360,70920,Monday,0,0,pre-Christmas/NY,60,1,0,12.2
2024-12-23,Station Road,Aloo Bhujia,Namkeen,66,300,19800,Monday,0,0,pre-Christmas/NY,60,1,0,12.2
2024-12-24,Station Road,Rasgulla,Sweet,105,280,29400,Tuesday,0,0,pre-Christmas/NY,60,1,0,20.5
2024-12-24,Station Road,Gulab Jamun,Sweet,138,300,41400,Tuesday,0,0,pre-Christmas/NY,60,1,0,20.5
2024-12-24,Station Road,Kaju Katli,Sweet,84,900,75600,Tuesday,0,0,pre-Christmas/NY,60,1,0,20.5
2024-12-24,Station Road,Besan Barfi,Sweet,84,420,35280,Tuesday,0,0,pre-Christmas/NY,60,1,0,20.5
2024-12-24,Station Road,Motichoor Laddu,Sweet,131,342,44802,Tuesday,0,0,pre-Christmas/NY,60,1,1,20.5
2024-12-24,Station Road,Ghewar,Sweet,3,500,1500,Tuesday,0,0,pre-Christmas/NY,60,1,0,20.5
2024-12-24,Station Road,Gajak,Sweet,77,320,24640,Tuesday,0,0,pre-Christmas/NY,60,1,0,20.5
2024-12-24,Station Road,Soan Papdi,Sweet,69,300,20700,Tuesday,0,0,pre-Christmas/NY,60,1,0,20.5
2024-12-24,Station Road,Bikaneri Bhujia,Namkeen,236,360,84960,Tuesday,0,0,pre-Christmas/NY,60,1,0,20.5
2024-12-24,Station Road,Aloo Bhujia,Namkeen,102,270,27540,Tuesday,0,0,pre-Christmas/NY,60,1,1,20.5
2024-12-25,Station Road,Rasgulla,Sweet,182,280,50960,Wednesday,0,1,Christmas/NY,60,1,0,15.0
2024-12-25,Station Road,Gulab Jamun,Sweet,219,300,65700,Wednesday,0,1,Christmas/NY,60,1,0,15.0
2024-12-25,Station Road,Kaju Katli,Sweet,162,900,145800,Wednesday,0,1,Christmas/NY,60,1,0,15.0
2024-12-25,Station Road,Besan Barfi,Sweet,172,420,72240,Wednesday,0,1,Christmas/NY,60,1,0,15.0
2024-12-25,Station Road,Motichoor Laddu,Sweet,186,380,70680,Wednesday,0,1,Christmas/NY,60,1,0,15.0
2024-12-25,Station Road,Ghewar,Sweet,7,500,3500,Wednesday,0,1,Christmas/NY,60,1,0,15.0
2024-12-25,Station Road,Gajak,Sweet,177,288,50976,Wednesday,0,1,Christmas/NY,60,1,1,15.0
2024-12-25,Station Road,Soan Papdi,Sweet,105,300,31500,Wednesday,0,1,Christmas/NY,60,1,0,15.0
2024-12-25,Station Road,Bikaneri Bhujia,Namkeen,357,360,128520,Wednesday,0,1,Christmas/NY,60,1,0,15.0
2024-12-25,Station Road,Aloo Bhujia,Namkeen,125,300,37500,Wednesday,0,1,Christmas/NY,60,1,0,15.0
2024-12-26,Station Road,Rasgulla,Sweet,45,280,12600,Thursday,0,0,None,60,1,0,18.6
2024-12-26,Station Road,Gulab Jamun,Sweet,56,300,16800,Thursday,0,0,None,60,1,0,18.6
2024-12-26,Station Road,Kaju Katli,Sweet,47,900,42300,Thursday,0,0,None,60,1,0,18.6
2024-12-26,Station Road,Besan Barfi,Sweet,44,420,18480,Thursday,0,0,None,60,1,0,18.6
2024-12-26,Station Road,Motichoor Laddu,Sweet,44,380,16720,Thursday,0,0,None,60,1,0,18.6
2024-12-26,Station Road,Ghewar,Sweet,1,450,450,Thursday,0,0,None,60,1,1,18.6
2024-12-26,Station Road,Gajak,Sweet,62,320,19840,Thursday,0,0,None,60,1,0,18.6
2024-12-26,Station Road,Soan Papdi,Sweet,24,300,7200,Thursday,0,0,None,60,1,0,18.6
2024-12-26,Station Road,Bikaneri Bhujia,Namkeen,125,360,45000,Thursday,0,0,None,60,1,0,18.6
2024-12-26,Station Road,Aloo Bhujia,Namkeen,48,300,14400,Thursday,0,0,None,60,1,0,18.6
2024-12-27,Station Road,Rasgulla,Sweet,51,280,14280,Friday,0,0,None,60,1,0,16.0
2024-12-27,Station Road,Gulab Jamun,Sweet,61,300,18300,Friday,0,0,None,60,1,0,16.0
2024-12-27,Station Road,Kaju Katli,Sweet,49,900,44100,Friday,0,0,None,60,1,0,16.0
2024-12-27,Station Road,Besan Barfi,Sweet,53,420,22260,Friday,0,0,None,60,1,0,16.0
2024-12-27,Station Road,Motichoor Laddu,Sweet,51,342,17442,Friday,0,0,None,60,1,1,16.0
2024-12-27,Station Road,Ghewar,Sweet,0,500,0,Friday,0,0,None,60,1,0,16.0
2024-12-27,Station Road,Gajak,Sweet,77,320,24640,Friday,0,0,None,60,1,0,16.0
2024-12-27,Station Road,Soan Papdi,Sweet,35,300,10500,Friday,0,0,None,60,1,0,16.0
2024-12-27,Station Road,Bikaneri Bhujia,Namkeen,146,360,52560,Friday,0,0,None,60,1,0,16.0
2024-12-27,Station Road,Aloo Bhujia,Namkeen,53,300,15900,Friday,0,0,None,60,1,0,16.0
2024-12-28,Station Road,Rasgulla,Sweet,64,280,17920,Saturday,1,0,None,60,1,0,13.9
2024-12-28,Station Road,Gulab Jamun,Sweet,75,300,22500,Saturday,1,0,None,60,1,0,13.9
2024-12-28,Station Road,Kaju Katli,Sweet,41,900,36900,Saturday,1,0,None,60,1,0,13.9
2024-12-28,Station Road,Besan Barfi,Sweet,60,420,25200,Saturday,1,0,None,60,1,0,13.9
2024-12-28,Station Road,Motichoor Laddu,Sweet,49,380,18620,Saturday,1,0,None,60,1,0,13.9
2024-12-28,Station Road,Ghewar,Sweet,3,500,1500,Saturday,1,0,None,60,1,0,13.9
2024-12-28,Station Road,Gajak,Sweet,63,320,20160,Saturday,1,0,None,60,1,0,13.9
2024-12-28,Station Road,Soan Papdi,Sweet,43,300,12900,Saturday,1,0,None,60,1,0,13.9
2024-12-28,Station Road,Bikaneri Bhujia,Namkeen,169,360,60840,Saturday,1,0,None,60,1,0,13.9
2024-12-28,Station Road,Aloo Bhujia,Namkeen,70,300,21000,Saturday,1,0,None,60,1,0,13.9
2024-12-29,Station Road,Rasgulla,Sweet,82,280,22960,Sunday,1,0,None,60,1,0,15.9
2024-12-29,Station Road,Gulab Jamun,Sweet,107,300,32100,Sunday,1,0,None,60,1,0,15.9
2024-12-29,Station Road,Kaju Katli,Sweet,54,900,48600,Sunday,1,0,None,60,1,0,15.9
2024-12-29,Station Road,Besan Barfi,Sweet,58,420,24360,Sunday,1,0,None,60,1,0,15.9
2024-12-29,Station Road,Motichoor Laddu,Sweet,54,380,20520,Sunday,1,0,None,60,1,0,15.9
2024-12-29,Station Road,Ghewar,Sweet,3,500,1500,Sunday,1,0,None,60,1,0,15.9
2024-12-29,Station Road,Gajak,Sweet,73,320,23360,Sunday,1,0,None,60,1,0,15.9
2024-12-29,Station Road,Soan Papdi,Sweet,51,300,15300,Sunday,1,0,None,60,1,0,15.9
2024-12-29,Station Road,Bikaneri Bhujia,Namkeen,176,360,63360,Sunday,1,0,None,60,1,0,15.9
2024-12-29,Station Road,Aloo Bhujia,Namkeen,71,300,21300,Sunday,1,0,None,60,1,0,15.9
2024-12-30,Station Road,Rasgulla,Sweet,43,280,12040,Monday,0,0,None,60,1,0,17.2
2024-12-30,Station Road,Gulab Jamun,Sweet,65,300,19500,Monday,0,0,None,60,1,0,17.2
2024-12-30,Station Road,Kaju Katli,Sweet,36,900,32400,Monday,0,0,None,60,1,0,17.2
2024-12-30,Station Road,Besan Barfi,Sweet,43,420,18060,Monday,0,0,None,60,1,0,17.2
2024-12-30,Station Road,Motichoor Laddu,Sweet,41,380,15580,Monday,0,0,None,60,1,0,17.2
2024-12-30,Station Road,Ghewar,Sweet,2,500,1000,Monday,0,0,None,60,1,0,17.2
2024-12-30,Station Road,Gajak,Sweet,54,320,17280,Monday,0,0,None,60,1,0,17.2
2024-12-30,Station Road,Soan Papdi,Sweet,19,300,5700,Monday,0,0,None,60,1,0,17.2
2024-12-30,Station Road,Bikaneri Bhujia,Namkeen,157,324,50868,Monday,0,0,None,60,1,1,17.2
2024-12-30,Station Road,Aloo Bhujia,Namkeen,38,300,11400,Monday,0,0,None,60,1,0,17.2
2024-12-31,Station Road,Rasgulla,Sweet,44,280,12320,Tuesday,0,0,None,60,1,0,20.3
2024-12-31,Station Road,Gulab Jamun,Sweet,47,300,14100,Tuesday,0,0,None,60,1,0,20.3
2024-12-31,Station Road,Kaju Katli,Sweet,34,900,30600,Tuesday,0,0,None,60,1,0,20.3
2024-12-31,Station Road,Besan Barfi,Sweet,53,378,20034,Tuesday,0,0,None,60,1,1,20.3
2024-12-31,Station Road,Motichoor Laddu,Sweet,52,342,17784,Tuesday,0,0,None,60,1,1,20.3
2024-12-31,Station Road,Ghewar,Sweet,2,500,1000,Tuesday,0,0,None,60,1,0,20.3
2024-12-31,Station Road,Gajak,Sweet,47,320,15040,Tuesday,0,0,None,60,1,0,20.3
2024-12-31,Station Road,Soan Papdi,Sweet,29,300,8700,Tuesday,0,0,None,60,1,0,20.3
2024-12-31,Station Road,Bikaneri Bhujia,Namkeen,98,360,35280,Tuesday,0,0,None,60,1,0,20.3
2024-12-31,Station Road,Aloo Bhujia,Namkeen,41,300,12300,Tuesday,0,0,None,60,1,0,20.3
2025-01-01,Station Road,Rasgulla,Sweet,53,280,14840,Wednesday,0,0,None,60,1,0,14.4
2025-01-01,Station Road,Gulab Jamun,Sweet,65,300,19500,Wednesday,0,0,None,60,1,0,14.4
2025-01-01,Station Road,Kaju Katli,Sweet,45,900,40500,Wednesday,0,0,None,60,1,0,14.4
2025-01-01,Station Road,Besan Barfi,Sweet,52,420,21840,Wednesday,0,0,None,60,1,0,14.4
2025-01-01,Station Road,Motichoor Laddu,Sweet,42,380,15960,Wednesday,0,0,None,60,1,0,14.4
2025-01-01,Station Road,Ghewar,Sweet,3,500,1500,Wednesday,0,0,None,60,1,0,14.4
2025-01-01,Station Road,Gajak,Sweet,63,320,20160,Wednesday,0,0,None,60,1,0,14.4
2025-01-01,Station Road,Soan Papdi,Sweet,22,300,6600,Wednesday,0,0,None,60,1,0,14.4
2025-01-01,Station Road,Bikaneri Bhujia,Namkeen,113,360,40680,Wednesday,0,0,None,60,1,0,14.4
2025-01-01,Station Road,Aloo Bhujia,Namkeen,45,300,13500,Wednesday,0,0,None,60,1,0,14.4
2025-01-02,Station Road,Rasgulla,Sweet,60,280,16800,Thursday,0,0,None,60,1,0,16.3
2025-01-02,Station Road,Gulab Jamun,Sweet,61,300,18300,Thursday,0,0,None,60,1,0,16.3
2025-01-02,Station Road,Kaju Katli,Sweet,40,900,36000,Thursday,0,0,None,60,1,0,16.3
2025-01-02,Station Road,Besan Barfi,Sweet,46,420,19320,Thursday,0,0,None,60,1,0,16.3
2025-01-02,Station Road,Motichoor Laddu,Sweet,44,380,16720,Thursday,0,0,None,60,1,0,16.3
2025-01-02,Station Road,Ghewar,Sweet,3,500,1500,Thursday,0,0,None,60,1,0,16.3
2025-01-02,Station Road,Gajak,Sweet,54,320,17280,Thursday,0,0,None,60,1,0,16.3
2025-01-02,Station Road,Soan Papdi,Sweet,37,300,11100,Thursday,0,0,None,60,1,0,16.3
2025-01-02,Station Road,Bikaneri Bhujia,Namkeen,123,360,44280,Thursday,0,0,None,60,1,0,16.3
2025-01-02,Station Road,Aloo Bhujia,Namkeen,50,300,15000,Thursday,0,0,None,60,1,0,16.3
2025-01-03,Station Road,Rasgulla,Sweet,69,280,19320,Friday,0,0,None,60,1,0,14.4
2025-01-03,Station Road,Gulab Jamun,Sweet,73,300,21900,Friday,0,0,None,60,1,0,14.4
2025-01-03,Station Road,Kaju Katli,Sweet,49,900,44100,Friday,0,0,None,60,1,0,14.4
2025-01-03,Station Road,Besan Barfi,Sweet,56,420,23520,Friday,0,0,None,60,1,0,14.4
2025-01-03,Station Road,Motichoor Laddu,Sweet,44,380,16720,Friday,0,0,None,60,1,0,14.4
2025-01-03,Station Road,Ghewar,Sweet,3,500,1500,Friday,0,0,None,60,1,0,14.4
2025-01-03,Station Road,Gajak,Sweet,43,320,13760,Friday,0,0,None,60,1,0,14.4
2025-01-03,Station Road,Soan Papdi,Sweet,31,300,9300,Friday,0,0,None,60,1,0,14.4
2025-01-03,Station Road,Bikaneri Bhujia,Namkeen,141,360,50760,Friday,0,0,None,60,1,0,14.4
2025-01-03,Station Road,Aloo Bhujia,Namkeen,53,300,15900,Friday,0,0,None,60,1,0,14.4
2025-01-04,Station Road,Rasgulla,Sweet,71,280,19880,Saturday,1,0,None,60,1,0,15.9
2025-01-04,Station Road,Gulab Jamun,Sweet,78,300,23400,Saturday,1,0,None,60,1,0,15.9
2025-01-04,Station Road,Kaju Katli,Sweet,62,900,55800,Saturday,1,0,None,60,1,0,15.9
2025-01-04,Station Road,Besan Barfi,Sweet,66,420,27720,Saturday,1,0,None,60,1,0,15.9
2025-01-04,Station Road,Motichoor Laddu,Sweet,54,380,20520,Saturday,1,0,None,60,1,0,15.9
2025-01-04,Station Road,Ghewar,Sweet,5,500,2500,Saturday,1,0,None,60,1,0,15.9
2025-01-04,Station Road,Gajak,Sweet,88,288,25344,Saturday,1,0,None,60,1,1,15.9
2025-01-04,Station Road,Soan Papdi,Sweet,37,300,11100,Saturday,1,0,None,60,1,0,15.9
2025-01-04,Station Road,Bikaneri Bhujia,Namkeen,165,360,59400,Saturday,1,0,None,60,1,0,15.9
2025-01-04,Station Road,Aloo Bhujia,Namkeen,75,300,22500,Saturday,1,0,None,60,1,0,15.9
2025-01-05,Station Road,Rasgulla,Sweet,104,252,26208,Sunday,1,0,None,60,1,1,16.1
2025-01-05,Station Road,Gulab Jamun,Sweet,81,300,24300,Sunday,1,0,None,60,1,0,16.1
2025-01-05,Station Road,Kaju Katli,Sweet,55,900,49500,Sunday,1,0,None,60,1,0,16.1
2025-01-05,Station Road,Besan Barfi,Sweet,65,420,27300,Sunday,1,0,None,60,1,0,16.1
2025-01-05,Station Road,Motichoor Laddu,Sweet,56,380,21280,Sunday,1,0,None,60,1,0,16.1
2025-01-05,Station Road,Ghewar,Sweet,3,450,1350,Sunday,1,0,None,60,1,1,16.1
2025-01-05,Station Road,Gajak,Sweet,77,320,24640,Sunday,1,0,None,60,1,0,16.1
2025-01-05,Station Road,Soan Papdi,Sweet,44,300,13200,Sunday,1,0,None,60,1,0,16.1
2025-01-05,Station Road,Bikaneri Bhujia,Namkeen,179,360,64440,Sunday,1,0,None,60,1,0,16.1
2025-01-05,Station Road,Aloo Bhujia,Namkeen,92,270,24840,Sunday,1,0,None,60,1,1,16.1
2025-01-06,Station Road,Rasgulla,Sweet,55,280,15400,Monday,0,0,None,60,1,0,14.8
2025-01-06,Station Road,Gulab Jamun,Sweet,58,300,17400,Monday,0,0,None,60,1,0,14.8
2025-01-06,Station Road,Kaju Katli,Sweet,46,900,41400,Monday,0,0,None,60,1,0,14.8
2025-01-06,Station Road,Besan Barfi,Sweet,42,420,17640,Monday,0,0,None,60,1,0,14.8
2025-01-06,Station Road,Motichoor Laddu,Sweet,46,380,17480,Monday,0,0,None,60,1,0,14.8
2025-01-06,Station Road,Ghewar,Sweet,1,450,450,Monday,0,0,None,60,1,1,14.8
2025-01-06,Station Road,Gajak,Sweet,55,320,17600,Monday,0,0,None,60,1,0,14.8
2025-01-06,Station Road,Soan Papdi,Sweet,23,300,6900,Monday,0,0,None,60,1,0,14.8
2025-01-06,Station Road,Bikaneri Bhujia,Namkeen,124,360,44640,Monday,0,0,None,60,1,0,14.8
2025-01-06,Station Road,Aloo Bhujia,Namkeen,50,300,15000,Monday,0,0,None,60,1,0,14.8
2025-01-07,Station Road,Rasgulla,Sweet,61,280,17080,Tuesday,0,0,None,60,1,0,19.0
2025-01-07,Station Road,Gulab Jamun,Sweet,54,300,16200,Tuesday,0,0,None,60,1,0,19.0
2025-01-07,Station Road,Kaju Katli,Sweet,39,900,35100,Tuesday,0,0,None,60,1,0,19.0
2025-01-07,Station Road,Besan Barfi,Sweet,42,420,17640,Tuesday,0,0,None,60,1,0,19.0
2025-01-07,Station Road,Motichoor Laddu,Sweet,39,380,14820,Tuesday,0,0,None,60,1,0,19.0
2025-01-07,Station Road,Ghewar,Sweet,5,500,2500,Tuesday,0,0,None,60,1,0,19.0
2025-01-07,Station Road,Gajak,Sweet,45,320,14400,Tuesday,0,0,None,60,1,0,19.0
2025-01-07,Station Road,Soan Papdi,Sweet,23,300,6900,Tuesday,0,0,None,60,1,0,19.0
2025-01-07,Station Road,Bikaneri Bhujia,Namkeen,101,360,36360,Tuesday,0,0,None,60,1,0,19.0
2025-01-07,Station Road,Aloo Bhujia,Namkeen,42,300,12600,Tuesday,0,0,None,60,1,0,19.0
2025-01-08,Station Road,Rasgulla,Sweet,73,280,20440,Wednesday,0,0,pre-Makar Sankranti,60,1,0,17.3
2025-01-08,Station Road,Gulab Jamun,Sweet,77,300,23100,Wednesday,0,0,pre-Makar Sankranti,60,1,0,17.3
2025-01-08,Station Road,Kaju Katli,Sweet,55,810,44550,Wednesday,0,0,pre-Makar Sankranti,60,1,1,17.3
2025-01-08,Station Road,Besan Barfi,Sweet,50,420,21000,Wednesday,0,0,pre-Makar Sankranti,60,1,0,17.3
2025-01-08,Station Road,Motichoor Laddu,Sweet,56,380,21280,Wednesday,0,0,pre-Makar Sankranti,60,1,0,17.3
2025-01-08,Station Road,Ghewar,Sweet,3,500,1500,Wednesday,0,0,pre-Makar Sankranti,60,1,0,17.3
2025-01-08,Station Road,Gajak,Sweet,63,320,20160,Wednesday,0,0,pre-Makar Sankranti,60,1,0,17.3
2025-01-08,Station Road,Soan Papdi,Sweet,41,300,12300,Wednesday,0,0,pre-Makar Sankranti,60,1,0,17.3
2025-01-08,Station Road,Bikaneri Bhujia,Namkeen,145,360,52200,Wednesday,0,0,pre-Makar Sankranti,60,1,0,17.3
2025-01-08,Station Road,Aloo Bhujia,Namkeen,63,300,18900,Wednesday,0,0,pre-Makar Sankranti,60,1,0,17.3
2025-01-09,Station Road,Rasgulla,Sweet,71,280,19880,Thursday,0,0,pre-Makar Sankranti,60,1,0,14.9
2025-01-09,Station Road,Gulab Jamun,Sweet,104,300,31200,Thursday,0,0,pre-Makar Sankranti,60,1,0,14.9
2025-01-09,Station Road,Kaju Katli,Sweet,74,900,66600,Thursday,0,0,pre-Makar Sankranti,60,1,0,14.9
2025-01-09,Station Road,Besan Barfi,Sweet,67,420,28140,Thursday,0,0,pre-Makar Sankranti,60,1,0,14.9
2025-01-09,Station Road,Motichoor Laddu,Sweet,84,380,31920,Thursday,0,0,pre-Makar Sankranti,60,1,0,14.9
2025-01-09,Station Road,Ghewar,Sweet,3,500,1500,Thursday,0,0,pre-Makar Sankranti,60,1,0,14.9
2025-01-09,Station Road,Gajak,Sweet,68,320,21760,Thursday,0,0,pre-Makar Sankranti,60,1,0,14.9
2025-01-09,Station Road,Soan Papdi,Sweet,36,300,10800,Thursday,0,0,pre-Makar Sankranti,60,1,0,14.9
2025-01-09,Station Road,Bikaneri Bhujia,Namkeen,184,360,66240,Thursday,0,0,pre-Makar Sankranti,60,1,0,14.9
2025-01-09,Station Road,Aloo Bhujia,Namkeen,71,300,21300,Thursday,0,0,pre-Makar Sankranti,60,1,0,14.9
2025-01-10,Station Road,Rasgulla,Sweet,120,280,33600,Friday,0,0,pre-Makar Sankranti,60,1,0,14.2
2025-01-10,Station Road,Gulab Jamun,Sweet,142,300,42600,Friday,0,0,pre-Makar Sankranti,60,1,0,14.2
2025-01-10,Station Road,Kaju Katli,Sweet,84,900,75600,Friday,0,0,pre-Makar Sankranti,60,1,0,14.2
2025-01-10,Station Road,Besan Barfi,Sweet,100,420,42000,Friday,0,0,pre-Makar Sankranti,60,1,0,14.2
2025-01-10,Station Road,Motichoor Laddu,Sweet,83,380,31540,Friday,0,0,pre-Makar Sankranti,60,1,0,14.2
2025-01-10,Station Road,Ghewar,Sweet,5,500,2500,Friday,0,0,pre-Makar Sankranti,60,1,0,14.2
2025-01-10,Station Road,Gajak,Sweet,76,320,24320,Friday,0,0,pre-Makar Sankranti,60,1,0,14.2
2025-01-10,Station Road,Soan Papdi,Sweet,56,300,16800,Friday,0,0,pre-Makar Sankranti,60,1,0,14.2
2025-01-10,Station Road,Bikaneri Bhujia,Namkeen,218,360,78480,Friday,0,0,pre-Makar Sankranti,60,1,0,14.2
2025-01-10,Station Road,Aloo Bhujia,Namkeen,91,300,27300,Friday,0,0,pre-Makar Sankranti,60,1,0,14.2
2025-01-11,Station Road,Rasgulla,Sweet,157,280,43960,Saturday,1,0,pre-Makar Sankranti,60,1,0,16.1
2025-01-11,Station Road,Gulab Jamun,Sweet,156,300,46800,Saturday,1,0,pre-Makar Sankranti,60,1,0,16.1
2025-01-11,Station Road,Kaju Katli,Sweet,135,900,121500,Saturday,1,0,pre-Makar Sankranti,60,1,0,16.1
2025-01-11,Station Road,Besan Barfi,Sweet,150,420,63000,Saturday,1,0,pre-Makar Sankranti,60,1,0,16.1
2025-01-11,Station Road,Motichoor Laddu,Sweet,143,380,54340,Saturday,1,0,pre-Makar Sankranti,60,1,0,16.1
2025-01-11,Station Road,Ghewar,Sweet,5,500,2500,Saturday,1,0,pre-Makar Sankranti,60,1,0,16.1
2025-01-11,Station Road,Gajak,Sweet,101,320,32320,Saturday,1,0,pre-Makar Sankranti,60,1,0,16.1
2025-01-11,Station Road,Soan Papdi,Sweet,86,300,25800,Saturday,1,0,pre-Makar Sankranti,60,1,0,16.1
2025-01-11,Station Road,Bikaneri Bhujia,Namkeen,292,360,105120,Saturday,1,0,pre-Makar Sankranti,60,1,0,16.1
2025-01-11,Station Road,Aloo Bhujia,Namkeen,105,300,31500,Saturday,1,0,pre-Makar Sankranti,60,1,0,16.1
2025-01-12,Station Road,Rasgulla,Sweet,185,280,51800,Sunday,1,0,pre-Makar Sankranti,60,1,0,18.9
2025-01-12,Station Road,Gulab Jamun,Sweet,182,300,54600,Sunday,1,0,pre-Makar Sankranti,60,1,0,18.9
2025-01-12,Station Road,Kaju Katli,Sweet,159,900,143100,Sunday,1,0,pre-Makar Sankranti,60,1,0,18.9
2025-01-12,Station Road,Besan Barfi,Sweet,184,420,77280,Sunday,1,0,pre-Makar Sankranti,60,1,0,18.9
2025-01-12,Station Road,Motichoor Laddu,Sweet,179,380,68020,Sunday,1,0,pre-Makar Sankranti,60,1,0,18.9
2025-01-12,Station Road,Ghewar,Sweet,3,500,1500,Sunday,1,0,pre-Makar Sankranti,60,1,0,18.9
2025-01-12,Station Road,Gajak,Sweet,143,320,45760,Sunday,1,0,pre-Makar Sankranti,60,1,0,18.9
2025-01-12,Station Road,Soan Papdi,Sweet,106,300,31800,Sunday,1,0,pre-Makar Sankranti,60,1,0,18.9
2025-01-12,Station Road,Bikaneri Bhujia,Namkeen,374,360,134640,Sunday,1,0,pre-Makar Sankranti,60,1,0,18.9
2025-01-12,Station Road,Aloo Bhujia,Namkeen,151,300,45300,Sunday,1,0,pre-Makar Sankranti,60,1,0,18.9
2025-01-13,Station Road,Rasgulla,Sweet,122,280,34160,Monday,0,0,pre-Makar Sankranti,60,1,0,17.3
2025-01-13,Station Road,Gulab Jamun,Sweet,157,300,47100,Monday,0,0,pre-Makar Sankranti,60,1,0,17.3
2025-01-13,Station Road,Kaju Katli,Sweet,99,900,89100,Monday,0,0,pre-Makar Sankranti,60,1,0,17.3
2025-01-13,Station Road,Besan Barfi,Sweet,124,420,52080,Monday,0,0,pre-Makar Sankranti,60,1,0,17.3
2025-01-13,Station Road,Motichoor Laddu,Sweet,129,380,49020,Monday,0,0,pre-Makar Sankranti,60,1,0,17.3
2025-01-13,Station Road,Ghewar,Sweet,2,500,1000,Monday,0,0,pre-Makar Sankranti,60,1,0,17.3
2025-01-13,Station Road,Gajak,Sweet,96,320,30720,Monday,0,0,pre-Makar Sankranti,60,1,0,17.3
2025-01-13,Station Road,Soan Papdi,Sweet,98,300,29400,Monday,0,0,pre-Makar Sankranti,60,1,0,17.3
2025-01-13,Station Road,Bikaneri Bhujia,Namkeen,290,360,104400,Monday,0,0,pre-Makar Sankranti,60,1,0,17.3
2025-01-13,Station Road,Aloo Bhujia,Namkeen,129,270,34830,Monday,0,0,pre-Makar Sankranti,60,1,1,17.3
2025-01-14,Station Road,Rasgulla,Sweet,225,280,63000,Tuesday,0,1,Makar Sankranti,59,1,0,16.4
2025-01-14,Station Road,Gulab Jamun,Sweet,293,300,87900,Tuesday,0,1,Makar Sankranti,59,1,0,16.4
2025-01-14,Station Road,Kaju Katli,Sweet,248,810,200880,Tuesday,0,1,Makar Sankranti,59,1,1,16.4
2025-01-14,Station Road,Besan Barfi,Sweet,220,420,92400,Tuesday,0,1,Makar Sankranti,59,1,0,16.4
2025-01-14,Station Road,Motichoor Laddu,Sweet,234,380,88920,Tuesday,0,1,Makar Sankranti,59,1,0,16.4
2025-01-14,Station Road,Ghewar,Sweet,7,500,3500,Tuesday,0,1,Makar Sankranti,59,1,0,16.4
2025-01-14,Station Road,Gajak,Sweet,163,288,46944,Tuesday,0,1,Makar Sankranti,59,1,1,16.4
2025-01-14,Station Road,Soan Papdi,Sweet,134,300,40200,Tuesday,0,1,Makar Sankranti,59,1,0,16.4
2025-01-14,Station Road,Bikaneri Bhujia,Namkeen,447,360,160920,Tuesday,0,1,Makar Sankranti,59,1,0,16.4
2025-01-14,Station Road,Aloo Bhujia,Namkeen,155,300,46500,Tuesday,0,1,Makar Sankranti,59,1,0,16.4
2025-01-15,Station Road,Rasgulla,Sweet,50,280,14000,Wednesday,0,0,None,58,1,0,13.6
2025-01-15,Station Road,Gulab Jamun,Sweet,47,300,14100,Wednesday,0,0,None,58,1,0,13.6
2025-01-15,Station Road,Kaju Katli,Sweet,26,900,23400,Wednesday,0,0,None,58,1,0,13.6
2025-01-15,Station Road,Besan Barfi,Sweet,53,420,22260,Wednesday,0,0,None,58,1,0,13.6
2025-01-15,Station Road,Motichoor Laddu,Sweet,42,380,15960,Wednesday,0,0,None,58,1,0,13.6
2025-01-15,Station Road,Ghewar,Sweet,2,500,1000,Wednesday,0,0,None,58,1,0,13.6
2025-01-15,Station Road,Gajak,Sweet,54,320,17280,Wednesday,0,0,None,58,1,0,13.6
2025-01-15,Station Road,Soan Papdi,Sweet,27,300,8100,Wednesday,0,0,None,58,1,0,13.6
2025-01-15,Station Road,Bikaneri Bhujia,Namkeen,114,360,41040,Wednesday,0,0,None,58,1,0,13.6
2025-01-15,Station Road,Aloo Bhujia,Namkeen,49,270,13230,Wednesday,0,0,None,58,1,1,13.6
2025-01-16,Station Road,Rasgulla,Sweet,50,280,14000,Thursday,0,0,None,57,1,0,15.5
2025-01-16,Station Road,Gulab Jamun,Sweet,69,300,20700,Thursday,0,0,None,57,1,0,15.5
2025-01-16,Station Road,Kaju Katli,Sweet,36,900,32400,Thursday,0,0,None,57,1,0,15.5
2025-01-16,Station Road,Besan Barfi,Sweet,50,420,21000,Thursday,0,0,None,57,1,0,15.5
2025-01-16,Station Road,Motichoor Laddu,Sweet,49,380,18620,Thursday,0,0,None,57,1,0,15.5
2025-01-16,Station Road,Ghewar,Sweet,2,500,1000,Thursday,0,0,None,57,1,0,15.5
2025-01-16,Station Road,Gajak,Sweet,46,320,14720,Thursday,0,0,None,57,1,0,15.5
2025-01-16,Station Road,Soan Papdi,Sweet,33,300,9900,Thursday,0,0,None,57,1,0,15.5
2025-01-16,Station Road,Bikaneri Bhujia,Namkeen,136,360,48960,Thursday,0,0,None,57,1,0,15.5
2025-01-16,Station Road,Aloo Bhujia,Namkeen,59,300,17700,Thursday,0,0,None,57,1,0,15.5
2025-01-17,Station Road,Rasgulla,Sweet,53,280,14840,Friday,0,0,None,56,1,0,18.3
2025-01-17,Station Road,Gulab Jamun,Sweet,71,300,21300,Friday,0,0,None,56,1,0,18.3
2025-01-17,Station Road,Kaju Katli,Sweet,34,900,30600,Friday,0,0,None,56,1,0,18.3
2025-01-17,Station Road,Besan Barfi,Sweet,57,420,23940,Friday,0,0,None,56,1,0,18.3
2025-01-17,Station Road,Motichoor Laddu,Sweet,37,380,14060,Friday,0,0,None,56,1,0,18.3
2025-01-17,Station Road,Ghewar,Sweet,3,500,1500,Friday,0,0,None,56,1,0,18.3
2025-01-17,Station Road,Gajak,Sweet,55,320,17600,Friday,0,0,None,56,1,0,18.3
2025-01-17,Station Road,Soan Papdi,Sweet,37,300,11100,Friday,0,0,None,56,1,0,18.3
2025-01-17,Station Road,Bikaneri Bhujia,Namkeen,132,360,47520,Friday,0,0,None,56,1,0,18.3
2025-01-17,Station Road,Aloo Bhujia,Namkeen,50,300,15000,Friday,0,0,None,56,1,0,18.3
2025-01-18,Station Road,Rasgulla,Sweet,78,280,21840,Saturday,1,0,None,55,1,0,17.6
2025-01-18,Station Road,Gulab Jamun,Sweet,94,300,28200,Saturday,1,0,None,55,1,0,17.6
2025-01-18,Station Road,Kaju Katli,Sweet,48,900,43200,Saturday,1,0,None,55,1,0,17.6
2025-01-18,Station Road,Besan Barfi,Sweet,65,420,27300,Saturday,1,0,None,55,1,0,17.6
2025-01-18,Station Road,Motichoor Laddu,Sweet,49,380,18620,Saturday,1,0,None,55,1,0,17.6
2025-01-18,Station Road,Ghewar,Sweet,4,500,2000,Saturday,1,0,None,55,1,0,17.6
2025-01-18,Station Road,Gajak,Sweet,82,320,26240,Saturday,1,0,None,55,1,0,17.6
2025-01-18,Station Road,Soan Papdi,Sweet,39,300,11700,Saturday,1,0,None,55,1,0,17.6
2025-01-18,Station Road,Bikaneri Bhujia,Namkeen,150,360,54000,Saturday,1,0,None,55,1,0,17.6
2025-01-18,Station Road,Aloo Bhujia,Namkeen,57,300,17100,Saturday,1,0,None,55,1,0,17.6
2025-01-19,Station Road,Rasgulla,Sweet,80,280,22400,Sunday,1,0,None,54,1,0,15.4
2025-01-19,Station Road,Gulab Jamun,Sweet,93,300,27900,Sunday,1,0,None,54,1,0,15.4
2025-01-19,Station Road,Kaju Katli,Sweet,67,900,60300,Sunday,1,0,None,54,1,0,15.4
2025-01-19,Station Road,Besan Barfi,Sweet,67,420,28140,Sunday,1,0,None,54,1,0,15.4
2025-01-19,Station Road,Motichoor Laddu,Sweet,57,380,21660,Sunday,1,0,None,54,1,0,15.4
2025-01-19,Station Road,Ghewar,Sweet,4,450,1800,Sunday,1,0,None,54,1,1,15.4
2025-01-19,Station Road,Gajak,Sweet,76,320,24320,Sunday,1,0,None,54,1,0,15.4
2025-01-19,Station Road,Soan Papdi,Sweet,43,300,12900,Sunday,1,0,None,54,1,0,15.4
2025-01-19,Station Road,Bikaneri Bhujia,Namkeen,197,360,70920,Sunday,1,0,None,54,1,0,15.4
2025-01-19,Station Road,Aloo Bhujia,Namkeen,85,300,25500,Sunday,1,0,None,54,1,0,15.4
2025-01-20,Station Road,Rasgulla,Sweet,55,280,15400,Monday,0,0,None,53,1,0,18.8
2025-01-20,Station Road,Gulab Jamun,Sweet,57,300,17100,Monday,0,0,None,53,1,0,18.8
2025-01-20,Station Road,Kaju Katli,Sweet,34,900,30600,Monday,0,0,None,53,1,0,18.8
2025-01-20,Station Road,Besan Barfi,Sweet,59,420,24780,Monday,0,0,None,53,1,0,18.8
2025-01-20,Station Road,Motichoor Laddu,Sweet,40,380,15200,Monday,0,0,None,53,1,0,18.8
2025-01-20,Station Road,Ghewar,Sweet,3,500,1500,Monday,0,0,None,53,1,0,18.8
2025-01-20,Station Road,Gajak,Sweet,58,320,18560,Monday,0,0,None,53,1,0,18.8
2025-01-20,Station Road,Soan Papdi,Sweet,24,300,7200,Monday,0,0,None,53,1,0,18.8
2025-01-20,Station Road,Bikaneri Bhujia,Namkeen,152,324,49248,Monday,0,0,None,53,1,1,18.8
2025-01-20,Station Road,Aloo Bhujia,Namkeen,44,300,13200,Monday,0,0,None,53,1,0,18.8
2025-01-21,Station Road,Rasgulla,Sweet,57,280,15960,Tuesday,0,0,None,52,1,0,15.9
2025-01-21,Station Road,Gulab Jamun,Sweet,47,300,14100,Tuesday,0,0,None,52,1,0,15.9
2025-01-21,Station Road,Kaju Katli,Sweet,39,900,35100,Tuesday,0,0,None,52,1,0,15.9
2025-01-21,Station Road,Besan Barfi,Sweet,43,420,18060,Tuesday,0,0,None,52,1,0,15.9
2025-01-21,Station Road,Motichoor Laddu,Sweet,37,380,14060,Tuesday,0,0,None,52,1,0,15.9
2025-01-21,Station Road,Ghewar,Sweet,0,500,0,Tuesday,0,0,None,52,1,0,15.9
2025-01-21,Station Road,Gajak,Sweet,53,320,16960,Tuesday,0,0,None,52,1,0,15.9
2025-01-21,Station Road,Soan Papdi,Sweet,29,300,8700,Tuesday,0,0,None,52,1,0,15.9
2025-01-21,Station Road,Bikaneri Bhujia,Namkeen,105,360,37800,Tuesday,0,0,None,52,1,0,15.9
2025-01-21,Station Road,Aloo Bhujia,Namkeen,48,300,14400,Tuesday,0,0,None,52,1,0,15.9
2025-01-22,Station Road,Rasgulla,Sweet,45,280,12600,Wednesday,0,0,None,51,1,0,14.6
2025-01-22,Station Road,Gulab Jamun,Sweet,70,300,21000,Wednesday,0,0,None,51,1,0,14.6
2025-01-22,Station Road,Kaju Katli,Sweet,39,900,35100,Wednesday,0,0,None,51,1,0,14.6
2025-01-22,Station Road,Besan Barfi,Sweet,43,420,18060,Wednesday,0,0,None,51,1,0,14.6
2025-01-22,Station Road,Motichoor Laddu,Sweet,38,380,14440,Wednesday,0,0,None,51,1,0,14.6
2025-01-22,Station Road,Ghewar,Sweet,1,500,500,Wednesday,0,0,None,51,1,0,14.6
2025-01-22,Station Road,Gajak,Sweet,57,320,18240,Wednesday,0,0,None,51,1,0,14.6
2025-01-22,Station Road,Soan Papdi,Sweet,31,300,9300,Wednesday,0,0,None,51,1,0,14.6
2025-01-22,Station Road,Bikaneri Bhujia,Namkeen,112,360,40320,Wednesday,0,0,None,51,1,0,14.6
2025-01-22,Station Road,Aloo Bhujia,Namkeen,43,300,12900,Wednesday,0,0,None,51,1,0,14.6
2025-01-23,Station Road,Rasgulla,Sweet,39,280,10920,Thursday,0,0,None,50,1,0,15.9
2025-01-23,Station Road,Gulab Jamun,Sweet,62,300,18600,Thursday,0,0,None,50,1,0,15.9
2025-01-23,Station Road,Kaju Katli,Sweet,44,900,39600,Thursday,0,0,None,50,1,0,15.9
2025-01-23,Station Road,Besan Barfi,Sweet,49,420,20580,Thursday,0,0,None,50,1,0,15.9
2025-01-23,Station Road,Motichoor Laddu,Sweet,43,380,16340,Thursday,0,0,None,50,1,0,15.9
2025-01-23,Station Road,Ghewar,Sweet,2,500,1000,Thursday,0,0,None,50,1,0,15.9
2025-01-23,Station Road,Gajak,Sweet,53,320,16960,Thursday,0,0,None,50,1,0,15.9
2025-01-23,Station Road,Soan Papdi,Sweet,18,300,5400,Thursday,0,0,None,50,1,0,15.9
2025-01-23,Station Road,Bikaneri Bhujia,Namkeen,107,360,38520,Thursday,0,0,None,50,1,0,15.9
2025-01-23,Station Road,Aloo Bhujia,Namkeen,52,300,15600,Thursday,0,0,None,50,1,0,15.9
2025-01-24,Station Road,Rasgulla,Sweet,74,280,20720,Friday,0,0,None,49,1,0,19.1
2025-01-24,Station Road,Gulab Jamun,Sweet,83,270,22410,Friday,0,0,None,49,1,1,19.1
2025-01-24,Station Road,Kaju Katli,Sweet,48,900,43200,Friday,0,0,None,49,1,0,19.1
2025-01-24,Station Road,Besan Barfi,Sweet,69,378,26082,Friday,0,0,None,49,1,1,19.1
2025-01-24,Station Road,Motichoor Laddu,Sweet,53,380,20140,Friday,0,0,None,49,1,0,19.1
2025-01-24,Station Road,Ghewar,Sweet,1,500,500,Friday,0,0,None,49,1,0,19.1
2025-01-24,Station Road,Gajak,Sweet,66,320,21120,Friday,0,0,None,49,1,0,19.1
2025-01-24,Station Road,Soan Papdi,Sweet,40,300,12000,Friday,0,0,None,49,1,0,19.1
2025-01-24,Station Road,Bikaneri Bhujia,Namkeen,169,360,60840,Friday,0,0,None,49,1,0,19.1
2025-01-24,Station Road,Aloo Bhujia,Namkeen,62,300,18600,Friday,0,0,None,49,1,0,19.1
2025-01-25,Station Road,Rasgulla,Sweet,61,280,17080,Saturday,1,0,None,48,1,0,12.5
2025-01-25,Station Road,Gulab Jamun,Sweet,91,300,27300,Saturday,1,0,None,48,1,0,12.5
2025-01-25,Station Road,Kaju Katli,Sweet,50,900,45000,Saturday,1,0,None,48,1,0,12.5
2025-01-25,Station Road,Besan Barfi,Sweet,72,420,30240,Saturday,1,0,None,48,1,0,12.5
2025-01-25,Station Road,Motichoor Laddu,Sweet,62,380,23560,Saturday,1,0,None,48,1,0,12.5
2025-01-25,Station Road,Ghewar,Sweet,0,500,0,Saturday,1,0,None,48,1,0,12.5
2025-01-25,Station Road,Gajak,Sweet,75,320,24000,Saturday,1,0,None,48,1,0,12.5
2025-01-25,Station Road,Soan Papdi,Sweet,28,300,8400,Saturday,1,0,None,48,1,0,12.5
2025-01-25,Station Road,Bikaneri Bhujia,Namkeen,151,360,54360,Saturday,1,0,None,48,1,0,12.5
2025-01-25,Station Road,Aloo Bhujia,Namkeen,66,300,19800,Saturday,1,0,None,48,1,0,12.5
2025-01-26,Station Road,Rasgulla,Sweet,74,280,20720,Sunday,1,0,None,47,1,0,18.4
2025-01-26,Station Road,Gulab Jamun,Sweet,88,300,26400,Sunday,1,0,None,47,1,0,18.4
2025-01-26,Station Road,Kaju Katli,Sweet,60,900,54000,Sunday,1,0,None,47,1,0,18.4
2025-01-26,Station Road,Besan Barfi,Sweet,52,420,21840,Sunday,1,0,None,47,1,0,18.4
2025-01-26,Station Road,Motichoor Laddu,Sweet,70,380,26600,Sunday,1,0,None,47,1,0,18.4
2025-01-26,Station Road,Ghewar,Sweet,2,500,1000,Sunday,1,0,None,47,1,0,18.4
2025-01-26,Station Road,Gajak,Sweet,85,320,27200,Sunday,1,0,None,47,1,0,18.4
2025-01-26,Station Road,Soan Papdi,Sweet,34,300,10200,Sunday,1,0,None,47,1,0,18.4
2025-01-26,Station Road,Bikaneri Bhujia,Namkeen,166,360,59760,Sunday,1,0,None,47,1,0,18.4
2025-01-26,Station Road,Aloo Bhujia,Namkeen,56,300,16800,Sunday,1,0,None,47,1,0,18.4
2025-01-27,Station Road,Rasgulla,Sweet,45,280,12600,Monday,0,0,None,46,1,0,15.5
2025-01-27,Station Road,Gulab Jamun,Sweet,50,300,15000,Monday,0,0,None,46,1,0,15.5
2025-01-27,Station Road,Kaju Katli,Sweet,39,900,35100,Monday,0,0,None,46,1,0,15.5
2025-01-27,Station Road,Besan Barfi,Sweet,42,420,17640,Monday,0,0,None,46,1,0,15.5
2025-01-27,Station Road,Motichoor Laddu,Sweet,41,380,15580,Monday,0,0,None,46,1,0,15.5
2025-01-27,Station Road,Ghewar,Sweet,1,500,500,Monday,0,0,None,46,1,0,15.5
2025-01-27,Station Road,Gajak,Sweet,49,320,15680,Monday,0,0,None,46,1,0,15.5
2025-01-27,Station Road,Soan Papdi,Sweet,27,300,8100,Monday,0,0,None,46,1,0,15.5
2025-01-27,Station Road,Bikaneri Bhujia,Namkeen,97,360,34920,Monday,0,0,None,46,1,0,15.5
2025-01-27,Station Road,Aloo Bhujia,Namkeen,46,300,13800,Monday,0,0,None,46,1,0,15.5
2025-01-28,Station Road,Rasgulla,Sweet,39,280,10920,Tuesday,0,0,None,45,1,0,13.5
2025-01-28,Station Road,Gulab Jamun,Sweet,42,300,12600,Tuesday,0,0,None,45,1,0,13.5
2025-01-28,Station Road,Kaju Katli,Sweet,44,810,35640,Tuesday,0,0,None,45,1,1,13.5
2025-01-28,Station Road,Besan Barfi,Sweet,39,420,16380,Tuesday,0,0,None,45,1,0,13.5
2025-01-28,Station Road,Motichoor Laddu,Sweet,32,380,12160,Tuesday,0,0,None,45,1,0,13.5
2025-01-28,Station Road,Ghewar,Sweet,2,500,1000,Tuesday,0,0,None,45,1,0,13.5
2025-01-28,Station Road,Gajak,Sweet,65,320,20800,Tuesday,0,0,None,45,1,0,13.5
2025-01-28,Station Road,Soan Papdi,Sweet,27,300,8100,Tuesday,0,0,None,45,1,0,13.5
2025-01-28,Station Road,Bikaneri Bhujia,Namkeen,92,360,33120,Tuesday,0,0,None,45,1,0,13.5
2025-01-28,Station Road,Aloo Bhujia,Namkeen,45,300,13500,Tuesday,0,0,None,45,1,0,13.5
2025-01-29,Station Road,Rasgulla,Sweet,68,280,19040,Wednesday,0,0,None,44,1,0,19.2
2025-01-29,Station Road,Gulab Jamun,Sweet,75,300,22500,Wednesday,0,0,None,44,1,0,19.2
2025-01-29,Station Road,Kaju Katli,Sweet,30,900,27000,Wednesday,0,0,None,44,1,0,19.2
2025-01-29,Station Road,Besan Barfi,Sweet,45,420,18900,Wednesday,0,0,None,44,1,0,19.2
2025-01-29,Station Road,Motichoor Laddu,Sweet,36,380,13680,Wednesday,0,0,None,44,1,0,19.2
2025-01-29,Station Road,Ghewar,Sweet,3,500,1500,Wednesday,0,0,None,44,1,0,19.2
2025-01-29,Station Road,Gajak,Sweet,53,320,16960,Wednesday,0,0,None,44,1,0,19.2
2025-01-29,Station Road,Soan Papdi,Sweet,19,300,5700,Wednesday,0,0,None,44,1,0,19.2
2025-01-29,Station Road,Bikaneri Bhujia,Namkeen,135,360,48600,Wednesday,0,0,None,44,1,0,19.2
2025-01-29,Station Road,Aloo Bhujia,Namkeen,57,300,17100,Wednesday,0,0,None,44,1,0,19.2
2025-01-30,Station Road,Rasgulla,Sweet,48,280,13440,Thursday,0,0,None,43,1,0,15.7
2025-01-30,Station Road,Gulab Jamun,Sweet,57,300,17100,Thursday,0,0,None,43,1,0,15.7
2025-01-30,Station Road,Kaju Katli,Sweet,38,900,34200,Thursday,0,0,None,43,1,0,15.7
2025-01-30,Station Road,Besan Barfi,Sweet,46,420,19320,Thursday,0,0,None,43,1,0,15.7
2025-01-30,Station Road,Motichoor Laddu,Sweet,48,380,18240,Thursday,0,0,None,43,1,0,15.7
2025-01-30,Station Road,Ghewar,Sweet,1,500,500,Thursday,0,0,None,43,1,0,15.7
2025-01-30,Station Road,Gajak,Sweet,67,320,21440,Thursday,0,0,None,43,1,0,15.7
2025-01-30,Station Road,Soan Papdi,Sweet,39,300,11700,Thursday,0,0,None,43,1,0,15.7
2025-01-30,Station Road,Bikaneri Bhujia,Namkeen,139,360,50040,Thursday,0,0,None,43,1,0,15.7
2025-01-30,Station Road,Aloo Bhujia,Namkeen,41,300,12300,Thursday,0,0,None,43,1,0,15.7
2025-01-31,Station Road,Rasgulla,Sweet,60,280,16800,Friday,0,0,None,42,1,0,11.6
2025-01-31,Station Road,Gulab Jamun,Sweet,68,300,20400,Friday,0,0,None,42,1,0,11.6
2025-01-31,Station Road,Kaju Katli,Sweet,49,900,44100,Friday,0,0,None,42,1,0,11.6
2025-01-31,Station Road,Besan Barfi,Sweet,54,420,22680,Friday,0,0,None,42,1,0,11.6
2025-01-31,Station Road,Motichoor Laddu,Sweet,47,380,17860,Friday,0,0,None,42,1,0,11.6
2025-01-31,Station Road,Ghewar,Sweet,2,500,1000,Friday,0,0,None,42,1,0,11.6
2025-01-31,Station Road,Gajak,Sweet,63,320,20160,Friday,0,0,None,42,1,0,11.6
2025-01-31,Station Road,Soan Papdi,Sweet,31,300,9300,Friday,0,0,None,42,1,0,11.6
2025-01-31,Station Road,Bikaneri Bhujia,Namkeen,146,360,52560,Friday,0,0,None,42,1,0,11.6
2025-01-31,Station Road,Aloo Bhujia,Namkeen,54,300,16200,Friday,0,0,None,42,1,0,11.6
2025-02-01,Station Road,Rasgulla,Sweet,71,280,19880,Saturday,1,0,None,41,1,0,18.8
2025-02-01,Station Road,Gulab Jamun,Sweet,83,300,24900,Saturday,1,0,None,41,1,0,18.8
2025-02-01,Station Road,Kaju Katli,Sweet,42,900,37800,Saturday,1,0,None,41,1,0,18.8
2025-02-01,Station Road,Besan Barfi,Sweet,62,420,26040,Saturday,1,0,None,41,1,0,18.8
2025-02-01,Station Road,Motichoor Laddu,Sweet,57,380,21660,Saturday,1,0,None,41,1,0,18.8
2025-02-01,Station Road,Ghewar,Sweet,0,500,0,Saturday,1,0,None,41,1,0,18.8
2025-02-01,Station Road,Gajak,Sweet,37,320,11840,Saturday,1,0,None,41,1,0,18.8
2025-02-01,Station Road,Soan Papdi,Sweet,29,300,8700,Saturday,1,0,None,41,1,0,18.8
2025-02-01,Station Road,Bikaneri Bhujia,Namkeen,159,360,57240,Saturday,1,0,None,41,1,0,18.8
2025-02-01,Station Road,Aloo Bhujia,Namkeen,61,300,18300,Saturday,1,0,None,41,1,0,18.8
2025-02-02,Station Road,Rasgulla,Sweet,89,280,24920,Sunday,1,0,None,40,1,0,24.4
2025-02-02,Station Road,Gulab Jamun,Sweet,87,300,26100,Sunday,1,0,None,40,1,0,24.4
2025-02-02,Station Road,Kaju Katli,Sweet,48,900,43200,Sunday,1,0,None,40,1,0,24.4
2025-02-02,Station Road,Besan Barfi,Sweet,65,420,27300,Sunday,1,0,None,40,1,0,24.4
2025-02-02,Station Road,Motichoor Laddu,Sweet,61,380,23180,Sunday,1,0,None,40,1,0,24.4
2025-02-02,Station Road,Ghewar,Sweet,4,500,2000,Sunday,1,0,None,40,1,0,24.4
2025-02-02,Station Road,Gajak,Sweet,52,320,16640,Sunday,1,0,None,40,1,0,24.4
2025-02-02,Station Road,Soan Papdi,Sweet,39,300,11700,Sunday,1,0,None,40,1,0,24.4
2025-02-02,Station Road,Bikaneri Bhujia,Namkeen,181,360,65160,Sunday,1,0,None,40,1,0,24.4
2025-02-02,Station Road,Aloo Bhujia,Namkeen,71,300,21300,Sunday,1,0,None,40,1,0,24.4
2025-02-03,Station Road,Rasgulla,Sweet,53,280,14840,Monday,0,0,None,39,1,0,20.2
2025-02-03,Station Road,Gulab Jamun,Sweet,58,270,15660,Monday,0,0,None,39,1,1,20.2
2025-02-03,Station Road,Kaju Katli,Sweet,31,900,27900,Monday,0,0,None,39,1,0,20.2
2025-02-03,Station Road,Besan Barfi,Sweet,39,420,16380,Monday,0,0,None,39,1,0,20.2
2025-02-03,Station Road,Motichoor Laddu,Sweet,40,380,15200,Monday,0,0,None,39,1,0,20.2
2025-02-03,Station Road,Ghewar,Sweet,1,500,500,Monday,0,0,None,39,1,0,20.2
2025-02-03,Station Road,Gajak,Sweet,33,320,10560,Monday,0,0,None,39,1,0,20.2
2025-02-03,Station Road,Soan Papdi,Sweet,25,300,7500,Monday,0,0,None,39,1,0,20.2
2025-02-03,Station Road,Bikaneri Bhujia,Namkeen,123,360,44280,Monday,0,0,None,39,1,0,20.2
2025-02-03,Station Road,Aloo Bhujia,Namkeen,42,300,12600,Monday,0,0,None,39,1,0,20.2
2025-02-04,Station Road,Rasgulla,Sweet,54,280,15120,Tuesday,0,0,None,38,1,0,18.0
2025-02-04,Station Road,Gulab Jamun,Sweet,67,270,18090,Tuesday,0,0,None,38,1,1,18.0
2025-02-04,Station Road,Kaju Katli,Sweet,31,900,27900,Tuesday,0,0,None,38,1,0,18.0
2025-02-04,Station Road,Besan Barfi,Sweet,44,420,18480,Tuesday,0,0,None,38,1,0,18.0
2025-02-04,Station Road,Motichoor Laddu,Sweet,36,380,13680,Tuesday,0,0,None,38,1,0,18.0
2025-02-04,Station Road,Ghewar,Sweet,3,500,1500,Tuesday,0,0,None,38,1,0,18.0
2025-02-04,Station Road,Gajak,Sweet,35,320,11200,Tuesday,0,0,None,38,1,0,18.0
2025-02-04,Station Road,Soan Papdi,Sweet,27,300,8100,Tuesday,0,0,None,38,1,0,18.0
2025-02-04,Station Road,Bikaneri Bhujia,Namkeen,119,360,42840,Tuesday,0,0,None,38,1,0,18.0
2025-02-04,Station Road,Aloo Bhujia,Namkeen,60,300,18000,Tuesday,0,0,None,38,1,0,18.0
2025-02-05,Station Road,Rasgulla,Sweet,52,280,14560,Wednesday,0,0,None,37,1,0,21.4
2025-02-05,Station Road,Gulab Jamun,Sweet,66,300,19800,Wednesday,0,0,None,37,1,0,21.4
2025-02-05,Station Road,Kaju Katli,Sweet,42,900,37800,Wednesday,0,0,None,37,1,0,21.4
2025-02-05,Station Road,Besan Barfi,Sweet,40,420,16800,Wednesday,0,0,None,37,1,0,21.4
2025-02-05,Station Road,Motichoor Laddu,Sweet,49,342,16758,Wednesday,0,0,None,37,1,1,21.4
2025-02-05,Station Road,Ghewar,Sweet,0,500,0,Wednesday,0,0,None,37,1,0,21.4
2025-02-05,Station Road,Gajak,Sweet,24,320,7680,Wednesday,0,0,None,37,1,0,21.4
2025-02-05,Station Road,Soan Papdi,Sweet,25,300,7500,Wednesday,0,0,None,37,1,0,21.4
2025-02-05,Station Road,Bikaneri Bhujia,Namkeen,114,360,41040,Wednesday,0,0,None,37,1,0,21.4
2025-02-05,Station Road,Aloo Bhujia,Namkeen,40,300,12000,Wednesday,0,0,None,37,1,0,21.4
2025-02-06,Station Road,Rasgulla,Sweet,52,280,14560,Thursday,0,0,None,36,1,0,25.4
2025-02-06,Station Road,Gulab Jamun,Sweet,78,300,23400,Thursday,0,0,None,36,1,0,25.4
2025-02-06,Station Road,Kaju Katli,Sweet,39,900,35100,Thursday,0,0,None,36,1,0,25.4
2025-02-06,Station Road,Besan Barfi,Sweet,50,420,21000,Thursday,0,0,None,36,1,0,25.4
2025-02-06,Station Road,Motichoor Laddu,Sweet,60,380,22800,Thursday,0,0,None,36,1,0,25.4
2025-02-06,Station Road,Ghewar,Sweet,4,500,2000,Thursday,0,0,None,36,1,0,25.4
2025-02-06,Station Road,Gajak,Sweet,37,320,11840,Thursday,0,0,None,36,1,0,25.4
2025-02-06,Station Road,Soan Papdi,Sweet,26,300,7800,Thursday,0,0,None,36,1,0,25.4
2025-02-06,Station Road,Bikaneri Bhujia,Namkeen,146,360,52560,Thursday,0,0,None,36,1,0,25.4
2025-02-06,Station Road,Aloo Bhujia,Namkeen,47,300,14100,Thursday,0,0,None,36,1,0,25.4
2025-02-07,Station Road,Rasgulla,Sweet,54,280,15120,Friday,0,0,None,35,1,0,24.7
2025-02-07,Station Road,Gulab Jamun,Sweet,87,300,26100,Friday,0,0,None,35,1,0,24.7
2025-02-07,Station Road,Kaju Katli,Sweet,51,900,45900,Friday,0,0,None,35,1,0,24.7
2025-02-07,Station Road,Besan Barfi,Sweet,59,420,24780,Friday,0,0,None,35,1,0,24.7
2025-02-07,Station Road,Motichoor Laddu,Sweet,60,380,22800,Friday,0,0,None,35,1,0,24.7
2025-02-07,Station Road,Ghewar,Sweet,1,500,500,Friday,0,0,None,35,1,0,24.7
2025-02-07,Station Road,Gajak,Sweet,40,320,12800,Friday,0,0,None,35,1,0,24.7
2025-02-07,Station Road,Soan Papdi,Sweet,29,300,8700,Friday,0,0,None,35,1,0,24.7
2025-02-07,Station Road,Bikaneri Bhujia,Namkeen,155,360,55800,Friday,0,0,None,35,1,0,24.7
2025-02-07,Station Road,Aloo Bhujia,Namkeen,53,300,15900,Friday,0,0,None,35,1,0,24.7
2025-02-08,Station Road,Rasgulla,Sweet,75,280,21000,Saturday,1,0,None,34,1,0,19.3
2025-02-08,Station Road,Gulab Jamun,Sweet,93,300,27900,Saturday,1,0,None,34,1,0,19.3
2025-02-08,Station Road,Kaju Katli,Sweet,57,900,51300,Saturday,1,0,None,34,1,0,19.3
2025-02-08,Station Road,Besan Barfi,Sweet,69,420,28980,Saturday,1,0,None,34,1,0,19.3
2025-02-08,Station Road,Motichoor Laddu,Sweet,60,342,20520,Saturday,1,0,None,34,1,1,19.3
2025-02-08,Station Road,Ghewar,Sweet,3,500,1500,Saturday,1,0,None,34,1,0,19.3
2025-02-08,Station Road,Gajak,Sweet,54,320,17280,Saturday,1,0,None,34,1,0,19.3
2025-02-08,Station Road,Soan Papdi,Sweet,47,300,14100,Saturday,1,0,None,34,1,0,19.3
2025-02-08,Station Road,Bikaneri Bhujia,Namkeen,163,360,58680,Saturday,1,0,None,34,1,0,19.3
2025-02-08,Station Road,Aloo Bhujia,Namkeen,64,300,19200,Saturday,1,0,None,34,1,0,19.3
2025-02-09,Station Road,Rasgulla,Sweet,90,280,25200,Sunday,1,0,None,33,1,0,21.3
2025-02-09,Station Road,Gulab Jamun,Sweet,82,300,24600,Sunday,1,0,None,33,1,0,21.3
2025-02-09,Station Road,Kaju Katli,Sweet,62,900,55800,Sunday,1,0,None,33,1,0,21.3
2025-02-09,Station Road,Besan Barfi,Sweet,56,420,23520,Sunday,1,0,None,33,1,0,21.3
2025-02-09,Station Road,Motichoor Laddu,Sweet,59,380,22420,Sunday,1,0,None,33,1,0,21.3
2025-02-09,Station Road,Ghewar,Sweet,1,500,500,Sunday,1,0,None,33,1,0,21.3
2025-02-09,Station Road,Gajak,Sweet,59,320,18880,Sunday,1,0,None,33,1,0,21.3
2025-02-09,Station Road,Soan Papdi,Sweet,42,300,12600,Sunday,1,0,None,33,1,0,21.3
2025-02-09,Station Road,Bikaneri Bhujia,Namkeen,148,360,53280,Sunday,1,0,None,33,1,0,21.3
2025-02-09,Station Road,Aloo Bhujia,Namkeen,61,300,18300,Sunday,1,0,None,33,1,0,21.3
2025-02-10,Station Road,Rasgulla,Sweet,44,280,12320,Monday,0,0,None,32,1,0,23.7
2025-02-10,Station Road,Gulab Jamun,Sweet,50,300,15000,Monday,0,0,None,32,1,0,23.7
2025-02-10,Station Road,Kaju Katli,Sweet,39,900,35100,Monday,0,0,None,32,1,0,23.7
2025-02-10,Station Road,Besan Barfi,Sweet,44,420,18480,Monday,0,0,None,32,1,0,23.7
2025-02-10,Station Road,Motichoor Laddu,Sweet,40,380,15200,Monday,0,0,None,32,1,0,23.7
2025-02-10,Station Road,Ghewar,Sweet,1,500,500,Monday,0,0,None,32,1,0,23.7
2025-02-10,Station Road,Gajak,Sweet,25,320,8000,Monday,0,0,None,32,1,0,23.7
2025-02-10,Station Road,Soan Papdi,Sweet,22,300,6600,Monday,0,0,None,32,1,0,23.7
2025-02-10,Station Road,Bikaneri Bhujia,Namkeen,116,360,41760,Monday,0,0,None,32,1,0,23.7
2025-02-10,Station Road,Aloo Bhujia,Namkeen,51,300,15300,Monday,0,0,None,32,1,0,23.7
2025-02-11,Station Road,Rasgulla,Sweet,55,280,15400,Tuesday,0,0,None,31,1,0,22.2
2025-02-11,Station Road,Gulab Jamun,Sweet,56,300,16800,Tuesday,0,0,None,31,1,0,22.2
2025-02-11,Station Road,Kaju Katli,Sweet,36,900,32400,Tuesday,0,0,None,31,1,0,22.2
2025-02-11,Station Road,Besan Barfi,Sweet,40,420,16800,Tuesday,0,0,None,31,1,0,22.2
2025-02-11,Station Road,Motichoor Laddu,Sweet,54,380,20520,Tuesday,0,0,None,31,1,0,22.2
2025-02-11,Station Road,Ghewar,Sweet,1,500,500,Tuesday,0,0,None,31,1,0,22.2
2025-02-11,Station Road,Gajak,Sweet,40,320,12800,Tuesday,0,0,None,31,1,0,22.2
2025-02-11,Station Road,Soan Papdi,Sweet,29,300,8700,Tuesday,0,0,None,31,1,0,22.2
2025-02-11,Station Road,Bikaneri Bhujia,Namkeen,110,360,39600,Tuesday,0,0,None,31,1,0,22.2
2025-02-11,Station Road,Aloo Bhujia,Namkeen,52,300,15600,Tuesday,0,0,None,31,1,0,22.2
2025-02-12,Station Road,Rasgulla,Sweet,62,280,17360,Wednesday,0,0,None,30,1,0,23.3
2025-02-12,Station Road,Gulab Jamun,Sweet,61,300,18300,Wednesday,0,0,None,30,1,0,23.3
2025-02-12,Station Road,Kaju Katli,Sweet,38,900,34200,Wednesday,0,0,None,30,1,0,23.3
2025-02-12,Station Road,Besan Barfi,Sweet,32,420,13440,Wednesday,0,0,None,30,1,0,23.3
2025-02-12,Station Road,Motichoor Laddu,Sweet,37,380,14060,Wednesday,0,0,None,30,1,0,23.3
2025-02-12,Station Road,Ghewar,Sweet,1,500,500,Wednesday,0,0,None,30,1,0,23.3
2025-02-12,Station Road,Gajak,Sweet,31,320,9920,Wednesday,0,0,None,30,1,0,23.3
2025-02-12,Station Road,Soan Papdi,Sweet,26,300,7800,Wednesday,0,0,None,30,1,0,23.3
2025-02-12,Station Road,Bikaneri Bhujia,Namkeen,126,360,45360,Wednesday,0,0,None,30,1,0,23.3
2025-02-12,Station Road,Aloo Bhujia,Namkeen,47,300,14100,Wednesday,0,0,None,30,1,0,23.3
2025-02-13,Station Road,Rasgulla,Sweet,43,280,12040,Thursday,0,0,None,29,1,0,21.3
2025-02-13,Station Road,Gulab Jamun,Sweet,64,300,19200,Thursday,0,0,None,29,1,0,21.3
2025-02-13,Station Road,Kaju Katli,Sweet,32,900,28800,Thursday,0,0,None,29,1,0,21.3
2025-02-13,Station Road,Besan Barfi,Sweet,44,420,18480,Thursday,0,0,None,29,1,0,21.3
2025-02-13,Station Road,Motichoor Laddu,Sweet,46,380,17480,Thursday,0,0,None,29,1,0,21.3
2025-02-13,Station Road,Ghewar,Sweet,1,500,500,Thursday,0,0,None,29,1,0,21.3
2025-02-13,Station Road,Gajak,Sweet,38,320,12160,Thursday,0,0,None,29,1,0,21.3
2025-02-13,Station Road,Soan Papdi,Sweet,35,300,10500,Thursday,0,0,None,29,1,0,21.3
2025-02-13,Station Road,Bikaneri Bhujia,Namkeen,141,360,50760,Thursday,0,0,None,29,1,0,21.3
2025-02-13,Station Road,Aloo Bhujia,Namkeen,45,300,13500,Thursday,0,0,None,29,1,0,21.3
2025-02-14,Station Road,Rasgulla,Sweet,68,280,19040,Friday,0,0,None,28,1,0,20.8
2025-02-14,Station Road,Gulab Jamun,Sweet,80,300,24000,Friday,0,0,None,28,1,0,20.8
2025-02-14,Station Road,Kaju Katli,Sweet,28,900,25200,Friday,0,0,None,28,1,0,20.8
2025-02-14,Station Road,Besan Barfi,Sweet,52,420,21840,Friday,0,0,None,28,1,0,20.8
2025-02-14,Station Road,Motichoor Laddu,Sweet,43,380,16340,Friday,0,0,None,28,1,0,20.8
2025-02-14,Station Road,Ghewar,Sweet,1,500,500,Friday,0,0,None,28,1,0,20.8
2025-02-14,Station Road,Gajak,Sweet,32,320,10240,Friday,0,0,None,28,1,0,20.8
2025-02-14,Station Road,Soan Papdi,Sweet,25,300,7500,Friday,0,0,None,28,1,0,20.8
2025-02-14,Station Road,Bikaneri Bhujia,Namkeen,135,360,48600,Friday,0,0,None,28,1,0,20.8
2025-02-14,Station Road,Aloo Bhujia,Namkeen,48,300,14400,Friday,0,0,None,28,1,0,20.8
2025-02-15,Station Road,Rasgulla,Sweet,79,280,22120,Saturday,1,0,None,27,1,0,18.1
2025-02-15,Station Road,Gulab Jamun,Sweet,76,300,22800,Saturday,1,0,None,27,1,0,18.1
2025-02-15,Station Road,Kaju Katli,Sweet,59,900,53100,Saturday,1,0,None,27,1,0,18.1
2025-02-15,Station Road,Besan Barfi,Sweet,68,420,28560,Saturday,1,0,None,27,1,0,18.1
2025-02-15,Station Road,Motichoor Laddu,Sweet,47,380,17860,Saturday,1,0,None,27,1,0,18.1
2025-02-15,Station Road,Ghewar,Sweet,2,500,1000,Saturday,1,0,None,27,1,0,18.1
2025-02-15,Station Road,Gajak,Sweet,32,320,10240,Saturday,1,0,None,27,1,0,18.1
2025-02-15,Station Road,Soan Papdi,Sweet,34,300,10200,Saturday,1,0,None,27,1,0,18.1
2025-02-15,Station Road,Bikaneri Bhujia,Namkeen,171,360,61560,Saturday,1,0,None,27,1,0,18.1
2025-02-15,Station Road,Aloo Bhujia,Namkeen,88,270,23760,Saturday,1,0,None,27,1,1,18.1
2025-02-16,Station Road,Rasgulla,Sweet,80,280,22400,Sunday,1,0,None,26,1,0,17.3
2025-02-16,Station Road,Gulab Jamun,Sweet,88,300,26400,Sunday,1,0,None,26,1,0,17.3
2025-02-16,Station Road,Kaju Katli,Sweet,59,900,53100,Sunday,1,0,None,26,1,0,17.3
2025-02-16,Station Road,Besan Barfi,Sweet,73,420,30660,Sunday,1,0,None,26,1,0,17.3
2025-02-16,Station Road,Motichoor Laddu,Sweet,71,380,26980,Sunday,1,0,None,26,1,0,17.3
2025-02-16,Station Road,Ghewar,Sweet,1,500,500,Sunday,1,0,None,26,1,0,17.3
2025-02-16,Station Road,Gajak,Sweet,53,320,16960,Sunday,1,0,None,26,1,0,17.3
2025-02-16,Station Road,Soan Papdi,Sweet,48,300,14400,Sunday,1,0,None,26,1,0,17.3
2025-02-16,Station Road,Bikaneri Bhujia,Namkeen,185,360,66600,Sunday,1,0,None,26,1,0,17.3
2025-02-16,Station Road,Aloo Bhujia,Namkeen,74,300,22200,Sunday,1,0,None,26,1,0,17.3
2025-02-17,Station Road,Rasgulla,Sweet,61,280,17080,Monday,0,0,None,25,1,0,23.8
2025-02-17,Station Road,Gulab Jamun,Sweet,66,300,19800,Monday,0,0,None,25,1,0,23.8
2025-02-17,Station Road,Kaju Katli,Sweet,37,810,29970,Monday,0,0,None,25,1,1,23.8
2025-02-17,Station Road,Besan Barfi,Sweet,44,420,18480,Monday,0,0,None,25,1,0,23.8
2025-02-17,Station Road,Motichoor Laddu,Sweet,49,380,18620,Monday,0,0,None,25,1,0,23.8
2025-02-17,Station Road,Ghewar,Sweet,2,500,1000,Monday,0,0,None,25,1,0,23.8
2025-02-17,Station Road,Gajak,Sweet,33,320,10560,Monday,0,0,None,25,1,0,23.8
2025-02-17,Station Road,Soan Papdi,Sweet,30,300,9000,Monday,0,0,None,25,1,0,23.8
2025-02-17,Station Road,Bikaneri Bhujia,Namkeen,122,360,43920,Monday,0,0,None,25,1,0,23.8
2025-02-17,Station Road,Aloo Bhujia,Namkeen,50,300,15000,Monday,0,0,None,25,1,0,23.8
2025-02-18,Station Road,Rasgulla,Sweet,65,280,18200,Tuesday,0,0,None,24,1,0,21.1
2025-02-18,Station Road,Gulab Jamun,Sweet,59,270,15930,Tuesday,0,0,None,24,1,1,21.1
2025-02-18,Station Road,Kaju Katli,Sweet,27,900,24300,Tuesday,0,0,None,24,1,0,21.1
2025-02-18,Station Road,Besan Barfi,Sweet,47,420,19740,Tuesday,0,0,None,24,1,0,21.1
2025-02-18,Station Road,Motichoor Laddu,Sweet,41,380,15580,Tuesday,0,0,None,24,1,0,21.1
2025-02-18,Station Road,Ghewar,Sweet,4,500,2000,Tuesday,0,0,None,24,1,0,21.1
2025-02-18,Station Road,Gajak,Sweet,31,320,9920,Tuesday,0,0,None,24,1,0,21.1
2025-02-18,Station Road,Soan Papdi,Sweet,24,300,7200,Tuesday,0,0,None,24,1,0,21.1
2025-02-18,Station Road,Bikaneri Bhujia,Namkeen,105,360,37800,Tuesday,0,0,None,24,1,0,21.1
2025-02-18,Station Road,Aloo Bhujia,Namkeen,47,300,14100,Tuesday,0,0,None,24,1,0,21.1
2025-02-19,Station Road,Rasgulla,Sweet,54,280,15120,Wednesday,0,0,None,23,1,0,19.7
2025-02-19,Station Road,Gulab Jamun,Sweet,68,300,20400,Wednesday,0,0,None,23,1,0,19.7
2025-02-19,Station Road,Kaju Katli,Sweet,36,900,32400,Wednesday,0,0,None,23,1,0,19.7
2025-02-19,Station Road,Besan Barfi,Sweet,46,420,19320,Wednesday,0,0,None,23,1,0,19.7
2025-02-19,Station Road,Motichoor Laddu,Sweet,54,380,20520,Wednesday,0,0,None,23,1,0,19.7
2025-02-19,Station Road,Ghewar,Sweet,1,500,500,Wednesday,0,0,None,23,1,0,19.7
2025-02-19,Station Road,Gajak,Sweet,23,320,7360,Wednesday,0,0,None,23,1,0,19.7
2025-02-19,Station Road,Soan Papdi,Sweet,28,300,8400,Wednesday,0,0,None,23,1,0,19.7
2025-02-19,Station Road,Bikaneri Bhujia,Namkeen,117,360,42120,Wednesday,0,0,None,23,1,0,19.7
2025-02-19,Station Road,Aloo Bhujia,Namkeen,43,300,12900,Wednesday,0,0,None,23,1,0,19.7
2025-02-20,Station Road,Rasgulla,Sweet,50,280,14000,Thursday,0,0,None,22,1,0,16.8
2025-02-20,Station Road,Gulab Jamun,Sweet,62,300,18600,Thursday,0,0,None,22,1,0,16.8
2025-02-20,Station Road,Kaju Katli,Sweet,44,900,39600,Thursday,0,0,None,22,1,0,16.8
2025-02-20,Station Road,Besan Barfi,Sweet,51,420,21420,Thursday,0,0,None,22,1,0,16.8
2025-02-20,Station Road,Motichoor Laddu,Sweet,49,380,18620,Thursday,0,0,None,22,1,0,16.8
2025-02-20,Station Road,Ghewar,Sweet,2,500,1000,Thursday,0,0,None,22,1,0,16.8
2025-02-20,Station Road,Gajak,Sweet,40,320,12800,Thursday,0,0,None,22,1,0,16.8
2025-02-20,Station Road,Soan Papdi,Sweet,31,300,9300,Thursday,0,0,None,22,1,0,16.8
2025-02-20,Station Road,Bikaneri Bhujia,Namkeen,134,360,48240,Thursday,0,0,None,22,1,0,16.8
2025-02-20,Station Road,Aloo Bhujia,Namkeen,44,300,13200,Thursday,0,0,None,22,1,0,16.8
2025-02-21,Station Road,Rasgulla,Sweet,85,280,23800,Friday,0,0,None,21,1,0,16.9
2025-02-21,Station Road,Gulab Jamun,Sweet,80,300,24000,Friday,0,0,None,21,1,0,16.9
2025-02-21,Station Road,Kaju Katli,Sweet,42,900,37800,Friday,0,0,None,21,1,0,16.9
2025-02-21,Station Road,Besan Barfi,Sweet,49,420,20580,Friday,0,0,None,21,1,0,16.9
2025-02-21,Station Road,Motichoor Laddu,Sweet,50,380,19000,Friday,0,0,None,21,1,0,16.9
2025-02-21,Station Road,Ghewar,Sweet,1,500,500,Friday,0,0,None,21,1,0,16.9
2025-02-21,Station Road,Gajak,Sweet,36,320,11520,Friday,0,0,None,21,1,0,16.9
2025-02-21,Station Road,Soan Papdi,Sweet,30,300,9000,Friday,0,0,None,21,1,0,16.9
2025-02-21,Station Road,Bikaneri Bhujia,Namkeen,182,324,58968,Friday,0,0,None,21,1,1,16.9
2025-02-21,Station Road,Aloo Bhujia,Namkeen,66,300,19800,Friday,0,0,None,21,1,0,16.9
2025-02-22,Station Road,Rasgulla,Sweet,67,280,18760,Saturday,1,0,None,20,1,0,20.7
2025-02-22,Station Road,Gulab Jamun,Sweet,91,300,27300,Saturday,1,0,None,20,1,0,20.7
2025-02-22,Station Road,Kaju Katli,Sweet,54,900,48600,Saturday,1,0,None,20,1,0,20.7
2025-02-22,Station Road,Besan Barfi,Sweet,73,420,30660,Saturday,1,0,None,20,1,0,20.7
2025-02-22,Station Road,Motichoor Laddu,Sweet,58,380,22040,Saturday,1,0,None,20,1,0,20.7
2025-02-22,Station Road,Ghewar,Sweet,1,500,500,Saturday,1,0,None,20,1,0,20.7
2025-02-22,Station Road,Gajak,Sweet,44,320,14080,Saturday,1,0,None,20,1,0,20.7
2025-02-22,Station Road,Soan Papdi,Sweet,33,300,9900,Saturday,1,0,None,20,1,0,20.7
2025-02-22,Station Road,Bikaneri Bhujia,Namkeen,158,360,56880,Saturday,1,0,None,20,1,0,20.7
2025-02-22,Station Road,Aloo Bhujia,Namkeen,78,300,23400,Saturday,1,0,None,20,1,0,20.7
2025-02-23,Station Road,Rasgulla,Sweet,83,280,23240,Sunday,1,0,None,19,1,0,19.9
2025-02-23,Station Road,Gulab Jamun,Sweet,91,300,27300,Sunday,1,0,None,19,1,0,19.9
2025-02-23,Station Road,Kaju Katli,Sweet,68,900,61200,Sunday,1,0,None,19,1,0,19.9
2025-02-23,Station Road,Besan Barfi,Sweet,61,420,25620,Sunday,1,0,None,19,1,0,19.9
2025-02-23,Station Road,Motichoor Laddu,Sweet,58,380,22040,Sunday,1,0,None,19,1,0,19.9
2025-02-23,Station Road,Ghewar,Sweet,5,500,2500,Sunday,1,0,None,19,1,0,19.9
2025-02-23,Station Road,Gajak,Sweet,44,320,14080,Sunday,1,0,None,19,1,0,19.9
2025-02-23,Station Road,Soan Papdi,Sweet,44,300,13200,Sunday,1,0,None,19,1,0,19.9
2025-02-23,Station Road,Bikaneri Bhujia,Namkeen,199,360,71640,Sunday,1,0,None,19,1,0,19.9
2025-02-23,Station Road,Aloo Bhujia,Namkeen,80,300,24000,Sunday,1,0,None,19,1,0,19.9
2025-02-24,Station Road,Rasgulla,Sweet,65,280,18200,Monday,0,0,None,18,1,0,17.7
2025-02-24,Station Road,Gulab Jamun,Sweet,53,300,15900,Monday,0,0,None,18,1,0,17.7
2025-02-24,Station Road,Kaju Katli,Sweet,55,900,49500,Monday,0,0,None,18,1,0,17.7
2025-02-24,Station Road,Besan Barfi,Sweet,29,420,12180,Monday,0,0,None,18,1,0,17.7
2025-02-24,Station Road,Motichoor Laddu,Sweet,28,380,10640,Monday,0,0,None,18,1,0,17.7
2025-02-24,Station Road,Ghewar,Sweet,2,500,1000,Monday,0,0,None,18,1,0,17.7
2025-02-24,Station Road,Gajak,Sweet,35,320,11200,Monday,0,0,None,18,1,0,17.7
2025-02-24,Station Road,Soan Papdi,Sweet,21,300,6300,Monday,0,0,None,18,1,0,17.7
2025-02-24,Station Road,Bikaneri Bhujia,Namkeen,123,360,44280,Monday,0,0,None,18,1,0,17.7
2025-02-24,Station Road,Aloo Bhujia,Namkeen,69,300,20700,Monday,0,0,None,18,1,0,17.7
2025-02-25,Station Road,Rasgulla,Sweet,53,280,14840,Tuesday,0,0,None,17,1,0,20.8
2025-02-25,Station Road,Gulab Jamun,Sweet,49,300,14700,Tuesday,0,0,None,17,1,0,20.8
2025-02-25,Station Road,Kaju Katli,Sweet,35,900,31500,Tuesday,0,0,None,17,1,0,20.8
2025-02-25,Station Road,Besan Barfi,Sweet,40,420,16800,Tuesday,0,0,None,17,1,0,20.8
2025-02-25,Station Road,Motichoor Laddu,Sweet,43,380,16340,Tuesday,0,0,None,17,1,0,20.8
2025-02-25,Station Road,Ghewar,Sweet,2,500,1000,Tuesday,0,0,None,17,1,0,20.8
2025-02-25,Station Road,Gajak,Sweet,42,320,13440,Tuesday,0,0,None,17,1,0,20.8
2025-02-25,Station Road,Soan Papdi,Sweet,26,300,7800,Tuesday,0,0,None,17,1,0,20.8
2025-02-25,Station Road,Bikaneri Bhujia,Namkeen,120,360,43200,Tuesday,0,0,None,17,1,0,20.8
2025-02-25,Station Road,Aloo Bhujia,Namkeen,64,270,17280,Tuesday,0,0,None,17,1,1,20.8
2025-02-26,Station Road,Rasgulla,Sweet,55,280,15400,Wednesday,0,0,None,16,1,0,20.0
2025-02-26,Station Road,Gulab Jamun,Sweet,66,300,19800,Wednesday,0,0,None,16,1,0,20.0
2025-02-26,Station Road,Kaju Katli,Sweet,42,900,37800,Wednesday,0,0,None,16,1,0,20.0
2025-02-26,Station Road,Besan Barfi,Sweet,49,420,20580,Wednesday,0,0,None,16,1,0,20.0
2025-02-26,Station Road,Motichoor Laddu,Sweet,47,380,17860,Wednesday,0,0,None,16,1,0,20.0
2025-02-26,Station Road,Ghewar,Sweet,0,500,0,Wednesday,0,0,None,16,1,0,20.0
2025-02-26,Station Road,Gajak,Sweet,31,320,9920,Wednesday,0,0,None,16,1,0,20.0
2025-02-26,Station Road,Soan Papdi,Sweet,26,300,7800,Wednesday,0,0,None,16,1,0,20.0
2025-02-26,Station Road,Bikaneri Bhujia,Namkeen,107,360,38520,Wednesday,0,0,None,16,1,0,20.0
2025-02-26,Station Road,Aloo Bhujia,Namkeen,71,270,19170,Wednesday,0,0,None,16,1,1,20.0
2025-02-27,Station Road,Rasgulla,Sweet,47,280,13160,Thursday,0,0,None,15,1,0,21.2
2025-02-27,Station Road,Gulab Jamun,Sweet,67,300,20100,Thursday,0,0,None,15,1,0,21.2
2025-02-27,Station Road,Kaju Katli,Sweet,32,900,28800,Thursday,0,0,None,15,1,0,21.2
2025-02-27,Station Road,Besan Barfi,Sweet,45,420,18900,Thursday,0,0,None,15,1,0,21.2
2025-02-27,Station Road,Motichoor Laddu,Sweet,40,380,15200,Thursday,0,0,None,15,1,0,21.2
2025-02-27,Station Road,Ghewar,Sweet,1,500,500,Thursday,0,0,None,15,1,0,21.2
2025-02-27,Station Road,Gajak,Sweet,41,320,13120,Thursday,0,0,None,15,1,0,21.2
2025-02-27,Station Road,Soan Papdi,Sweet,25,300,7500,Thursday,0,0,None,15,1,0,21.2
2025-02-27,Station Road,Bikaneri Bhujia,Namkeen,124,360,44640,Thursday,0,0,None,15,1,0,21.2
2025-02-27,Station Road,Aloo Bhujia,Namkeen,61,300,18300,Thursday,0,0,None,15,1,0,21.2
2025-02-28,Station Road,Rasgulla,Sweet,69,280,19320,Friday,0,0,None,14,1,0,21.1
2025-02-28,Station Road,Gulab Jamun,Sweet,85,300,25500,Friday,0,0,None,14,1,0,21.1
2025-02-28,Station Road,Kaju Katli,Sweet,47,900,42300,Friday,0,0,None,14,1,0,21.1
2025-02-28,Station Road,Besan Barfi,Sweet,51,420,21420,Friday,0,0,None,14,1,0,21.1
2025-02-28,Station Road,Motichoor Laddu,Sweet,53,380,20140,Friday,0,0,None,14,1,0,21.1
2025-02-28,Station Road,Ghewar,Sweet,2,500,1000,Friday,0,0,None,14,1,0,21.1
2025-02-28,Station Road,Gajak,Sweet,31,320,9920,Friday,0,0,None,14,1,0,21.1
2025-02-28,Station Road,Soan Papdi,Sweet,39,300,11700,Friday,0,0,None,14,1,0,21.1
2025-02-28,Station Road,Bikaneri Bhujia,Namkeen,142,360,51120,Friday,0,0,None,14,1,0,21.1
2025-02-28,Station Road,Aloo Bhujia,Namkeen,59,300,17700,Friday,0,0,None,14,1,0,21.1
2025-03-01,Station Road,Rasgulla,Sweet,62,280,17360,Saturday,1,0,None,13,0,0,22.8
2025-03-01,Station Road,Gulab Jamun,Sweet,76,300,22800,Saturday,1,0,None,13,0,0,22.8
2025-03-01,Station Road,Kaju Katli,Sweet,31,900,27900,Saturday,1,0,None,13,0,0,22.8
2025-03-01,Station Road,Besan Barfi,Sweet,52,378,19656,Saturday,1,0,None,13,0,1,22.8
2025-03-01,Station Road,Motichoor Laddu,Sweet,40,380,15200,Saturday,1,0,None,13,0,0,22.8
2025-03-01,Station Road,Ghewar,Sweet,1,500,500,Saturday,1,0,None,13,0,0,22.8
2025-03-01,Station Road,Gajak,Sweet,17,320,5440,Saturday,1,0,None,13,0,0,22.8
2025-03-01,Station Road,Soan Papdi,Sweet,23,300,6900,Saturday,1,0,None,13,0,0,22.8
2025-03-01,Station Road,Bikaneri Bhujia,Namkeen,117,360,42120,Saturday,1,0,None,13,0,0,22.8
2025-03-01,Station Road,Aloo Bhujia,Namkeen,68,300,20400,Saturday,1,0,None,13,0,0,22.8
2025-03-02,Station Road,Rasgulla,Sweet,64,280,17920,Sunday,1,0,None,12,0,0,23.8
2025-03-02,Station Road,Gulab Jamun,Sweet,102,300,30600,Sunday,1,0,None,12,0,0,23.8
2025-03-02,Station Road,Kaju Katli,Sweet,46,900,41400,Sunday,1,0,None,12,0,0,23.8
2025-03-02,Station Road,Besan Barfi,Sweet,51,420,21420,Sunday,1,0,None,12,0,0,23.8
2025-03-02,Station Road,Motichoor Laddu,Sweet,43,380,16340,Sunday,1,0,None,12,0,0,23.8
2025-03-02,Station Road,Ghewar,Sweet,3,500,1500,Sunday,1,0,None,12,0,0,23.8
2025-03-02,Station Road,Gajak,Sweet,18,320,5760,Sunday,1,0,None,12,0,0,23.8
2025-03-02,Station Road,Soan Papdi,Sweet,33,300,9900,Sunday,1,0,None,12,0,0,23.8
2025-03-02,Station Road,Bikaneri Bhujia,Namkeen,136,360,48960,Sunday,1,0,None,12,0,0,23.8
2025-03-02,Station Road,Aloo Bhujia,Namkeen,72,300,21600,Sunday,1,0,None,12,0,0,23.8
2025-03-03,Station Road,Rasgulla,Sweet,43,280,12040,Monday,0,0,None,11,0,0,23.1
2025-03-03,Station Road,Gulab Jamun,Sweet,42,300,12600,Monday,0,0,None,11,0,0,23.1
2025-03-03,Station Road,Kaju Katli,Sweet,27,900,24300,Monday,0,0,None,11,0,0,23.1
2025-03-03,Station Road,Besan Barfi,Sweet,29,420,12180,Monday,0,0,None,11,0,0,23.1
2025-03-03,Station Road,Motichoor Laddu,Sweet,26,380,9880,Monday,0,0,None,11,0,0,23.1
2025-03-03,Station Road,Ghewar,Sweet,1,500,500,Monday,0,0,None,11,0,0,23.1
2025-03-03,Station Road,Gajak,Sweet,10,320,3200,Monday,0,0,None,11,0,0,23.1
2025-03-03,Station Road,Soan Papdi,Sweet,20,300,6000,Monday,0,0,None,11,0,0,23.1
2025-03-03,Station Road,Bikaneri Bhujia,Namkeen,88,360,31680,Monday,0,0,None,11,0,0,23.1
2025-03-03,Station Road,Aloo Bhujia,Namkeen,36,300,10800,Monday,0,0,None,11,0,0,23.1
2025-03-04,Station Road,Rasgulla,Sweet,41,280,11480,Tuesday,0,0,None,10,0,0,25.9
2025-03-04,Station Road,Gulab Jamun,Sweet,53,300,15900,Tuesday,0,0,None,10,0,0,25.9
2025-03-04,Station Road,Kaju Katli,Sweet,26,900,23400,Tuesday,0,0,None,10,0,0,25.9
2025-03-04,Station Road,Besan Barfi,Sweet,23,420,9660,Tuesday,0,0,None,10,0,0,25.9
2025-03-04,Station Road,Motichoor Laddu,Sweet,32,380,12160,Tuesday,0,0,None,10,0,0,25.9
2025-03-04,Station Road,Ghewar,Sweet,2,500,1000,Tuesday,0,0,None,10,0,0,25.9
2025-03-04,Station Road,Gajak,Sweet,13,320,4160,Tuesday,0,0,None,10,0,0,25.9
2025-03-04,Station Road,Soan Papdi,Sweet,21,300,6300,Tuesday,0,0,None,10,0,0,25.9
2025-03-04,Station Road,Bikaneri Bhujia,Namkeen,88,360,31680,Tuesday,0,0,None,10,0,0,25.9
2025-03-04,Station Road,Aloo Bhujia,Namkeen,42,300,12600,Tuesday,0,0,None,10,0,0,25.9
2025-03-05,Station Road,Rasgulla,Sweet,52,280,14560,Wednesday,0,0,None,9,0,0,25.5
2025-03-05,Station Road,Gulab Jamun,Sweet,59,300,17700,Wednesday,0,0,None,9,0,0,25.5
2025-03-05,Station Road,Kaju Katli,Sweet,28,900,25200,Wednesday,0,0,None,9,0,0,25.5
2025-03-05,Station Road,Besan Barfi,Sweet,36,420,15120,Wednesday,0,0,None,9,0,0,25.5
2025-03-05,Station Road,Motichoor Laddu,Sweet,26,380,9880,Wednesday,0,0,None,9,0,0,25.5
2025-03-05,Station Road,Ghewar,Sweet,0,500,0,Wednesday,0,0,None,9,0,0,25.5
2025-03-05,Station Road,Gajak,Sweet,8,320,2560,Wednesday,0,0,None,9,0,0,25.5
2025-03-05,Station Road,Soan Papdi,Sweet,22,300,6600,Wednesday,0,0,None,9,0,0,25.5
2025-03-05,Station Road,Bikaneri Bhujia,Namkeen,106,360,38160,Wednesday,0,0,None,9,0,0,25.5
2025-03-05,Station Road,Aloo Bhujia,Namkeen,38,300,11400,Wednesday,0,0,None,9,0,0,25.5
2025-03-06,Station Road,Rasgulla,Sweet,47,280,13160,Thursday,0,0,None,8,0,0,27.5
2025-03-06,Station Road,Gulab Jamun,Sweet,56,300,16800,Thursday,0,0,None,8,0,0,27.5
2025-03-06,Station Road,Kaju Katli,Sweet,32,900,28800,Thursday,0,0,None,8,0,0,27.5
2025-03-06,Station Road,Besan Barfi,Sweet,49,378,18522,Thursday,0,0,None,8,0,1,27.5
2025-03-06,Station Road,Motichoor Laddu,Sweet,33,380,12540,Thursday,0,0,None,8,0,0,27.5
2025-03-06,Station Road,Ghewar,Sweet,3,500,1500,Thursday,0,0,None,8,0,0,27.5
2025-03-06,Station Road,Gajak,Sweet,11,320,3520,Thursday,0,0,None,8,0,0,27.5
2025-03-06,Station Road,Soan Papdi,Sweet,17,300,5100,Thursday,0,0,None,8,0,0,27.5
2025-03-06,Station Road,Bikaneri Bhujia,Namkeen,90,360,32400,Thursday,0,0,None,8,0,0,27.5
2025-03-06,Station Road,Aloo Bhujia,Namkeen,47,300,14100,Thursday,0,0,None,8,0,0,27.5
2025-03-07,Station Road,Rasgulla,Sweet,61,280,17080,Friday,0,0,None,7,0,0,29.0
2025-03-07,Station Road,Gulab Jamun,Sweet,65,300,19500,Friday,0,0,None,7,0,0,29.0
2025-03-07,Station Road,Kaju Katli,Sweet,35,900,31500,Friday,0,0,None,7,0,0,29.0
2025-03-07,Station Road,Besan Barfi,Sweet,47,420,19740,Friday,0,0,None,7,0,0,29.0
2025-03-07,Station Road,Motichoor Laddu,Sweet,40,380,15200,Friday,0,0,None,7,0,0,29.0
2025-03-07,Station Road,Ghewar,Sweet,0,500,0,Friday,0,0,None,7,0,0,29.0
2025-03-07,Station Road,Gajak,Sweet,13,320,4160,Friday,0,0,None,7,0,0,29.0
2025-03-07,Station Road,Soan Papdi,Sweet,16,300,4800,Friday,0,0,None,7,0,0,29.0
2025-03-07,Station Road,Bikaneri Bhujia,Namkeen,112,360,40320,Friday,0,0,None,7,0,0,29.0
2025-03-07,Station Road,Aloo Bhujia,Namkeen,46,300,13800,Friday,0,0,None,7,0,0,29.0
2025-03-08,Station Road,Rasgulla,Sweet,84,280,23520,Saturday,1,0,pre-Holi,6,0,0,24.6
2025-03-08,Station Road,Gulab Jamun,Sweet,94,300,28200,Saturday,1,0,pre-Holi,6,0,0,24.6
2025-03-08,Station Road,Kaju Katli,Sweet,64,900,57600,Saturday,1,0,pre-Holi,6,0,0,24.6
2025-03-08,Station Road,Besan Barfi,Sweet,69,420,28980,Saturday,1,0,pre-Holi,6,0,0,24.6
2025-03-08,Station Road,Motichoor Laddu,Sweet,61,380,23180,Saturday,1,0,pre-Holi,6,0,0,24.6
2025-03-08,Station Road,Ghewar,Sweet,2,500,1000,Saturday,1,0,pre-Holi,6,0,0,24.6
2025-03-08,Station Road,Gajak,Sweet,18,288,5184,Saturday,1,0,pre-Holi,6,0,1,24.6
2025-03-08,Station Road,Soan Papdi,Sweet,29,300,8700,Saturday,1,0,pre-Holi,6,0,0,24.6
2025-03-08,Station Road,Bikaneri Bhujia,Namkeen,154,360,55440,Saturday,1,0,pre-Holi,6,0,0,24.6
2025-03-08,Station Road,Aloo Bhujia,Namkeen,75,300,22500,Saturday,1,0,pre-Holi,6,0,0,24.6
2025-03-09,Station Road,Rasgulla,Sweet,126,280,35280,Sunday,1,0,pre-Holi,5,0,0,30.3
2025-03-09,Station Road,Gulab Jamun,Sweet,136,300,40800,Sunday,1,0,pre-Holi,5,0,0,30.3
2025-03-09,Station Road,Kaju Katli,Sweet,100,900,90000,Sunday,1,0,pre-Holi,5,0,0,30.3
2025-03-09,Station Road,Besan Barfi,Sweet,84,420,35280,Sunday,1,0,pre-Holi,5,0,0,30.3
2025-03-09,Station Road,Motichoor Laddu,Sweet,85,380,32300,Sunday,1,0,pre-Holi,5,0,0,30.3
2025-03-09,Station Road,Ghewar,Sweet,3,500,1500,Sunday,1,0,pre-Holi,5,0,0,30.3
2025-03-09,Station Road,Gajak,Sweet,22,320,7040,Sunday,1,0,pre-Holi,5,0,0,30.3
2025-03-09,Station Road,Soan Papdi,Sweet,64,300,19200,Sunday,1,0,pre-Holi,5,0,0,30.3
2025-03-09,Station Road,Bikaneri Bhujia,Namkeen,183,360,65880,Sunday,1,0,pre-Holi,5,0,0,30.3
2025-03-09,Station Road,Aloo Bhujia,Namkeen,96,300,28800,Sunday,1,0,pre-Holi,5,0,0,30.3
2025-03-10,Station Road,Rasgulla,Sweet,100,280,28000,Monday,0,0,pre-Holi,4,0,0,24.5
2025-03-10,Station Road,Gulab Jamun,Sweet,116,300,34800,Monday,0,0,pre-Holi,4,0,0,24.5
2025-03-10,Station Road,Kaju Katli,Sweet,91,810,73710,Monday,0,0,pre-Holi,4,0,1,24.5
2025-03-10,Station Road,Besan Barfi,Sweet,79,420,33180,Monday,0,0,pre-Holi,4,0,0,24.5
2025-03-10,Station Road,Motichoor Laddu,Sweet,65,380,24700,Monday,0,0,pre-Holi,4,0,0,24.5
2025-03-10,Station Road,Ghewar,Sweet,1,500,500,Monday,0,0,pre-Holi,4,0,0,24.5
2025-03-10,Station Road,Gajak,Sweet,19,320,6080,Monday,0,0,pre-Holi,4,0,0,24.5
2025-03-10,Station Road,Soan Papdi,Sweet,45,300,13500,Monday,0,0,pre-Holi,4,0,0,24.5
2025-03-10,Station Road,Bikaneri Bhujia,Namkeen,155,360,55800,Monday,0,0,pre-Holi,4,0,0,24.5
2025-03-10,Station Road,Aloo Bhujia,Namkeen,71,300,21300,Monday,0,0,pre-Holi,4,0,0,24.5
2025-03-11,Station Road,Rasgulla,Sweet,106,280,29680,Tuesday,0,0,pre-Holi,3,0,0,26.1
2025-03-11,Station Road,Gulab Jamun,Sweet,120,300,36000,Tuesday,0,0,pre-Holi,3,0,0,26.1
2025-03-11,Station Road,Kaju Katli,Sweet,80,900,72000,Tuesday,0,0,pre-Holi,3,0,0,26.1
2025-03-11,Station Road,Besan Barfi,Sweet,92,420,38640,Tuesday,0,0,pre-Holi,3,0,0,26.1
2025-03-11,Station Road,Motichoor Laddu,Sweet,83,380,31540,Tuesday,0,0,pre-Holi,3,0,0,26.1
2025-03-11,Station Road,Ghewar,Sweet,6,500,3000,Tuesday,0,0,pre-Holi,3,0,0,26.1
2025-03-11,Station Road,Gajak,Sweet,21,320,6720,Tuesday,0,0,pre-Holi,3,0,0,26.1
2025-03-11,Station Road,Soan Papdi,Sweet,62,300,18600,Tuesday,0,0,pre-Holi,3,0,0,26.1
2025-03-11,Station Road,Bikaneri Bhujia,Namkeen,165,360,59400,Tuesday,0,0,pre-Holi,3,0,0,26.1
2025-03-11,Station Road,Aloo Bhujia,Namkeen,61,300,18300,Tuesday,0,0,pre-Holi,3,0,0,26.1
2025-03-12,Station Road,Rasgulla,Sweet,133,280,37240,Wednesday,0,0,pre-Holi,2,0,0,22.0
2025-03-12,Station Road,Gulab Jamun,Sweet,163,300,48900,Wednesday,0,0,pre-Holi,2,0,0,22.0
2025-03-12,Station Road,Kaju Katli,Sweet,93,900,83700,Wednesday,0,0,pre-Holi,2,0,0,22.0
2025-03-12,Station Road,Besan Barfi,Sweet,103,420,43260,Wednesday,0,0,pre-Holi,2,0,0,22.0
2025-03-12,Station Road,Motichoor Laddu,Sweet,96,380,36480,Wednesday,0,0,pre-Holi,2,0,0,22.0
2025-03-12,Station Road,Ghewar,Sweet,5,500,2500,Wednesday,0,0,pre-Holi,2,0,0,22.0
2025-03-12,Station Road,Gajak,Sweet,24,320,7680,Wednesday,0,0,pre-Holi,2,0,0,22.0
2025-03-12,Station Road,Soan Papdi,Sweet,63,300,18900,Wednesday,0,0,pre-Holi,2,0,0,22.0
2025-03-12,Station Road,Bikaneri Bhujia,Namkeen,224,360,80640,Wednesday,0,0,pre-Holi,2,0,0,22.0
2025-03-12,Station Road,Aloo Bhujia,Namkeen,103,300,30900,Wednesday,0,0,pre-Holi,2,0,0,22.0
2025-03-13,Station Road,Rasgulla,Sweet,172,280,48160,Thursday,0,0,pre-Holi,1,0,0,21.9
2025-03-13,Station Road,Gulab Jamun,Sweet,189,300,56700,Thursday,0,0,pre-Holi,1,0,0,21.9
2025-03-13,Station Road,Kaju Katli,Sweet,109,900,98100,Thursday,0,0,pre-Holi,1,0,0,21.9
2025-03-13,Station Road,Besan Barfi,Sweet,97,420,40740,Thursday,0,0,pre-Holi,1,0,0,21.9
2025-03-13,Station Road,Motichoor Laddu,Sweet,121,380,45980,Thursday,0,0,pre-Holi,1,0,0,21.9
2025-03-13,Station Road,Ghewar,Sweet,8,450,3600,Thursday,0,0,pre-Holi,1,0,1,21.9
2025-03-13,Station Road,Gajak,Sweet,18,320,5760,Thursday,0,0,pre-Holi,1,0,0,21.9
2025-03-13,Station Road,Soan Papdi,Sweet,55,300,16500,Thursday,0,0,pre-Holi,1,0,0,21.9
2025-03-13,Station Road,Bikaneri Bhujia,Namkeen,227,360,81720,Thursday,0,0,pre-Holi,1,0,0,21.9
2025-03-13,Station Road,Aloo Bhujia,Namkeen,136,270,36720,Thursday,0,0,pre-Holi,1,0,1,21.9
2025-03-14,Station Road,Rasgulla,Sweet,329,280,92120,Friday,0,1,Holi,0,0,0,25.5
2025-03-14,Station Road,Gulab Jamun,Sweet,409,300,122700,Friday,0,1,Holi,0,0,0,25.5
2025-03-14,Station Road,Kaju Katli,Sweet,262,900,235800,Friday,0,1,Holi,0,0,0,25.5
2025-03-14,Station Road,Besan Barfi,Sweet,286,420,120120,Friday,0,1,Holi,0,0,0,25.5
2025-03-14,Station Road,Motichoor Laddu,Sweet,272,380,103360,Friday,0,1,Holi,0,0,0,25.5
2025-03-14,Station Road,Ghewar,Sweet,4,500,2000,Friday,0,1,Holi,0,0,0,25.5
2025-03-14,Station Road,Gajak,Sweet,44,320,14080,Friday,0,1,Holi,0,0,0,25.5
2025-03-14,Station Road,Soan Papdi,Sweet,161,300,48300,Friday,0,1,Holi,0,0,0,25.5
2025-03-14,Station Road,Bikaneri Bhujia,Namkeen,539,360,194040,Friday,0,1,Holi,0,0,0,25.5
2025-03-14,Station Road,Aloo Bhujia,Namkeen,215,300,64500,Friday,0,1,Holi,0,0,0,25.5
2025-03-15,Station Road,Rasgulla,Sweet,69,280,19320,Saturday,1,0,None,60,0,0,26.5
2025-03-15,Station Road,Gulab Jamun,Sweet,70,300,21000,Saturday,1,0,None,60,0,0,26.5
2025-03-15,Station Road,Kaju Katli,Sweet,45,900,40500,Saturday,1,0,None,60,0,0,26.5
2025-03-15,Station Road,Besan Barfi,Sweet,40,420,16800,Saturday,1,0,None,60,0,0,26.5
2025-03-15,Station Road,Motichoor Laddu,Sweet,39,380,14820,Saturday,1,0,None,60,0,0,26.5
2025-03-15,Station Road,Ghewar,Sweet,1,500,500,Saturday,1,0,None,60,0,0,26.5
2025-03-15,Station Road,Gajak,Sweet,10,320,3200,Saturday,1,0,None,60,0,0,26.5
2025-03-15,Station Road,Soan Papdi,Sweet,28,300,8400,Saturday,1,0,None,60,0,0,26.5
2025-03-15,Station Road,Bikaneri Bhujia,Namkeen,124,360,44640,Saturday,1,0,None,60,0,0,26.5
2025-03-15,Station Road,Aloo Bhujia,Namkeen,61,300,18300,Saturday,1,0,None,60,0,0,26.5
2025-03-16,Station Road,Rasgulla,Sweet,63,280,17640,Sunday,1,0,None,60,0,0,27.4
2025-03-16,Station Road,Gulab Jamun,Sweet,94,300,28200,Sunday,1,0,None,60,0,0,27.4
2025-03-16,Station Road,Kaju Katli,Sweet,46,900,41400,Sunday,1,0,None,60,0,0,27.4
2025-03-16,Station Road,Besan Barfi,Sweet,41,420,17220,Sunday,1,0,None,60,0,0,27.4
2025-03-16,Station Road,Motichoor Laddu,Sweet,48,380,18240,Sunday,1,0,None,60,0,0,27.4
2025-03-16,Station Road,Ghewar,Sweet,1,500,500,Sunday,1,0,None,60,0,0,27.4
2025-03-16,Station Road,Gajak,Sweet,15,320,4800,Sunday,1,0,None,60,0,0,27.4
2025-03-16,Station Road,Soan Papdi,Sweet,39,300,11700,Sunday,1,0,None,60,0,0,27.4
2025-03-16,Station Road,Bikaneri Bhujia,Namkeen,139,360,50040,Sunday,1,0,None,60,0,0,27.4
2025-03-16,Station Road,Aloo Bhujia,Namkeen,68,300,20400,Sunday,1,0,None,60,0,0,27.4
2025-03-17,Station Road,Rasgulla,Sweet,46,280,12880,Monday,0,0,None,60,0,0,24.4
2025-03-17,Station Road,Gulab Jamun,Sweet,51,300,15300,Monday,0,0,None,60,0,0,24.4
2025-03-17,Station Road,Kaju Katli,Sweet,26,900,23400,Monday,0,0,None,60,0,0,24.4
2025-03-17,Station Road,Besan Barfi,Sweet,40,420,16800,Monday,0,0,None,60,0,0,24.4
2025-03-17,Station Road,Motichoor Laddu,Sweet,29,380,11020,Monday,0,0,None,60,0,0,24.4
2025-03-17,Station Road,Ghewar,Sweet,2,500,1000,Monday,0,0,None,60,0,0,24.4
2025-03-17,Station Road,Gajak,Sweet,11,320,3520,Monday,0,0,None,60,0,0,24.4
2025-03-17,Station Road,Soan Papdi,Sweet,14,300,4200,Monday,0,0,None,60,0,0,24.4
2025-03-17,Station Road,Bikaneri Bhujia,Namkeen,85,360,30600,Monday,0,0,None,60,0,0,24.4
2025-03-17,Station Road,Aloo Bhujia,Namkeen,45,300,13500,Monday,0,0,None,60,0,0,24.4
2025-03-18,Station Road,Rasgulla,Sweet,55,280,15400,Tuesday,0,0,None,60,0,0,25.9
2025-03-18,Station Road,Gulab Jamun,Sweet,57,300,17100,Tuesday,0,0,None,60,0,0,25.9
2025-03-18,Station Road,Kaju Katli,Sweet,20,900,18000,Tuesday,0,0,None,60,0,0,25.9
2025-03-18,Station Road,Besan Barfi,Sweet,37,420,15540,Tuesday,0,0,None,60,0,0,25.9
2025-03-18,Station Road,Motichoor Laddu,Sweet,28,380,10640,Tuesday,0,0,None,60,0,0,25.9
2025-03-18,Station Road,Ghewar,Sweet,1,500,500,Tuesday,0,0,None,60,0,0,25.9
2025-03-18,Station Road,Gajak,Sweet,5,320,1600,Tuesday,0,0,None,60,0,0,25.9
2025-03-18,Station Road,Soan Papdi,Sweet,25,300,7500,Tuesday,0,0,None,60,0,0,25.9
2025-03-18,Station Road,Bikaneri Bhujia,Namkeen,99,360,35640,Tuesday,0,0,None,60,0,0,25.9
2025-03-18,Station Road,Aloo Bhujia,Namkeen,51,300,15300,Tuesday,0,0,None,60,0,0,25.9
2025-03-19,Station Road,Rasgulla,Sweet,48,280,13440,Wednesday,0,0,None,60,0,0,25.6
2025-03-19,Station Road,Gulab Jamun,Sweet,48,300,14400,Wednesday,0,0,None,60,0,0,25.6
2025-03-19,Station Road,Kaju Katli,Sweet,27,900,24300,Wednesday,0,0,None,60,0,0,25.6
2025-03-19,Station Road,Besan Barfi,Sweet,30,420,12600,Wednesday,0,0,None,60,0,0,25.6
2025-03-19,Station Road,Motichoor Laddu,Sweet,28,380,10640,Wednesday,0,0,None,60,0,0,25.6
2025-03-19,Station Road,Ghewar,Sweet,2,500,1000,Wednesday,0,0,None,60,0,0,25.6
2025-03-19,Station Road,Gajak,Sweet,8,320,2560,Wednesday,0,0,None,60,0,0,25.6
2025-03-19,Station Road,Soan Papdi,Sweet,20,300,6000,Wednesday,0,0,None,60,0,0,25.6
2025-03-19,Station Road,Bikaneri Bhujia,Namkeen,88,360,31680,Wednesday,0,0,None,60,0,0,25.6
2025-03-19,Station Road,Aloo Bhujia,Namkeen,45,300,13500,Wednesday,0,0,None,60,0,0,25.6
2025-03-20,Station Road,Rasgulla,Sweet,63,280,17640,Thursday,0,0,None,60,0,0,24.9
2025-03-20,Station Road,Gulab Jamun,Sweet,60,300,18000,Thursday,0,0,None,60,0,0,24.9
2025-03-20,Station Road,Kaju Katli,Sweet,25,900,22500,Thursday,0,0,None,60,0,0,24.9
2025-03-20,Station Road,Besan Barfi,Sweet,41,420,17220,Thursday,0,0,None,60,0,0,24.9
2025-03-20,Station Road,Motichoor Laddu,Sweet,45,342,15390,Thursday,0,0,None,60,0,1,24.9
2025-03-20,Station Road,Ghewar,Sweet,1,500,500,Thursday,0,0,None,60,0,0,24.9
2025-03-20,Station Road,Gajak,Sweet,11,320,3520,Thursday,0,0,None,60,0,0,24.9
2025-03-20,Station Road,Soan Papdi,Sweet,23,300,6900,Thursday,0,0,None,60,0,0,24.9
2025-03-20,Station Road,Bikaneri Bhujia,Namkeen,106,360,38160,Thursday,0,0,None,60,0,0,24.9
2025-03-20,Station Road,Aloo Bhujia,Namkeen,48,300,14400,Thursday,0,0,None,60,0,0,24.9
2025-03-21,Station Road,Rasgulla,Sweet,62,280,17360,Friday,0,0,None,60,0,0,22.6
2025-03-21,Station Road,Gulab Jamun,Sweet,56,300,16800,Friday,0,0,None,60,0,0,22.6
2025-03-21,Station Road,Kaju Katli,Sweet,36,900,32400,Friday,0,0,None,60,0,0,22.6
2025-03-21,Station Road,Besan Barfi,Sweet,43,420,18060,Friday,0,0,None,60,0,0,22.6
2025-03-21,Station Road,Motichoor Laddu,Sweet,27,380,10260,Friday,0,0,None,60,0,0,22.6
2025-03-21,Station Road,Ghewar,Sweet,0,500,0,Friday,0,0,None,60,0,0,22.6
2025-03-21,Station Road,Gajak,Sweet,17,320,5440,Friday,0,0,None,60,0,0,22.6
2025-03-21,Station Road,Soan Papdi,Sweet,21,300,6300,Friday,0,0,None,60,0,0,22.6
2025-03-21,Station Road,Bikaneri Bhujia,Namkeen,111,360,39960,Friday,0,0,None,60,0,0,22.6
2025-03-21,Station Road,Aloo Bhujia,Namkeen,56,300,16800,Friday,0,0,None,60,0,0,22.6
2025-03-22,Station Road,Rasgulla,Sweet,67,280,18760,Saturday,1,0,None,60,0,0,29.7
2025-03-22,Station Road,Gulab Jamun,Sweet,89,300,26700,Saturday,1,0,None,60,0,0,29.7
2025-03-22,Station Road,Kaju Katli,Sweet,45,900,40500,Saturday,1,0,None,60,0,0,29.7
2025-03-22,Station Road,Besan Barfi,Sweet,43,420,18060,Saturday,1,0,None,60,0,0,29.7
2025-03-22,Station Road,Motichoor Laddu,Sweet,40,380,15200,Saturday,1,0,None,60,0,0,29.7
2025-03-22,Station Road,Ghewar,Sweet,3,500,1500,Saturday,1,0,None,60,0,0,29.7
2025-03-22,Station Road,Gajak,Sweet,20,320,6400,Saturday,1,0,None,60,0,0,29.7
2025-03-22,Station Road,Soan Papdi,Sweet,30,300,9000,Saturday,1,0,None,60,0,0,29.7
2025-03-22,Station Road,Bikaneri Bhujia,Namkeen,136,360,48960,Saturday,1,0,None,60,0,0,29.7
2025-03-22,Station Road,Aloo Bhujia,Namkeen,77,300,23100,Saturday,1,0,None,60,0,0,29.7
2025-03-23,Station Road,Rasgulla,Sweet,71,280,19880,Sunday,1,0,None,60,0,0,24.7
2025-03-23,Station Road,Gulab Jamun,Sweet,81,300,24300,Sunday,1,0,None,60,0,0,24.7
2025-03-23,Station Road,Kaju Katli,Sweet,39,900,35100,Sunday,1,0,None,60,0,0,24.7
2025-03-23,Station Road,Besan Barfi,Sweet,51,420,21420,Sunday,1,0,None,60,0,0,24.7
2025-03-23,Station Road,Motichoor Laddu,Sweet,50,380,19000,Sunday,1,0,None,60,0,0,24.7
2025-03-23,Station Road,Ghewar,Sweet,1,500,500,Sunday,1,0,None,60,0,0,24.7
2025-03-23,Station Road,Gajak,Sweet,12,320,3840,Sunday,1,0,None,60,0,0,24.7
2025-03-23,Station Road,Soan Papdi,Sweet,32,300,9600,Sunday,1,0,None,60,0,0,24.7
2025-03-23,Station Road,Bikaneri Bhujia,Namkeen,151,324,48924,Sunday,1,0,None,60,0,1,24.7
2025-03-23,Station Road,Aloo Bhujia,Namkeen,80,270,21600,Sunday,1,0,None,60,0,1,24.7
2025-03-24,Station Road,Rasgulla,Sweet,54,280,15120,Monday,0,0,None,60,0,0,30.1
2025-03-24,Station Road,Gulab Jamun,Sweet,48,300,14400,Monday,0,0,None,60,0,0,30.1
2025-03-24,Station Road,Kaju Katli,Sweet,22,900,19800,Monday,0,0,None,60,0,0,30.1
2025-03-24,Station Road,Besan Barfi,Sweet,32,420,13440,Monday,0,0,None,60,0,0,30.1
2025-03-24,Station Road,Motichoor Laddu,Sweet,27,380,10260,Monday,0,0,None,60,0,0,30.1
2025-03-24,Station Road,Ghewar,Sweet,2,500,1000,Monday,0,0,None,60,0,0,30.1
2025-03-24,Station Road,Gajak,Sweet,5,320,1600,Monday,0,0,None,60,0,0,30.1
2025-03-24,Station Road,Soan Papdi,Sweet,18,300,5400,Monday,0,0,None,60,0,0,30.1
2025-03-24,Station Road,Bikaneri Bhujia,Namkeen,93,360,33480,Monday,0,0,None,60,0,0,30.1
2025-03-24,Station Road,Aloo Bhujia,Namkeen,40,300,12000,Monday,0,0,None,60,0,0,30.1
2025-03-25,Station Road,Rasgulla,Sweet,61,280,17080,Tuesday,0,0,pre-Gangaur,60,0,0,30.5
2025-03-25,Station Road,Gulab Jamun,Sweet,59,300,17700,Tuesday,0,0,pre-Gangaur,60,0,0,30.5
2025-03-25,Station Road,Kaju Katli,Sweet,37,900,33300,Tuesday,0,0,pre-Gangaur,60,0,0,30.5
2025-03-25,Station Road,Besan Barfi,Sweet,53,420,22260,Tuesday,0,0,pre-Gangaur,60,0,0,30.5
2025-03-25,Station Road,Motichoor Laddu,Sweet,40,380,15200,Tuesday,0,0,pre-Gangaur,60,0,0,30.5
2025-03-25,Station Road,Ghewar,Sweet,0,500,0,Tuesday,0,0,pre-Gangaur,60,0,0,30.5
2025-03-25,Station Road,Gajak,Sweet,10,320,3200,Tuesday,0,0,pre-Gangaur,60,0,0,30.5
2025-03-25,Station Road,Soan Papdi,Sweet,20,300,6000,Tuesday,0,0,pre-Gangaur,60,0,0,30.5
2025-03-25,Station Road,Bikaneri Bhujia,Namkeen,102,360,36720,Tuesday,0,0,pre-Gangaur,60,0,0,30.5
2025-03-25,Station Road,Aloo Bhujia,Namkeen,51,300,15300,Tuesday,0,0,pre-Gangaur,60,0,0,30.5
2025-03-26,Station Road,Rasgulla,Sweet,69,280,19320,Wednesday,0,0,pre-Gangaur,60,0,0,22.2
2025-03-26,Station Road,Gulab Jamun,Sweet,75,300,22500,Wednesday,0,0,pre-Gangaur,60,0,0,22.2
2025-03-26,Station Road,Kaju Katli,Sweet,54,900,48600,Wednesday,0,0,pre-Gangaur,60,0,0,22.2
2025-03-26,Station Road,Besan Barfi,Sweet,45,420,18900,Wednesday,0,0,pre-Gangaur,60,0,0,22.2
2025-03-26,Station Road,Motichoor Laddu,Sweet,57,380,21660,Wednesday,0,0,pre-Gangaur,60,0,0,22.2
2025-03-26,Station Road,Ghewar,Sweet,1,500,500,Wednesday,0,0,pre-Gangaur,60,0,0,22.2
2025-03-26,Station Road,Gajak,Sweet,14,320,4480,Wednesday,0,0,pre-Gangaur,60,0,0,22.2
2025-03-26,Station Road,Soan Papdi,Sweet,32,300,9600,Wednesday,0,0,pre-Gangaur,60,0,0,22.2
2025-03-26,Station Road,Bikaneri Bhujia,Namkeen,113,360,40680,Wednesday,0,0,pre-Gangaur,60,0,0,22.2
2025-03-26,Station Road,Aloo Bhujia,Namkeen,56,300,16800,Wednesday,0,0,pre-Gangaur,60,0,0,22.2
2025-03-27,Station Road,Rasgulla,Sweet,78,280,21840,Thursday,0,0,pre-Gangaur,60,0,0,27.9
2025-03-27,Station Road,Gulab Jamun,Sweet,114,300,34200,Thursday,0,0,pre-Gangaur,60,0,0,27.9
2025-03-27,Station Road,Kaju Katli,Sweet,51,900,45900,Thursday,0,0,pre-Gangaur,60,0,0,27.9
2025-03-27,Station Road,Besan Barfi,Sweet,65,420,27300,Thursday,0,0,pre-Gangaur,60,0,0,27.9
2025-03-27,Station Road,Motichoor Laddu,Sweet,54,380,20520,Thursday,0,0,pre-Gangaur,60,0,0,27.9
2025-03-27,Station Road,Ghewar,Sweet,5,500,2500,Thursday,0,0,pre-Gangaur,60,0,0,27.9
2025-03-27,Station Road,Gajak,Sweet,11,320,3520,Thursday,0,0,pre-Gangaur,60,0,0,27.9
2025-03-27,Station Road,Soan Papdi,Sweet,34,300,10200,Thursday,0,0,pre-Gangaur,60,0,0,27.9
2025-03-27,Station Road,Bikaneri Bhujia,Namkeen,127,360,45720,Thursday,0,0,pre-Gangaur,60,0,0,27.9
2025-03-27,Station Road,Aloo Bhujia,Namkeen,70,300,21000,Thursday,0,0,pre-Gangaur,60,0,0,27.9
2025-03-28,Station Road,Rasgulla,Sweet,135,280,37800,Friday,0,0,pre-Gangaur,60,0,0,27.2
2025-03-28,Station Road,Gulab Jamun,Sweet,138,300,41400,Friday,0,0,pre-Gangaur,60,0,0,27.2
2025-03-28,Station Road,Kaju Katli,Sweet,66,900,59400,Friday,0,0,pre-Gangaur,60,0,0,27.2
2025-03-28,Station Road,Besan Barfi,Sweet,87,420,36540,Friday,0,0,pre-Gangaur,60,0,0,27.2
2025-03-28,Station Road,Motichoor Laddu,Sweet,88,380,33440,Friday,0,0,pre-Gangaur,60,0,0,27.2
2025-03-28,Station Road,Ghewar,Sweet,2,500,1000,Friday,0,0,pre-Gangaur,60,0,0,27.2
2025-03-28,Station Road,Gajak,Sweet,11,320,3520,Friday,0,0,pre-Gangaur,60,0,0,27.2
2025-03-28,Station Road,Soan Papdi,Sweet,52,300,15600,Friday,0,0,pre-Gangaur,60,0,0,27.2
2025-03-28,Station Road,Bikaneri Bhujia,Namkeen,171,360,61560,Friday,0,0,pre-Gangaur,60,0,0,27.2
2025-03-28,Station Road,Aloo Bhujia,Namkeen,91,300,27300,Friday,0,0,pre-Gangaur,60,0,0,27.2
2025-03-29,Station Road,Rasgulla,Sweet,127,280,35560,Saturday,1,0,pre-Gangaur,60,0,0,28.8
2025-03-29,Station Road,Gulab Jamun,Sweet,159,300,47700,Saturday,1,0,pre-Gangaur,60,0,0,28.8
2025-03-29,Station Road,Kaju Katli,Sweet,84,900,75600,Saturday,1,0,pre-Gangaur,60,0,0,28.8
2025-03-29,Station Road,Besan Barfi,Sweet,114,420,47880,Saturday,1,0,pre-Gangaur,60,0,0,28.8
2025-03-29,Station Road,Motichoor Laddu,Sweet,101,380,38380,Saturday,1,0,pre-Gangaur,60,0,0,28.8
2025-03-29,Station Road,Ghewar,Sweet,8,500,4000,Saturday,1,0,pre-Gangaur,60,0,0,28.8
2025-03-29,Station Road,Gajak,Sweet,23,320,7360,Saturday,1,0,pre-Gangaur,60,0,0,28.8
2025-03-29,Station Road,Soan Papdi,Sweet,63,300,18900,Saturday,1,0,pre-Gangaur,60,0,0,28.8
2025-03-29,Station Road,Bikaneri Bhujia,Namkeen,218,360,78480,Saturday,1,0,pre-Gangaur,60,0,0,28.8
2025-03-29,Station Road,Aloo Bhujia,Namkeen,96,300,28800,Saturday,1,0,pre-Gangaur,60,0,0,28.8
2025-03-30,Station Road,Rasgulla,Sweet,179,280,50120,Sunday,1,0,pre-Gangaur,60,0,0,24.4
2025-03-30,Station Road,Gulab Jamun,Sweet,206,300,61800,Sunday,1,0,pre-Gangaur,60,0,0,24.4
2025-03-30,Station Road,Kaju Katli,Sweet,98,900,88200,Sunday,1,0,pre-Gangaur,60,0,0,24.4
2025-03-30,Station Road,Besan Barfi,Sweet,131,420,55020,Sunday,1,0,pre-Gangaur,60,0,0,24.4
2025-03-30,Station Road,Motichoor Laddu,Sweet,138,380,52440,Sunday,1,0,pre-Gangaur,60,0,0,24.4
2025-03-30,Station Road,Ghewar,Sweet,5,500,2500,Sunday,1,0,pre-Gangaur,60,0,0,24.4
2025-03-30,Station Road,Gajak,Sweet,31,320,9920,Sunday,1,0,pre-Gangaur,60,0,0,24.4
2025-03-30,Station Road,Soan Papdi,Sweet,76,300,22800,Sunday,1,0,pre-Gangaur,60,0,0,24.4
2025-03-30,Station Road,Bikaneri Bhujia,Namkeen,256,360,92160,Sunday,1,0,pre-Gangaur,60,0,0,24.4
2025-03-30,Station Road,Aloo Bhujia,Namkeen,139,300,41700,Sunday,1,0,pre-Gangaur,60,0,0,24.4
2025-03-31,Station Road,Rasgulla,Sweet,180,280,50400,Monday,0,1,Gangaur,60,0,0,28.7
2025-03-31,Station Road,Gulab Jamun,Sweet,247,300,74100,Monday,0,1,Gangaur,60,0,0,28.7
2025-03-31,Station Road,Kaju Katli,Sweet,154,900,138600,Monday,0,1,Gangaur,60,0,0,28.7
2025-03-31,Station Road,Besan Barfi,Sweet,138,420,57960,Monday,0,1,Gangaur,60,0,0,28.7
2025-03-31,Station Road,Motichoor Laddu,Sweet,140,380,53200,Monday,0,1,Gangaur,60,0,0,28.7
2025-03-31,Station Road,Ghewar,Sweet,3,500,1500,Monday,0,1,Gangaur,60,0,0,28.7
2025-03-31,Station Road,Gajak,Sweet,19,320,6080,Monday,0,1,Gangaur,60,0,0,28.7
2025-03-31,Station Road,Soan Papdi,Sweet,87,300,26100,Monday,0,1,Gangaur,60,0,0,28.7
2025-03-31,Station Road,Bikaneri Bhujia,Namkeen,308,360,110880,Monday,0,1,Gangaur,60,0,0,28.7
2025-03-31,Station Road,Aloo Bhujia,Namkeen,146,300,43800,Monday,0,1,Gangaur,60,0,0,28.7
2025-04-01,Station Road,Rasgulla,Sweet,58,252,14616,Tuesday,0,0,None,60,1,1,30.4
2025-04-01,Station Road,Gulab Jamun,Sweet,46,300,13800,Tuesday,0,0,None,60,1,0,30.4
2025-04-01,Station Road,Kaju Katli,Sweet,31,900,27900,Tuesday,0,0,None,60,1,0,30.4
2025-04-01,Station Road,Besan Barfi,Sweet,47,420,19740,Tuesday,0,0,None,60,1,0,30.4
2025-04-01,Station Road,Motichoor Laddu,Sweet,39,380,14820,Tuesday,0,0,None,60,1,0,30.4
2025-04-01,Station Road,Ghewar,Sweet,1,500,500,Tuesday,0,0,None,60,1,0,30.4
2025-04-01,Station Road,Gajak,Sweet,2,320,640,Tuesday,0,0,None,60,1,0,30.4
2025-04-01,Station Road,Soan Papdi,Sweet,28,300,8400,Tuesday,0,0,None,60,1,0,30.4
2025-04-01,Station Road,Bikaneri Bhujia,Namkeen,124,360,44640,Tuesday,0,0,None,60,1,0,30.4
2025-04-01,Station Road,Aloo Bhujia,Namkeen,67,300,20100,Tuesday,0,0,None,60,1,0,30.4
2025-04-02,Station Road,Rasgulla,Sweet,49,280,13720,Wednesday,0,0,None,60,1,0,32.2
2025-04-02,Station Road,Gulab Jamun,Sweet,69,300,20700,Wednesday,0,0,None,60,1,0,32.2
2025-04-02,Station Road,Kaju Katli,Sweet,27,900,24300,Wednesday,0,0,None,60,1,0,32.2
2025-04-02,Station Road,Besan Barfi,Sweet,50,420,21000,Wednesday,0,0,None,60,1,0,32.2
2025-04-02,Station Road,Motichoor Laddu,Sweet,43,380,16340,Wednesday,0,0,None,60,1,0,32.2
2025-04-02,Station Road,Ghewar,Sweet,3,500,1500,Wednesday,0,0,None,60,1,0,32.2
2025-04-02,Station Road,Gajak,Sweet,2,320,640,Wednesday,0,0,None,60,1,0,32.2
2025-04-02,Station Road,Soan Papdi,Sweet,27,300,8100,Wednesday,0,0,None,60,1,0,32.2
2025-04-02,Station Road,Bikaneri Bhujia,Namkeen,109,360,39240,Wednesday,0,0,None,60,1,0,32.2
2025-04-02,Station Road,Aloo Bhujia,Namkeen,50,300,15000,Wednesday,0,0,None,60,1,0,32.2
2025-04-03,Station Road,Rasgulla,Sweet,46,280,12880,Thursday,0,0,None,60,1,0,33.3
2025-04-03,Station Road,Gulab Jamun,Sweet,63,300,18900,Thursday,0,0,None,60,1,0,33.3
2025-04-03,Station Road,Kaju Katli,Sweet,43,900,38700,Thursday,0,0,None,60,1,0,33.3
2025-04-03,Station Road,Besan Barfi,Sweet,44,420,18480,Thursday,0,0,None,60,1,0,33.3
2025-04-03,Station Road,Motichoor Laddu,Sweet,50,380,19000,Thursday,0,0,None,60,1,0,33.3
2025-04-03,Station Road,Ghewar,Sweet,1,500,500,Thursday,0,0,None,60,1,0,33.3
2025-04-03,Station Road,Gajak,Sweet,2,320,640,Thursday,0,0,None,60,1,0,33.3
2025-04-03,Station Road,Soan Papdi,Sweet,19,300,5700,Thursday,0,0,None,60,1,0,33.3
2025-04-03,Station Road,Bikaneri Bhujia,Namkeen,127,360,45720,Thursday,0,0,None,60,1,0,33.3
2025-04-03,Station Road,Aloo Bhujia,Namkeen,54,300,16200,Thursday,0,0,None,60,1,0,33.3
2025-04-04,Station Road,Rasgulla,Sweet,48,280,13440,Friday,0,0,None,60,1,0,34.0
2025-04-04,Station Road,Gulab Jamun,Sweet,82,270,22140,Friday,0,0,None,60,1,1,34.0
2025-04-04,Station Road,Kaju Katli,Sweet,42,900,37800,Friday,0,0,None,60,1,0,34.0
2025-04-04,Station Road,Besan Barfi,Sweet,55,420,23100,Friday,0,0,None,60,1,0,34.0
2025-04-04,Station Road,Motichoor Laddu,Sweet,47,380,17860,Friday,0,0,None,60,1,0,34.0
2025-04-04,Station Road,Ghewar,Sweet,0,500,0,Friday,0,0,None,60,1,0,34.0
2025-04-04,Station Road,Gajak,Sweet,2,320,640,Friday,0,0,None,60,1,0,34.0
2025-04-04,Station Road,Soan Papdi,Sweet,38,300,11400,Friday,0,0,None,60,1,0,34.0
2025-04-04,Station Road,Bikaneri Bhujia,Namkeen,132,360,47520,Friday,0,0,None,60,1,0,34.0
2025-04-04,Station Road,Aloo Bhujia,Namkeen,46,300,13800,Friday,0,0,None,60,1,0,34.0
2025-04-05,Station Road,Rasgulla,Sweet,65,280,18200,Saturday,1,0,None,60,1,0,30.0
2025-04-05,Station Road,Gulab Jamun,Sweet,71,300,21300,Saturday,1,0,None,60,1,0,30.0
2025-04-05,Station Road,Kaju Katli,Sweet,40,900,36000,Saturday,1,0,None,60,1,0,30.0
2025-04-05,Station Road,Besan Barfi,Sweet,56,420,23520,Saturday,1,0,None,60,1,0,30.0
2025-04-05,Station Road,Motichoor Laddu,Sweet,53,380,20140,Saturday,1,0,None,60,1,0,30.0
2025-04-05,Station Road,Ghewar,Sweet,3,450,1350,Saturday,1,0,None,60,1,1,30.0
2025-04-05,Station Road,Gajak,Sweet,4,320,1280,Saturday,1,0,None,60,1,0,30.0
2025-04-05,Station Road,Soan Papdi,Sweet,33,300,9900,Saturday,1,0,None,60,1,0,30.0
2025-04-05,Station Road,Bikaneri Bhujia,Namkeen,166,360,59760,Saturday,1,0,None,60,1,0,30.0
2025-04-05,Station Road,Aloo Bhujia,Namkeen,65,300,19500,Saturday,1,0,None,60,1,0,30.0
2025-04-06,Station Road,Rasgulla,Sweet,58,280,16240,Sunday,1,0,None,60,1,0,35.8
2025-04-06,Station Road,Gulab Jamun,Sweet,86,300,25800,Sunday,1,0,None,60,1,0,35.8
2025-04-06,Station Road,Kaju Katli,Sweet,53,900,47700,Sunday,1,0,None,60,1,0,35.8
2025-04-06,Station Road,Besan Barfi,Sweet,71,420,29820,Sunday,1,0,None,60,1,0,35.8
2025-04-06,Station Road,Motichoor Laddu,Sweet,66,380,25080,Sunday,1,0,None,60,1,0,35.8
2025-04-06,Station Road,Ghewar,Sweet,2,500,1000,Sunday,1,0,None,60,1,0,35.8
2025-04-06,Station Road,Gajak,Sweet,1,320,320,Sunday,1,0,None,60,1,0,35.8
2025-04-06,Station Road,Soan Papdi,Sweet,47,300,14100,Sunday,1,0,None,60,1,0,35.8
2025-04-06,Station Road,Bikaneri Bhujia,Namkeen,217,324,70308,Sunday,1,0,None,60,1,1,35.8
2025-04-06,Station Road,Aloo Bhujia,Namkeen,80,300,24000,Sunday,1,0,None,60,1,0,35.8
2025-04-07,Station Road,Rasgulla,Sweet,39,280,10920,Monday,0,0,None,60,1,0,32.2
2025-04-07,Station Road,Gulab Jamun,Sweet,62,300,18600,Monday,0,0,None,60,1,0,32.2
2025-04-07,Station Road,Kaju Katli,Sweet,30,900,27000,Monday,0,0,None,60,1,0,32.2
2025-04-07,Station Road,Besan Barfi,Sweet,42,420,17640,Monday,0,0,None,60,1,0,32.2
2025-04-07,Station Road,Motichoor Laddu,Sweet,38,380,14440,Monday,0,0,None,60,1,0,32.2
2025-04-07,Station Road,Ghewar,Sweet,0,500,0,Monday,0,0,None,60,1,0,32.2
2025-04-07,Station Road,Gajak,Sweet,2,320,640,Monday,0,0,None,60,1,0,32.2
2025-04-07,Station Road,Soan Papdi,Sweet,33,300,9900,Monday,0,0,None,60,1,0,32.2
2025-04-07,Station Road,Bikaneri Bhujia,Namkeen,112,360,40320,Monday,0,0,None,60,1,0,32.2
2025-04-07,Station Road,Aloo Bhujia,Namkeen,49,300,14700,Monday,0,0,None,60,1,0,32.2
2025-04-08,Station Road,Rasgulla,Sweet,40,280,11200,Tuesday,0,0,None,60,1,0,31.8
2025-04-08,Station Road,Gulab Jamun,Sweet,64,300,19200,Tuesday,0,0,None,60,1,0,31.8
2025-04-08,Station Road,Kaju Katli,Sweet,46,900,41400,Tuesday,0,0,None,60,1,0,31.8
2025-04-08,Station Road,Besan Barfi,Sweet,47,420,19740,Tuesday,0,0,None,60,1,0,31.8
2025-04-08,Station Road,Motichoor Laddu,Sweet,44,380,16720,Tuesday,0,0,None,60,1,0,31.8
2025-04-08,Station Road,Ghewar,Sweet,0,500,0,Tuesday,0,0,None,60,1,0,31.8
2025-04-08,Station Road,Gajak,Sweet,1,320,320,Tuesday,0,0,None,60,1,0,31.8
2025-04-08,Station Road,Soan Papdi,Sweet,29,300,8700,Tuesday,0,0,None,60,1,0,31.8
2025-04-08,Station Road,Bikaneri Bhujia,Namkeen,109,360,39240,Tuesday,0,0,None,60,1,0,31.8
2025-04-08,Station Road,Aloo Bhujia,Namkeen,49,300,14700,Tuesday,0,0,None,60,1,0,31.8
2025-04-09,Station Road,Rasgulla,Sweet,36,280,10080,Wednesday,0,0,None,60,1,0,32.9
2025-04-09,Station Road,Gulab Jamun,Sweet,55,300,16500,Wednesday,0,0,None,60,1,0,32.9
2025-04-09,Station Road,Kaju Katli,Sweet,32,900,28800,Wednesday,0,0,None,60,1,0,32.9
2025-04-09,Station Road,Besan Barfi,Sweet,38,420,15960,Wednesday,0,0,None,60,1,0,32.9
2025-04-09,Station Road,Motichoor Laddu,Sweet,44,380,16720,Wednesday,0,0,None,60,1,0,32.9
2025-04-09,Station Road,Ghewar,Sweet,1,500,500,Wednesday,0,0,None,60,1,0,32.9
2025-04-09,Station Road,Gajak,Sweet,4,320,1280,Wednesday,0,0,None,60,1,0,32.9
2025-04-09,Station Road,Soan Papdi,Sweet,28,300,8400,Wednesday,0,0,None,60,1,0,32.9
2025-04-09,Station Road,Bikaneri Bhujia,Namkeen,133,360,47880,Wednesday,0,0,None,60,1,0,32.9
2025-04-09,Station Road,Aloo Bhujia,Namkeen,49,300,14700,Wednesday,0,0,None,60,1,0,32.9
2025-04-10,Station Road,Rasgulla,Sweet,57,280,15960,Thursday,0,0,None,60,1,0,32.7
2025-04-10,Station Road,Gulab Jamun,Sweet,70,300,21000,Thursday,0,0,None,60,1,0,32.7
2025-04-10,Station Road,Kaju Katli,Sweet,50,810,40500,Thursday,0,0,None,60,1,1,32.7
2025-04-10,Station Road,Besan Barfi,Sweet,60,378,22680,Thursday,0,0,None,60,1,1,32.7
2025-04-10,Station Road,Motichoor Laddu,Sweet,39,380,14820,Thursday,0,0,None,60,1,0,32.7
2025-04-10,Station Road,Ghewar,Sweet,0,500,0,Thursday,0,0,None,60,1,0,32.7
2025-04-10,Station Road,Gajak,Sweet,3,320,960,Thursday,0,0,None,60,1,0,32.7
2025-04-10,Station Road,Soan Papdi,Sweet,29,300,8700,Thursday,0,0,None,60,1,0,32.7
2025-04-10,Station Road,Bikaneri Bhujia,Namkeen,137,360,49320,Thursday,0,0,None,60,1,0,32.7
2025-04-10,Station Road,Aloo Bhujia,Namkeen,45,300,13500,Thursday,0,0,None,60,1,0,32.7
2025-04-11,Station Road,Rasgulla,Sweet,63,252,15876,Friday,0,0,None,60,1,1,32.0
2025-04-11,Station Road,Gulab Jamun,Sweet,75,300,22500,Friday,0,0,None,60,1,0,32.0
2025-04-11,Station Road,Kaju Katli,Sweet,38,900,34200,Friday,0,0,None,60,1,0,32.0
2025-04-11,Station Road,Besan Barfi,Sweet,59,420,24780,Friday,0,0,None,60,1,0,32.0
2025-04-11,Station Road,Motichoor Laddu,Sweet,49,380,18620,Friday,0,0,None,60,1,0,32.0
2025-04-11,Station Road,Ghewar,Sweet,4,500,2000,Friday,0,0,None,60,1,0,32.0
2025-04-11,Station Road,Gajak,Sweet,2,320,640,Friday,0,0,None,60,1,0,32.0
2025-04-11,Station Road,Soan Papdi,Sweet,31,300,9300,Friday,0,0,None,60,1,0,32.0
2025-04-11,Station Road,Bikaneri Bhujia,Namkeen,137,360,49320,Friday,0,0,None,60,1,0,32.0
2025-04-11,Station Road,Aloo Bhujia,Namkeen,56,300,16800,Friday,0,0,None,60,1,0,32.0
2025-04-12,Station Road,Rasgulla,Sweet,63,280,17640,Saturday,1,0,None,60,1,0,36.0
2025-04-12,Station Road,Gulab Jamun,Sweet,85,300,25500,Saturday,1,0,None,60,1,0,36.0
2025-04-12,Station Road,Kaju Katli,Sweet,46,900,41400,Saturday,1,0,None,60,1,0,36.0
2025-04-12,Station Road,Besan Barfi,Sweet,68,420,28560,Saturday,1,0,None,60,1,0,36.0
2025-04-12,Station Road,Motichoor Laddu,Sweet,64,380,24320,Saturday,1,0,None,60,1,0,36.0
2025-04-12,Station Road,Ghewar,Sweet,0,500,0,Saturday,1,0,None,60,1,0,36.0
2025-04-12,Station Road,Gajak,Sweet,0,320,0,Saturday,1,0,None,60,1,0,36.0
2025-04-12,Station Road,Soan Papdi,Sweet,35,300,10500,Saturday,1,0,None,60,1,0,36.0
2025-04-12,Station Road,Bikaneri Bhujia,Namkeen,172,360,61920,Saturday,1,0,None,60,1,0,36.0
2025-04-12,Station Road,Aloo Bhujia,Namkeen,55,300,16500,Saturday,1,0,None,60,1,0,36.0
2025-04-13,Station Road,Rasgulla,Sweet,68,280,19040,Sunday,1,0,None,60,1,0,34.5
2025-04-13,Station Road,Gulab Jamun,Sweet,94,300,28200,Sunday,1,0,None,60,1,0,34.5
2025-04-13,Station Road,Kaju Katli,Sweet,57,900,51300,Sunday,1,0,None,60,1,0,34.5
2025-04-13,Station Road,Besan Barfi,Sweet,63,420,26460,Sunday,1,0,None,60,1,0,34.5
2025-04-13,Station Road,Motichoor Laddu,Sweet,74,342,25308,Sunday,1,0,None,60,1,1,34.5
2025-04-13,Station Road,Ghewar,Sweet,1,500,500,Sunday,1,0,None,60,1,0,34.5
2025-04-13,Station Road,Gajak,Sweet,1,288,288,Sunday,1,0,None,60,1,1,34.5
2025-04-13,Station Road,Soan Papdi,Sweet,50,300,15000,Sunday,1,0,None,60,1,0,34.5
2025-04-13,Station Road,Bikaneri Bhujia,Namkeen,187,360,67320,Sunday,1,0,None,60,1,0,34.5
2025-04-13,Station Road,Aloo Bhujia,Namkeen,64,300,19200,Sunday,1,0,None,60,1,0,34.5
2025-04-14,Station Road,Rasgulla,Sweet,29,280,8120,Monday,0,0,None,60,1,0,30.7
2025-04-14,Station Road,Gulab Jamun,Sweet,47,300,14100,Monday,0,0,None,60,1,0,30.7
2025-04-14,Station Road,Kaju Katli,Sweet,40,900,36000,Monday,0,0,None,60,1,0,30.7
2025-04-14,Station Road,Besan Barfi,Sweet,44,420,18480,Monday,0,0,None,60,1,0,30.7
2025-04-14,Station Road,Motichoor Laddu,Sweet,40,380,15200,Monday,0,0,None,60,1,0,30.7
2025-04-14,Station Road,Ghewar,Sweet,5,500,2500,Monday,0,0,None,60,1,0,30.7
2025-04-14,Station Road,Gajak,Sweet,5,320,1600,Monday,0,0,None,60,1,0,30.7
2025-04-14,Station Road,Soan Papdi,Sweet,27,300,8100,Monday,0,0,None,60,1,0,30.7
2025-04-14,Station Road,Bikaneri Bhujia,Namkeen,106,360,38160,Monday,0,0,None,60,1,0,30.7
2025-04-14,Station Road,Aloo Bhujia,Namkeen,60,300,18000,Monday,0,0,None,60,1,0,30.7
2025-04-15,Station Road,Rasgulla,Sweet,41,280,11480,Tuesday,0,0,None,60,1,0,33.3
2025-04-15,Station Road,Gulab Jamun,Sweet,53,300,15900,Tuesday,0,0,None,60,1,0,33.3
2025-04-15,Station Road,Kaju Katli,Sweet,37,900,33300,Tuesday,0,0,None,60,1,0,33.3
2025-04-15,Station Road,Besan Barfi,Sweet,42,420,17640,Tuesday,0,0,None,60,1,0,33.3
2025-04-15,Station Road,Motichoor Laddu,Sweet,40,380,15200,Tuesday,0,0,None,60,1,0,33.3
2025-04-15,Station Road,Ghewar,Sweet,5,500,2500,Tuesday,0,0,None,60,1,0,33.3
2025-04-15,Station Road,Gajak,Sweet,0,320,0,Tuesday,0,0,None,60,1,0,33.3
2025-04-15,Station Road,Soan Papdi,Sweet,19,300,5700,Tuesday,0,0,None,60,1,0,33.3
2025-04-15,Station Road,Bikaneri Bhujia,Namkeen,95,360,34200,Tuesday,0,0,None,60,1,0,33.3
2025-04-15,Station Road,Aloo Bhujia,Namkeen,43,300,12900,Tuesday,0,0,None,60,1,0,33.3
2025-04-16,Station Road,Rasgulla,Sweet,36,280,10080,Wednesday,0,0,None,60,1,0,32.8
2025-04-16,Station Road,Gulab Jamun,Sweet,80,270,21600,Wednesday,0,0,None,60,1,1,32.8
2025-04-16,Station Road,Kaju Katli,Sweet,42,900,37800,Wednesday,0,0,None,60,1,0,32.8
2025-04-16,Station Road,Besan Barfi,Sweet,42,420,17640,Wednesday,0,0,None,60,1,0,32.8
2025-04-16,Station Road,Motichoor Laddu,Sweet,34,380,12920,Wednesday,0,0,None,60,1,0,32.8
2025-04-16,Station Road,Ghewar,Sweet,3,500,1500,Wednesday,0,0,None,60,1,0,32.8
2025-04-16,Station Road,Gajak,Sweet,0,320,0,Wednesday,0,0,None,60,1,0,32.8
2025-04-16,Station Road,Soan Papdi,Sweet,31,300,9300,Wednesday,0,0,None,60,1,0,32.8
2025-04-16,Station Road,Bikaneri Bhujia,Namkeen,135,360,48600,Wednesday,0,0,None,60,1,0,32.8
2025-04-16,Station Road,Aloo Bhujia,Namkeen,53,300,15900,Wednesday,0,0,None,60,1,0,32.8
2025-04-17,Station Road,Rasgulla,Sweet,52,280,14560,Thursday,0,0,None,60,1,0,37.5
2025-04-17,Station Road,Gulab Jamun,Sweet,54,300,16200,Thursday,0,0,None,60,1,0,37.5
2025-04-17,Station Road,Kaju Katli,Sweet,41,900,36900,Thursday,0,0,None,60,1,0,37.5
2025-04-17,Station Road,Besan Barfi,Sweet,52,420,21840,Thursday,0,0,None,60,1,0,37.5
2025-04-17,Station Road,Motichoor Laddu,Sweet,46,380,17480,Thursday,0,0,None,60,1,0,37.5
2025-04-17,Station Road,Ghewar,Sweet,2,500,1000,Thursday,0,0,None,60,1,0,37.5
2025-04-17,Station Road,Gajak,Sweet,2,320,640,Thursday,0,0,None,60,1,0,37.5
2025-04-17,Station Road,Soan Papdi,Sweet,30,300,9000,Thursday,0,0,None,60,1,0,37.5
2025-04-17,Station Road,Bikaneri Bhujia,Namkeen,124,360,44640,Thursday,0,0,None,60,1,0,37.5
2025-04-17,Station Road,Aloo Bhujia,Namkeen,49,300,14700,Thursday,0,0,None,60,1,0,37.5
2025-04-18,Station Road,Rasgulla,Sweet,51,280,14280,Friday,0,0,None,60,1,0,30.3
2025-04-18,Station Road,Gulab Jamun,Sweet,72,300,21600,Friday,0,0,None,60,1,0,30.3
2025-04-18,Station Road,Kaju Katli,Sweet,47,810,38070,Friday,0,0,None,60,1,1,30.3
2025-04-18,Station Road,Besan Barfi,Sweet,50,420,21000,Friday,0,0,None,60,1,0,30.3
2025-04-18,Station Road,Motichoor Laddu,Sweet,48,380,18240,Friday,0,0,None,60,1,0,30.3
2025-04-18,Station Road,Ghewar,Sweet,0,500,0,Friday,0,0,None,60,1,0,30.3
2025-04-18,Station Road,Gajak,Sweet,1,320,320,Friday,0,0,None,60,1,0,30.3
2025-04-18,Station Road,Soan Papdi,Sweet,37,300,11100,Friday,0,0,None,60,1,0,30.3
2025-04-18,Station Road,Bikaneri Bhujia,Namkeen,179,360,64440,Friday,0,0,None,60,1,0,30.3
2025-04-18,Station Road,Aloo Bhujia,Namkeen,46,300,13800,Friday,0,0,None,60,1,0,30.3
2025-04-19,Station Road,Rasgulla,Sweet,63,280,17640,Saturday,1,0,None,60,1,0,29.4
2025-04-19,Station Road,Gulab Jamun,Sweet,78,300,23400,Saturday,1,0,None,60,1,0,29.4
2025-04-19,Station Road,Kaju Katli,Sweet,53,900,47700,Saturday,1,0,None,60,1,0,29.4
2025-04-19,Station Road,Besan Barfi,Sweet,63,420,26460,Saturday,1,0,None,60,1,0,29.4
2025-04-19,Station Road,Motichoor Laddu,Sweet,60,380,22800,Saturday,1,0,None,60,1,0,29.4
2025-04-19,Station Road,Ghewar,Sweet,0,500,0,Saturday,1,0,None,60,1,0,29.4
2025-04-19,Station Road,Gajak,Sweet,1,320,320,Saturday,1,0,None,60,1,0,29.4
2025-04-19,Station Road,Soan Papdi,Sweet,38,300,11400,Saturday,1,0,None,60,1,0,29.4
2025-04-19,Station Road,Bikaneri Bhujia,Namkeen,202,360,72720,Saturday,1,0,None,60,1,0,29.4
2025-04-19,Station Road,Aloo Bhujia,Namkeen,61,300,18300,Saturday,1,0,None,60,1,0,29.4
2025-04-20,Station Road,Rasgulla,Sweet,70,280,19600,Sunday,1,0,None,60,1,0,30.7
2025-04-20,Station Road,Gulab Jamun,Sweet,86,300,25800,Sunday,1,0,None,60,1,0,30.7
2025-04-20,Station Road,Kaju Katli,Sweet,63,900,56700,Sunday,1,0,None,60,1,0,30.7
2025-04-20,Station Road,Besan Barfi,Sweet,63,420,26460,Sunday,1,0,None,60,1,0,30.7
2025-04-20,Station Road,Motichoor Laddu,Sweet,67,380,25460,Sunday,1,0,None,60,1,0,30.7
2025-04-20,Station Road,Ghewar,Sweet,1,500,500,Sunday,1,0,None,60,1,0,30.7
2025-04-20,Station Road,Gajak,Sweet,3,320,960,Sunday,1,0,None,60,1,0,30.7
2025-04-20,Station Road,Soan Papdi,Sweet,33,300,9900,Sunday,1,0,None,60,1,0,30.7
2025-04-20,Station Road,Bikaneri Bhujia,Namkeen,182,360,65520,Sunday,1,0,None,60,1,0,30.7
2025-04-20,Station Road,Aloo Bhujia,Namkeen,67,300,20100,Sunday,1,0,None,60,1,0,30.7
2025-04-21,Station Road,Rasgulla,Sweet,48,280,13440,Monday,0,0,None,60,1,0,32.6
2025-04-21,Station Road,Gulab Jamun,Sweet,61,300,18300,Monday,0,0,None,60,1,0,32.6
2025-04-21,Station Road,Kaju Katli,Sweet,43,900,38700,Monday,0,0,None,60,1,0,32.6
2025-04-21,Station Road,Besan Barfi,Sweet,41,420,17220,Monday,0,0,None,60,1,0,32.6
2025-04-21,Station Road,Motichoor Laddu,Sweet,44,380,16720,Monday,0,0,None,60,1,0,32.6
2025-04-21,Station Road,Ghewar,Sweet,1,500,500,Monday,0,0,None,60,1,0,32.6
2025-04-21,Station Road,Gajak,Sweet,2,288,576,Monday,0,0,None,60,1,1,32.6
2025-04-21,Station Road,Soan Papdi,Sweet,32,270,8640,Monday,0,0,None,60,1,1,32.6
2025-04-21,Station Road,Bikaneri Bhujia,Namkeen,116,360,41760,Monday,0,0,None,60,1,0,32.6
2025-04-21,Station Road,Aloo Bhujia,Namkeen,57,300,17100,Monday,0,0,None,60,1,0,32.6
2025-04-22,Station Road,Rasgulla,Sweet,40,280,11200,Tuesday,0,0,None,60,1,0,31.0
2025-04-22,Station Road,Gulab Jamun,Sweet,54,300,16200,Tuesday,0,0,None,60,1,0,31.0
2025-04-22,Station Road,Kaju Katli,Sweet,31,900,27900,Tuesday,0,0,None,60,1,0,31.0
2025-04-22,Station Road,Besan Barfi,Sweet,44,420,18480,Tuesday,0,0,None,60,1,0,31.0
2025-04-22,Station Road,Motichoor Laddu,Sweet,35,380,13300,Tuesday,0,0,None,60,1,0,31.0
2025-04-22,Station Road,Ghewar,Sweet,2,500,1000,Tuesday,0,0,None,60,1,0,31.0
2025-04-22,Station Road,Gajak,Sweet,0,320,0,Tuesday,0,0,None,60,1,0,31.0
2025-04-22,Station Road,Soan Papdi,Sweet,27,300,8100,Tuesday,0,0,None,60,1,0,31.0
2025-04-22,Station Road,Bikaneri Bhujia,Namkeen,113,360,40680,Tuesday,0,0,None,60,1,0,31.0
2025-04-22,Station Road,Aloo Bhujia,Namkeen,38,300,11400,Tuesday,0,0,None,60,1,0,31.0
2025-04-23,Station Road,Rasgulla,Sweet,37,280,10360,Wednesday,0,0,None,60,1,0,35.9
2025-04-23,Station Road,Gulab Jamun,Sweet,45,300,13500,Wednesday,0,0,None,60,1,0,35.9
2025-04-23,Station Road,Kaju Katli,Sweet,36,900,32400,Wednesday,0,0,None,60,1,0,35.9
2025-04-23,Station Road,Besan Barfi,Sweet,35,420,14700,Wednesday,0,0,None,60,1,0,35.9
2025-04-23,Station Road,Motichoor Laddu,Sweet,35,380,13300,Wednesday,0,0,None,60,1,0,35.9
2025-04-23,Station Road,Ghewar,Sweet,3,500,1500,Wednesday,0,0,None,60,1,0,35.9
2025-04-23,Station Road,Gajak,Sweet,2,320,640,Wednesday,0,0,None,60,1,0,35.9
2025-04-23,Station Road,Soan Papdi,Sweet,24,300,7200,Wednesday,0,0,None,60,1,0,35.9
2025-04-23,Station Road,Bikaneri Bhujia,Namkeen,125,360,45000,Wednesday,0,0,None,60,1,0,35.9
2025-04-23,Station Road,Aloo Bhujia,Namkeen,61,300,18300,Wednesday,0,0,None,60,1,0,35.9
2025-04-24,Station Road,Rasgulla,Sweet,50,280,14000,Thursday,0,0,pre-Akshaya Tritiya,60,1,0,27.3
2025-04-24,Station Road,Gulab Jamun,Sweet,104,300,31200,Thursday,0,0,pre-Akshaya Tritiya,60,1,0,27.3
2025-04-24,Station Road,Kaju Katli,Sweet,51,900,45900,Thursday,0,0,pre-Akshaya Tritiya,60,1,0,27.3
2025-04-24,Station Road,Besan Barfi,Sweet,67,420,28140,Thursday,0,0,pre-Akshaya Tritiya,60,1,0,27.3
2025-04-24,Station Road,Motichoor Laddu,Sweet,70,342,23940,Thursday,0,0,pre-Akshaya Tritiya,60,1,1,27.3
2025-04-24,Station Road,Ghewar,Sweet,3,500,1500,Thursday,0,0,pre-Akshaya Tritiya,60,1,0,27.3
2025-04-24,Station Road,Gajak,Sweet,2,320,640,Thursday,0,0,pre-Akshaya Tritiya,60,1,0,27.3
2025-04-24,Station Road,Soan Papdi,Sweet,38,300,11400,Thursday,0,0,pre-Akshaya Tritiya,60,1,0,27.3
2025-04-24,Station Road,Bikaneri Bhujia,Namkeen,201,324,65124,Thursday,0,0,pre-Akshaya Tritiya,60,1,1,27.3
2025-04-24,Station Road,Aloo Bhujia,Namkeen,53,300,15900,Thursday,0,0,pre-Akshaya Tritiya,60,1,0,27.3
2025-04-25,Station Road,Rasgulla,Sweet,69,280,19320,Friday,0,0,pre-Akshaya Tritiya,60,1,0,30.9
2025-04-25,Station Road,Gulab Jamun,Sweet,106,300,31800,Friday,0,0,pre-Akshaya Tritiya,60,1,0,30.9
2025-04-25,Station Road,Kaju Katli,Sweet,72,900,64800,Friday,0,0,pre-Akshaya Tritiya,60,1,0,30.9
2025-04-25,Station Road,Besan Barfi,Sweet,88,420,36960,Friday,0,0,pre-Akshaya Tritiya,60,1,0,30.9
2025-04-25,Station Road,Motichoor Laddu,Sweet,72,380,27360,Friday,0,0,pre-Akshaya Tritiya,60,1,0,30.9
2025-04-25,Station Road,Ghewar,Sweet,1,500,500,Friday,0,0,pre-Akshaya Tritiya,60,1,0,30.9
2025-04-25,Station Road,Gajak,Sweet,3,320,960,Friday,0,0,pre-Akshaya Tritiya,60,1,0,30.9
2025-04-25,Station Road,Soan Papdi,Sweet,53,300,15900,Friday,0,0,pre-Akshaya Tritiya,60,1,0,30.9
2025-04-25,Station Road,Bikaneri Bhujia,Namkeen,206,360,74160,Friday,0,0,pre-Akshaya Tritiya,60,1,0,30.9
2025-04-25,Station Road,Aloo Bhujia,Namkeen,65,300,19500,Friday,0,0,pre-Akshaya Tritiya,60,1,0,30.9
2025-04-26,Station Road,Rasgulla,Sweet,88,280,24640,Saturday,1,0,pre-Akshaya Tritiya,60,1,0,33.8
2025-04-26,Station Road,Gulab Jamun,Sweet,164,300,49200,Saturday,1,0,pre-Akshaya Tritiya,60,1,0,33.8
2025-04-26,Station Road,Kaju Katli,Sweet,114,900,102600,Saturday,1,0,pre-Akshaya Tritiya,60,1,0,33.8
2025-04-26,Station Road,Besan Barfi,Sweet,100,420,42000,Saturday,1,0,pre-Akshaya Tritiya,60,1,0,33.8
2025-04-26,Station Road,Motichoor Laddu,Sweet,117,380,44460,Saturday,1,0,pre-Akshaya Tritiya,60,1,0,33.8
2025-04-26,Station Road,Ghewar,Sweet,6,500,3000,Saturday,1,0,pre-Akshaya Tritiya,60,1,0,33.8
2025-04-26,Station Road,Gajak,Sweet,5,320,1600,Saturday,1,0,pre-Akshaya Tritiya,60,1,0,33.8
2025-04-26,Station Road,Soan Papdi,Sweet,63,300,18900,Saturday,1,0,pre-Akshaya Tritiya,60,1,0,33.8
2025-04-26,Station Road,Bikaneri Bhujia,Namkeen,275,360,99000,Saturday,1,0,pre-Akshaya Tritiya,60,1,0,33.8
2025-04-26,Station Road,Aloo Bhujia,Namkeen,99,300,29700,Saturday,1,0,pre-Akshaya Tritiya,60,1,0,33.8
2025-04-27,Station Road,Rasgulla,Sweet,133,280,37240,Sunday,1,0,pre-Akshaya Tritiya,60,1,0,33.4
2025-04-27,Station Road,Gulab Jamun,Sweet,197,300,59100,Sunday,1,0,pre-Akshaya Tritiya,60,1,0,33.4
2025-04-27,Station Road,Kaju Katli,Sweet,123,900,110700,Sunday,1,0,pre-Akshaya Tritiya,60,1,0,33.4
2025-04-27,Station Road,Besan Barfi,Sweet,138,420,57960,Sunday,1,0,pre-Akshaya Tritiya,60,1,0,33.4
2025-04-27,Station Road,Motichoor Laddu,Sweet,146,380,55480,Sunday,1,0,pre-Akshaya Tritiya,60,1,0,33.4
2025-04-27,Station Road,Ghewar,Sweet,5,500,2500,Sunday,1,0,pre-Akshaya Tritiya,60,1,0,33.4
2025-04-27,Station Road,Gajak,Sweet,3,320,960,Sunday,1,0,pre-Akshaya Tritiya,60,1,0,33.4
2025-04-27,Station Road,Soan Papdi,Sweet,77,300,23100,Sunday,1,0,pre-Akshaya Tritiya,60,1,0,33.4
2025-04-27,Station Road,Bikaneri Bhujia,Namkeen,291,360,104760,Sunday,1,0,pre-Akshaya Tritiya,60,1,0,33.4
2025-04-27,Station Road,Aloo Bhujia,Namkeen,123,300,36900,Sunday,1,0,pre-Akshaya Tritiya,60,1,0,33.4
2025-04-28,Station Road,Rasgulla,Sweet,89,280,24920,Monday,0,0,pre-Akshaya Tritiya,60,1,0,34.3
2025-04-28,Station Road,Gulab Jamun,Sweet,158,300,47400,Monday,0,0,pre-Akshaya Tritiya,60,1,0,34.3
2025-04-28,Station Road,Kaju Katli,Sweet,87,900,78300,Monday,0,0,pre-Akshaya Tritiya,60,1,0,34.3
2025-04-28,Station Road,Besan Barfi,Sweet,109,420,45780,Monday,0,0,pre-Akshaya Tritiya,60,1,0,34.3
2025-04-28,Station Road,Motichoor Laddu,Sweet,106,380,40280,Monday,0,0,pre-Akshaya Tritiya,60,1,0,34.3
2025-04-28,Station Road,Ghewar,Sweet,5,500,2500,Monday,0,0,pre-Akshaya Tritiya,60,1,0,34.3
2025-04-28,Station Road,Gajak,Sweet,2,320,640,Monday,0,0,pre-Akshaya Tritiya,60,1,0,34.3
2025-04-28,Station Road,Soan Papdi,Sweet,73,300,21900,Monday,0,0,pre-Akshaya Tritiya,60,1,0,34.3
2025-04-28,Station Road,Bikaneri Bhujia,Namkeen,247,360,88920,Monday,0,0,pre-Akshaya Tritiya,60,1,0,34.3
2025-04-28,Station Road,Aloo Bhujia,Namkeen,92,300,27600,Monday,0,0,pre-Akshaya Tritiya,60,1,0,34.3
2025-04-29,Station Road,Rasgulla,Sweet,85,280,23800,Tuesday,0,0,pre-Akshaya Tritiya,60,1,0,31.2
2025-04-29,Station Road,Gulab Jamun,Sweet,190,270,51300,Tuesday,0,0,pre-Akshaya Tritiya,60,1,1,31.2
2025-04-29,Station Road,Kaju Katli,Sweet,110,900,99000,Tuesday,0,0,pre-Akshaya Tritiya,60,1,0,31.2
2025-04-29,Station Road,Besan Barfi,Sweet,109,420,45780,Tuesday,0,0,pre-Akshaya Tritiya,60,1,0,31.2
2025-04-29,Station Road,Motichoor Laddu,Sweet,118,380,44840,Tuesday,0,0,pre-Akshaya Tritiya,60,1,0,31.2
2025-04-29,Station Road,Ghewar,Sweet,1,500,500,Tuesday,0,0,pre-Akshaya Tritiya,60,1,0,31.2
2025-04-29,Station Road,Gajak,Sweet,5,320,1600,Tuesday,0,0,pre-Akshaya Tritiya,60,1,0,31.2
2025-04-29,Station Road,Soan Papdi,Sweet,86,300,25800,Tuesday,0,0,pre-Akshaya Tritiya,60,1,0,31.2
2025-04-29,Station Road,Bikaneri Bhujia,Namkeen,238,360,85680,Tuesday,0,0,pre-Akshaya Tritiya,60,1,0,31.2
2025-04-29,Station Road,Aloo Bhujia,Namkeen,89,300,26700,Tuesday,0,0,pre-Akshaya Tritiya,60,1,0,31.2
2025-04-30,Station Road,Rasgulla,Sweet,166,280,46480,Wednesday,0,1,Akshaya Tritiya,60,1,0,37.9
2025-04-30,Station Road,Gulab Jamun,Sweet,299,300,89700,Wednesday,0,1,Akshaya Tritiya,60,1,0,37.9
2025-04-30,Station Road,Kaju Katli,Sweet,212,900,190800,Wednesday,0,1,Akshaya Tritiya,60,1,0,37.9
2025-04-30,Station Road,Besan Barfi,Sweet,226,420,94920,Wednesday,0,1,Akshaya Tritiya,60,1,0,37.9
2025-04-30,Station Road,Motichoor Laddu,Sweet,222,380,84360,Wednesday,0,1,Akshaya Tritiya,60,1,0,37.9
2025-04-30,Station Road,Ghewar,Sweet,4,500,2000,Wednesday,0,1,Akshaya Tritiya,60,1,0,37.9
2025-04-30,Station Road,Gajak,Sweet,3,320,960,Wednesday,0,1,Akshaya Tritiya,60,1,0,37.9
2025-04-30,Station Road,Soan Papdi,Sweet,134,300,40200,Wednesday,0,1,Akshaya Tritiya,60,1,0,37.9
2025-04-30,Station Road,Bikaneri Bhujia,Namkeen,469,360,168840,Wednesday,0,1,Akshaya Tritiya,60,1,0,37.9
2025-04-30,Station Road,Aloo Bhujia,Namkeen,151,300,45300,Wednesday,0,1,Akshaya Tritiya,60,1,0,37.9
2025-05-01,Station Road,Rasgulla,Sweet,34,280,9520,Thursday,0,0,None,60,1,0,38.1
2025-05-01,Station Road,Gulab Jamun,Sweet,49,300,14700,Thursday,0,0,None,60,1,0,38.1
2025-05-01,Station Road,Kaju Katli,Sweet,38,900,34200,Thursday,0,0,None,60,1,0,38.1
2025-05-01,Station Road,Besan Barfi,Sweet,44,420,18480,Thursday,0,0,None,60,1,0,38.1
2025-05-01,Station Road,Motichoor Laddu,Sweet,50,380,19000,Thursday,0,0,None,60,1,0,38.1
2025-05-01,Station Road,Ghewar,Sweet,1,500,500,Thursday,0,0,None,60,1,0,38.1
2025-05-01,Station Road,Gajak,Sweet,2,320,640,Thursday,0,0,None,60,1,0,38.1
2025-05-01,Station Road,Soan Papdi,Sweet,28,300,8400,Thursday,0,0,None,60,1,0,38.1
2025-05-01,Station Road,Bikaneri Bhujia,Namkeen,142,324,46008,Thursday,0,0,None,60,1,1,38.1
2025-05-01,Station Road,Aloo Bhujia,Namkeen,52,300,15600,Thursday,0,0,None,60,1,0,38.1
2025-05-02,Station Road,Rasgulla,Sweet,33,280,9240,Friday,0,0,None,60,1,0,42.3
2025-05-02,Station Road,Gulab Jamun,Sweet,75,300,22500,Friday,0,0,None,60,1,0,42.3
2025-05-02,Station Road,Kaju Katli,Sweet,33,900,29700,Friday,0,0,None,60,1,0,42.3
2025-05-02,Station Road,Besan Barfi,Sweet,55,420,23100,Friday,0,0,None,60,1,0,42.3
2025-05-02,Station Road,Motichoor Laddu,Sweet,53,380,20140,Friday,0,0,None,60,1,0,42.3
2025-05-02,Station Road,Ghewar,Sweet,3,500,1500,Friday,0,0,None,60,1,0,42.3
2025-05-02,Station Road,Gajak,Sweet,2,320,640,Friday,0,0,None,60,1,0,42.3
2025-05-02,Station Road,Soan Papdi,Sweet,48,300,14400,Friday,0,0,None,60,1,0,42.3
2025-05-02,Station Road,Bikaneri Bhujia,Namkeen,144,360,51840,Friday,0,0,None,60,1,0,42.3
2025-05-02,Station Road,Aloo Bhujia,Namkeen,59,300,17700,Friday,0,0,None,60,1,0,42.3
2025-05-03,Station Road,Rasgulla,Sweet,36,280,10080,Saturday,1,0,None,60,1,0,40.5
2025-05-03,Station Road,Gulab Jamun,Sweet,79,300,23700,Saturday,1,0,None,60,1,0,40.5
2025-05-03,Station Road,Kaju Katli,Sweet,70,900,63000,Saturday,1,0,None,60,1,0,40.5
2025-05-03,Station Road,Besan Barfi,Sweet,64,420,26880,Saturday,1,0,None,60,1,0,40.5
2025-05-03,Station Road,Motichoor Laddu,Sweet,65,380,24700,Saturday,1,0,None,60,1,0,40.5
2025-05-03,Station Road,Ghewar,Sweet,5,500,2500,Saturday,1,0,None,60,1,0,40.5
2025-05-03,Station Road,Gajak,Sweet,2,320,640,Saturday,1,0,None,60,1,0,40.5
2025-05-03,Station Road,Soan Papdi,Sweet,37,300,11100,Saturday,1,0,None,60,1,0,40.5
2025-05-03,Station Road,Bikaneri Bhujia,Namkeen,175,360,63000,Saturday,1,0,None,60,1,0,40.5
2025-05-03,Station Road,Aloo Bhujia,Namkeen,68,300,20400,Saturday,1,0,None,60,1,0,40.5
2025-05-04,Station Road,Rasgulla,Sweet,55,280,15400,Sunday,1,0,None,60,1,0,40.2
2025-05-04,Station Road,Gulab Jamun,Sweet,60,300,18000,Sunday,1,0,None,60,1,0,40.2
2025-05-04,Station Road,Kaju Katli,Sweet,62,900,55800,Sunday,1,0,None,60,1,0,40.2
2025-05-04,Station Road,Besan Barfi,Sweet,64,420,26880,Sunday,1,0,None,60,1,0,40.2
2025-05-04,Station Road,Motichoor Laddu,Sweet,53,380,20140,Sunday,1,0,None,60,1,0,40.2
2025-05-04,Station Road,Ghewar,Sweet,3,500,1500,Sunday,1,0,None,60,1,0,40.2
2025-05-04,Station Road,Gajak,Sweet,2,320,640,Sunday,1,0,None,60,1,0,40.2
2025-05-04,Station Road,Soan Papdi,Sweet,37,300,11100,Sunday,1,0,None,60,1,0,40.2
2025-05-04,Station Road,Bikaneri Bhujia,Namkeen,188,360,67680,Sunday,1,0,None,60,1,0,40.2
2025-05-04,Station Road,Aloo Bhujia,Namkeen,74,300,22200,Sunday,1,0,None,60,1,0,40.2
2025-05-05,Station Road,Rasgulla,Sweet,37,280,10360,Monday,0,0,None,60,1,0,42.5
2025-05-05,Station Road,Gulab Jamun,Sweet,44,300,13200,Monday,0,0,None,60,1,0,42.5
2025-05-05,Station Road,Kaju Katli,Sweet,29,900,26100,Monday,0,0,None,60,1,0,42.5
2025-05-05,Station Road,Besan Barfi,Sweet,46,420,19320,Monday,0,0,None,60,1,0,42.5
2025-05-05,Station Road,Motichoor Laddu,Sweet,62,342,21204,Monday,0,0,None,60,1,1,42.5
2025-05-05,Station Road,Ghewar,Sweet,1,500,500,Monday,0,0,None,60,1,0,42.5
2025-05-05,Station Road,Gajak,Sweet,1,288,288,Monday,0,0,None,60,1,1,42.5
2025-05-05,Station Road,Soan Papdi,Sweet,23,300,6900,Monday,0,0,None,60,1,0,42.5
2025-05-05,Station Road,Bikaneri Bhujia,Namkeen,117,360,42120,Monday,0,0,None,60,1,0,42.5
2025-05-05,Station Road,Aloo Bhujia,Namkeen,54,300,16200,Monday,0,0,None,60,1,0,42.5
2025-05-06,Station Road,Rasgulla,Sweet,27,280,7560,Tuesday,0,0,None,60,1,0,38.0
2025-05-06,Station Road,Gulab Jamun,Sweet,50,300,15000,Tuesday,0,0,None,60,1,0,38.0
2025-05-06,Station Road,Kaju Katli,Sweet,43,900,38700,Tuesday,0,0,None,60,1,0,38.0
2025-05-06,Station Road,Besan Barfi,Sweet,41,420,17220,Tuesday,0,0,None,60,1,0,38.0
2025-05-06,Station Road,Motichoor Laddu,Sweet,44,380,16720,Tuesday,0,0,None,60,1,0,38.0
2025-05-06,Station Road,Ghewar,Sweet,3,500,1500,Tuesday,0,0,None,60,1,0,38.0
2025-05-06,Station Road,Gajak,Sweet,2,320,640,Tuesday,0,0,None,60,1,0,38.0
2025-05-06,Station Road,Soan Papdi,Sweet,27,300,8100,Tuesday,0,0,None,60,1,0,38.0
2025-05-06,Station Road,Bikaneri Bhujia,Namkeen,117,360,42120,Tuesday,0,0,None,60,1,0,38.0
2025-05-06,Station Road,Aloo Bhujia,Namkeen,44,300,13200,Tuesday,0,0,None,60,1,0,38.0
2025-05-07,Station Road,Rasgulla,Sweet,34,280,9520,Wednesday,0,0,None,60,1,0,36.2
2025-05-07,Station Road,Gulab Jamun,Sweet,46,300,13800,Wednesday,0,0,None,60,1,0,36.2
2025-05-07,Station Road,Kaju Katli,Sweet,39,900,35100,Wednesday,0,0,None,60,1,0,36.2
2025-05-07,Station Road,Besan Barfi,Sweet,36,420,15120,Wednesday,0,0,None,60,1,0,36.2
2025-05-07,Station Road,Motichoor Laddu,Sweet,45,380,17100,Wednesday,0,0,None,60,1,0,36.2
2025-05-07,Station Road,Ghewar,Sweet,1,500,500,Wednesday,0,0,None,60,1,0,36.2
2025-05-07,Station Road,Gajak,Sweet,2,320,640,Wednesday,0,0,None,60,1,0,36.2
2025-05-07,Station Road,Soan Papdi,Sweet,28,300,8400,Wednesday,0,0,None,60,1,0,36.2
2025-05-07,Station Road,Bikaneri Bhujia,Namkeen,113,360,40680,Wednesday,0,0,None,60,1,0,36.2
2025-05-07,Station Road,Aloo Bhujia,Namkeen,47,300,14100,Wednesday,0,0,None,60,1,0,36.2
2025-05-08,Station Road,Rasgulla,Sweet,24,280,6720,Thursday,0,0,None,60,1,0,40.7
2025-05-08,Station Road,Gulab Jamun,Sweet,54,300,16200,Thursday,0,0,None,60,1,0,40.7
2025-05-08,Station Road,Kaju Katli,Sweet,44,900,39600,Thursday,0,0,None,60,1,0,40.7
2025-05-08,Station Road,Besan Barfi,Sweet,47,420,19740,Thursday,0,0,None,60,1,0,40.7
2025-05-08,Station Road,Motichoor Laddu,Sweet,44,380,16720,Thursday,0,0,None,60,1,0,40.7
2025-05-08,Station Road,Ghewar,Sweet,5,500,2500,Thursday,0,0,None,60,1,0,40.7
2025-05-08,Station Road,Gajak,Sweet,6,320,1920,Thursday,0,0,None,60,1,0,40.7
2025-05-08,Station Road,Soan Papdi,Sweet,23,300,6900,Thursday,0,0,None,60,1,0,40.7
2025-05-08,Station Road,Bikaneri Bhujia,Namkeen,144,324,46656,Thursday,0,0,None,60,1,1,40.7
2025-05-08,Station Road,Aloo Bhujia,Namkeen,43,300,12900,Thursday,0,0,None,60,1,0,40.7
2025-05-09,Station Road,Rasgulla,Sweet,41,280,11480,Friday,0,0,None,60,1,0,37.1
2025-05-09,Station Road,Gulab Jamun,Sweet,72,300,21600,Friday,0,0,None,60,1,0,37.1
2025-05-09,Station Road,Kaju Katli,Sweet,56,810,45360,Friday,0,0,None,60,1,1,37.1
2025-05-09,Station Road,Besan Barfi,Sweet,58,420,24360,Friday,0,0,None,60,1,0,37.1
2025-05-09,Station Road,Motichoor Laddu,Sweet,53,342,18126,Friday,0,0,None,60,1,1,37.1
2025-05-09,Station Road,Ghewar,Sweet,2,500,1000,Friday,0,0,None,60,1,0,37.1
2025-05-09,Station Road,Gajak,Sweet,1,320,320,Friday,0,0,None,60,1,0,37.1
2025-05-09,Station Road,Soan Papdi,Sweet,40,270,10800,Friday,0,0,None,60,1,1,37.1
2025-05-09,Station Road,Bikaneri Bhujia,Namkeen,155,360,55800,Friday,0,0,None,60,1,0,37.1
2025-05-09,Station Road,Aloo Bhujia,Namkeen,57,300,17100,Friday,0,0,None,60,1,0,37.1
2025-05-10,Station Road,Rasgulla,Sweet,53,280,14840,Saturday,1,0,None,60,1,0,37.4
2025-05-10,Station Road,Gulab Jamun,Sweet,77,300,23100,Saturday,1,0,None,60,1,0,37.4
2025-05-10,Station Road,Kaju Katli,Sweet,48,900,43200,Saturday,1,0,None,60,1,0,37.4
2025-05-10,Station Road,Besan Barfi,Sweet,57,420,23940,Saturday,1,0,None,60,1,0,37.4
2025-05-10,Station Road,Motichoor Laddu,Sweet,63,380,23940,Saturday,1,0,None,60,1,0,37.4
2025-05-10,Station Road,Ghewar,Sweet,2,500,1000,Saturday,1,0,None,60,1,0,37.4
2025-05-10,Station Road,Gajak,Sweet,3,320,960,Saturday,1,0,None,60,1,0,37.4
2025-05-10,Station Road,Soan Papdi,Sweet,29,300,8700,Saturday,1,0,None,60,1,0,37.4
2025-05-10,Station Road,Bikaneri Bhujia,Namkeen,163,360,58680,Saturday,1,0,None,60,1,0,37.4
2025-05-10,Station Road,Aloo Bhujia,Namkeen,64,300,19200,Saturday,1,0,None,60,1,0,37.4
2025-05-11,Station Road,Rasgulla,Sweet,54,280,15120,Sunday,1,0,None,60,1,0,41.5
2025-05-11,Station Road,Gulab Jamun,Sweet,73,300,21900,Sunday,1,0,None,60,1,0,41.5
2025-05-11,Station Road,Kaju Katli,Sweet,52,900,46800,Sunday,1,0,None,60,1,0,41.5
2025-05-11,Station Road,Besan Barfi,Sweet,75,420,31500,Sunday,1,0,None,60,1,0,41.5
2025-05-11,Station Road,Motichoor Laddu,Sweet,48,380,18240,Sunday,1,0,None,60,1,0,41.5
2025-05-11,Station Road,Ghewar,Sweet,5,500,2500,Sunday,1,0,None,60,1,0,41.5
2025-05-11,Station Road,Gajak,Sweet,1,320,320,Sunday,1,0,None,60,1,0,41.5
2025-05-11,Station Road,Soan Papdi,Sweet,43,300,12900,Sunday,1,0,None,60,1,0,41.5
2025-05-11,Station Road,Bikaneri Bhujia,Namkeen,184,360,66240,Sunday,1,0,None,60,1,0,41.5
2025-05-11,Station Road,Aloo Bhujia,Namkeen,72,300,21600,Sunday,1,0,None,60,1,0,41.5
2025-05-12,Station Road,Rasgulla,Sweet,27,280,7560,Monday,0,0,None,60,1,0,39.0
2025-05-12,Station Road,Gulab Jamun,Sweet,51,270,13770,Monday,0,0,None,60,1,1,39.0
2025-05-12,Station Road,Kaju Katli,Sweet,38,900,34200,Monday,0,0,None,60,1,0,39.0
2025-05-12,Station Road,Besan Barfi,Sweet,35,420,14700,Monday,0,0,None,60,1,0,39.0
2025-05-12,Station Road,Motichoor Laddu,Sweet,36,380,13680,Monday,0,0,None,60,1,0,39.0
2025-05-12,Station Road,Ghewar,Sweet,0,450,0,Monday,0,0,None,60,1,1,39.0
2025-05-12,Station Road,Gajak,Sweet,0,320,0,Monday,0,0,None,60,1,0,39.0
2025-05-12,Station Road,Soan Papdi,Sweet,26,300,7800,Monday,0,0,None,60,1,0,39.0
2025-05-12,Station Road,Bikaneri Bhujia,Namkeen,119,360,42840,Monday,0,0,None,60,1,0,39.0
2025-05-12,Station Road,Aloo Bhujia,Namkeen,31,300,9300,Monday,0,0,None,60,1,0,39.0
2025-05-13,Station Road,Rasgulla,Sweet,26,280,7280,Tuesday,0,0,None,60,1,0,34.4
2025-05-13,Station Road,Gulab Jamun,Sweet,52,300,15600,Tuesday,0,0,None,60,1,0,34.4
2025-05-13,Station Road,Kaju Katli,Sweet,32,900,28800,Tuesday,0,0,None,60,1,0,34.4
2025-05-13,Station Road,Besan Barfi,Sweet,45,420,18900,Tuesday,0,0,None,60,1,0,34.4
2025-05-13,Station Road,Motichoor Laddu,Sweet,32,380,12160,Tuesday,0,0,None,60,1,0,34.4
2025-05-13,Station Road,Ghewar,Sweet,4,500,2000,Tuesday,0,0,None,60,1,0,34.4
2025-05-13,Station Road,Gajak,Sweet,3,320,960,Tuesday,0,0,None,60,1,0,34.4
2025-05-13,Station Road,Soan Papdi,Sweet,41,300,12300,Tuesday,0,0,None,60,1,0,34.4
2025-05-13,Station Road,Bikaneri Bhujia,Namkeen,120,360,43200,Tuesday,0,0,None,60,1,0,34.4
2025-05-13,Station Road,Aloo Bhujia,Namkeen,47,300,14100,Tuesday,0,0,None,60,1,0,34.4
2025-05-14,Station Road,Rasgulla,Sweet,38,280,10640,Wednesday,0,0,None,60,1,0,42.1
2025-05-14,Station Road,Gulab Jamun,Sweet,53,270,14310,Wednesday,0,0,None,60,1,1,42.1
2025-05-14,Station Road,Kaju Katli,Sweet,41,900,36900,Wednesday,0,0,None,60,1,0,42.1
2025-05-14,Station Road,Besan Barfi,Sweet,48,420,20160,Wednesday,0,0,None,60,1,0,42.1
2025-05-14,Station Road,Motichoor Laddu,Sweet,56,380,21280,Wednesday,0,0,None,60,1,0,42.1
2025-05-14,Station Road,Ghewar,Sweet,1,500,500,Wednesday,0,0,None,60,1,0,42.1
2025-05-14,Station Road,Gajak,Sweet,1,320,320,Wednesday,0,0,None,60,1,0,42.1
2025-05-14,Station Road,Soan Papdi,Sweet,26,270,7020,Wednesday,0,0,None,60,1,1,42.1
2025-05-14,Station Road,Bikaneri Bhujia,Namkeen,138,360,49680,Wednesday,0,0,None,60,1,0,42.1
2025-05-14,Station Road,Aloo Bhujia,Namkeen,49,300,14700,Wednesday,0,0,None,60,1,0,42.1
2025-05-15,Station Road,Rasgulla,Sweet,36,280,10080,Thursday,0,0,None,60,1,0,40.4
2025-05-15,Station Road,Gulab Jamun,Sweet,46,300,13800,Thursday,0,0,None,60,1,0,40.4
2025-05-15,Station Road,Kaju Katli,Sweet,41,900,36900,Thursday,0,0,None,60,1,0,40.4
2025-05-15,Station Road,Besan Barfi,Sweet,47,420,19740,Thursday,0,0,None,60,1,0,40.4
2025-05-15,Station Road,Motichoor Laddu,Sweet,40,380,15200,Thursday,0,0,None,60,1,0,40.4
2025-05-15,Station Road,Ghewar,Sweet,1,500,500,Thursday,0,0,None,60,1,0,40.4
2025-05-15,Station Road,Gajak,Sweet,1,320,320,Thursday,0,0,None,60,1,0,40.4
2025-05-15,Station Road,Soan Papdi,Sweet,26,300,7800,Thursday,0,0,None,60,1,0,40.4
2025-05-15,Station Road,Bikaneri Bhujia,Namkeen,127,360,45720,Thursday,0,0,None,60,1,0,40.4
2025-05-15,Station Road,Aloo Bhujia,Namkeen,66,300,19800,Thursday,0,0,None,60,1,0,40.4
2025-05-16,Station Road,Rasgulla,Sweet,39,280,10920,Friday,0,0,None,60,1,0,40.8
2025-05-16,Station Road,Gulab Jamun,Sweet,58,300,17400,Friday,0,0,None,60,1,0,40.8
2025-05-16,Station Road,Kaju Katli,Sweet,49,900,44100,Friday,0,0,None,60,1,0,40.8
2025-05-16,Station Road,Besan Barfi,Sweet,65,420,27300,Friday,0,0,None,60,1,0,40.8
2025-05-16,Station Road,Motichoor Laddu,Sweet,46,380,17480,Friday,0,0,None,60,1,0,40.8
2025-05-16,Station Road,Ghewar,Sweet,3,500,1500,Friday,0,0,None,60,1,0,40.8
2025-05-16,Station Road,Gajak,Sweet,0,320,0,Friday,0,0,None,60,1,0,40.8
2025-05-16,Station Road,Soan Papdi,Sweet,36,300,10800,Friday,0,0,None,60,1,0,40.8
2025-05-16,Station Road,Bikaneri Bhujia,Namkeen,123,360,44280,Friday,0,0,None,60,1,0,40.8
2025-05-16,Station Road,Aloo Bhujia,Namkeen,53,300,15900,Friday,0,0,None,60,1,0,40.8
2025-05-17,Station Road,Rasgulla,Sweet,37,280,10360,Saturday,1,0,None,60,1,0,38.5
2025-05-17,Station Road,Gulab Jamun,Sweet,75,300,22500,Saturday,1,0,None,60,1,0,38.5
2025-05-17,Station Road,Kaju Katli,Sweet,54,900,48600,Saturday,1,0,None,60,1,0,38.5
2025-05-17,Station Road,Besan Barfi,Sweet,72,420,30240,Saturday,1,0,None,60,1,0,38.5
2025-05-17,Station Road,Motichoor Laddu,Sweet,49,380,18620,Saturday,1,0,None,60,1,0,38.5
2025-05-17,Station Road,Ghewar,Sweet,3,500,1500,Saturday,1,0,None,60,1,0,38.5
2025-05-17,Station Road,Gajak,Sweet,5,320,1600,Saturday,1,0,None,60,1,0,38.5
2025-05-17,Station Road,Soan Papdi,Sweet,42,300,12600,Saturday,1,0,None,60,1,0,38.5
2025-05-17,Station Road,Bikaneri Bhujia,Namkeen,175,360,63000,Saturday,1,0,None,60,1,0,38.5
2025-05-17,Station Road,Aloo Bhujia,Namkeen,63,300,18900,Saturday,1,0,None,60,1,0,38.5
2025-05-18,Station Road,Rasgulla,Sweet,52,280,14560,Sunday,1,0,None,60,1,0,40.0
2025-05-18,Station Road,Gulab Jamun,Sweet,62,300,18600,Sunday,1,0,None,60,1,0,40.0
2025-05-18,Station Road,Kaju Katli,Sweet,52,900,46800,Sunday,1,0,None,60,1,0,40.0
2025-05-18,Station Road,Besan Barfi,Sweet,65,420,27300,Sunday,1,0,None,60,1,0,40.0
2025-05-18,Station Road,Motichoor Laddu,Sweet,56,380,21280,Sunday,1,0,None,60,1,0,40.0
2025-05-18,Station Road,Ghewar,Sweet,5,450,2250,Sunday,1,0,None,60,1,1,40.0
2025-05-18,Station Road,Gajak,Sweet,1,320,320,Sunday,1,0,None,60,1,0,40.0
2025-05-18,Station Road,Soan Papdi,Sweet,42,300,12600,Sunday,1,0,None,60,1,0,40.0
2025-05-18,Station Road,Bikaneri Bhujia,Namkeen,170,360,61200,Sunday,1,0,None,60,1,0,40.0
2025-05-18,Station Road,Aloo Bhujia,Namkeen,76,300,22800,Sunday,1,0,None,60,1,0,40.0
2025-05-19,Station Road,Rasgulla,Sweet,41,280,11480,Monday,0,0,None,60,1,0,36.7
2025-05-19,Station Road,Gulab Jamun,Sweet,44,300,13200,Monday,0,0,None,60,1,0,36.7
2025-05-19,Station Road,Kaju Katli,Sweet,42,900,37800,Monday,0,0,None,60,1,0,36.7
2025-05-19,Station Road,Besan Barfi,Sweet,47,420,19740,Monday,0,0,None,60,1,0,36.7
2025-05-19,Station Road,Motichoor Laddu,Sweet,42,380,15960,Monday,0,0,None,60,1,0,36.7
2025-05-19,Station Road,Ghewar,Sweet,1,500,500,Monday,0,0,None,60,1,0,36.7
2025-05-19,Station Road,Gajak,Sweet,2,320,640,Monday,0,0,None,60,1,0,36.7
2025-05-19,Station Road,Soan Papdi,Sweet,20,300,6000,Monday,0,0,None,60,1,0,36.7
2025-05-19,Station Road,Bikaneri Bhujia,Namkeen,130,360,46800,Monday,0,0,None,60,1,0,36.7
2025-05-19,Station Road,Aloo Bhujia,Namkeen,40,300,12000,Monday,0,0,None,60,1,0,36.7
2025-05-20,Station Road,Rasgulla,Sweet,30,280,8400,Tuesday,0,0,None,60,1,0,35.1
2025-05-20,Station Road,Gulab Jamun,Sweet,44,300,13200,Tuesday,0,0,None,60,1,0,35.1
2025-05-20,Station Road,Kaju Katli,Sweet,39,900,35100,Tuesday,0,0,None,60,1,0,35.1
2025-05-20,Station Road,Besan Barfi,Sweet,56,420,23520,Tuesday,0,0,None,60,1,0,35.1
2025-05-20,Station Road,Motichoor Laddu,Sweet,45,380,17100,Tuesday,0,0,None,60,1,0,35.1
2025-05-20,Station Road,Ghewar,Sweet,1,500,500,Tuesday,0,0,None,60,1,0,35.1
2025-05-20,Station Road,Gajak,Sweet,1,320,320,Tuesday,0,0,None,60,1,0,35.1
2025-05-20,Station Road,Soan Papdi,Sweet,18,300,5400,Tuesday,0,0,None,60,1,0,35.1
2025-05-20,Station Road,Bikaneri Bhujia,Namkeen,115,360,41400,Tuesday,0,0,None,60,1,0,35.1
2025-05-20,Station Road,Aloo Bhujia,Namkeen,46,300,13800,Tuesday,0,0,None,60,1,0,35.1
2025-05-21,Station Road,Rasgulla,Sweet,24,280,6720,Wednesday,0,0,None,60,1,0,38.3
2025-05-21,Station Road,Gulab Jamun,Sweet,41,300,12300,Wednesday,0,0,None,60,1,0,38.3
2025-05-21,Station Road,Kaju Katli,Sweet,40,900,36000,Wednesday,0,0,None,60,1,0,38.3
2025-05-21,Station Road,Besan Barfi,Sweet,61,420,25620,Wednesday,0,0,None,60,1,0,38.3
2025-05-21,Station Road,Motichoor Laddu,Sweet,34,380,12920,Wednesday,0,0,None,60,1,0,38.3
2025-05-21,Station Road,Ghewar,Sweet,1,450,450,Wednesday,0,0,None,60,1,1,38.3
2025-05-21,Station Road,Gajak,Sweet,3,320,960,Wednesday,0,0,None,60,1,0,38.3
2025-05-21,Station Road,Soan Papdi,Sweet,26,300,7800,Wednesday,0,0,None,60,1,0,38.3
2025-05-21,Station Road,Bikaneri Bhujia,Namkeen,119,360,42840,Wednesday,0,0,None,60,1,0,38.3
2025-05-21,Station Road,Aloo Bhujia,Namkeen,63,300,18900,Wednesday,0,0,None,60,1,0,38.3
2025-05-22,Station Road,Rasgulla,Sweet,31,280,8680,Thursday,0,0,None,60,1,0,37.0
2025-05-22,Station Road,Gulab Jamun,Sweet,47,300,14100,Thursday,0,0,None,60,1,0,37.0
2025-05-22,Station Road,Kaju Katli,Sweet,44,900,39600,Thursday,0,0,None,60,1,0,37.0
2025-05-22,Station Road,Besan Barfi,Sweet,48,420,20160,Thursday,0,0,None,60,1,0,37.0
2025-05-22,Station Road,Motichoor Laddu,Sweet,51,380,19380,Thursday,0,0,None,60,1,0,37.0
2025-05-22,Station Road,Ghewar,Sweet,2,500,1000,Thursday,0,0,None,60,1,0,37.0
2025-05-22,Station Road,Gajak,Sweet,1,320,320,Thursday,0,0,None,60,1,0,37.0
2025-05-22,Station Road,Soan Papdi,Sweet,24,300,7200,Thursday,0,0,None,60,1,0,37.0
2025-05-22,Station Road,Bikaneri Bhujia,Namkeen,128,360,46080,Thursday,0,0,None,60,1,0,37.0
2025-05-22,Station Road,Aloo Bhujia,Namkeen,48,300,14400,Thursday,0,0,None,60,1,0,37.0
2025-05-23,Station Road,Rasgulla,Sweet,40,280,11200,Friday,0,0,None,60,1,0,37.4
2025-05-23,Station Road,Gulab Jamun,Sweet,62,300,18600,Friday,0,0,None,60,1,0,37.4
2025-05-23,Station Road,Kaju Katli,Sweet,49,900,44100,Friday,0,0,None,60,1,0,37.4
2025-05-23,Station Road,Besan Barfi,Sweet,66,420,27720,Friday,0,0,None,60,1,0,37.4
2025-05-23,Station Road,Motichoor Laddu,Sweet,39,380,14820,Friday,0,0,None,60,1,0,37.4
2025-05-23,Station Road,Ghewar,Sweet,2,500,1000,Friday,0,0,None,60,1,0,37.4
2025-05-23,Station Road,Gajak,Sweet,1,320,320,Friday,0,0,None,60,1,0,37.4
2025-05-23,Station Road,Soan Papdi,Sweet,31,300,9300,Friday,0,0,None,60,1,0,37.4
2025-05-23,Station Road,Bikaneri Bhujia,Namkeen,163,360,58680,Friday,0,0,None,60,1,0,37.4
2025-05-23,Station Road,Aloo Bhujia,Namkeen,67,300,20100,Friday,0,0,None,60,1,0,37.4
2025-05-24,Station Road,Rasgulla,Sweet,36,280,10080,Saturday,1,0,None,60,1,0,34.8
2025-05-24,Station Road,Gulab Jamun,Sweet,74,300,22200,Saturday,1,0,None,60,1,0,34.8
2025-05-24,Station Road,Kaju Katli,Sweet,79,900,71100,Saturday,1,0,None,60,1,0,34.8
2025-05-24,Station Road,Besan Barfi,Sweet,64,420,26880,Saturday,1,0,None,60,1,0,34.8
2025-05-24,Station Road,Motichoor Laddu,Sweet,59,380,22420,Saturday,1,0,None,60,1,0,34.8
2025-05-24,Station Road,Ghewar,Sweet,1,500,500,Saturday,1,0,None,60,1,0,34.8
2025-05-24,Station Road,Gajak,Sweet,1,320,320,Saturday,1,0,None,60,1,0,34.8
2025-05-24,Station Road,Soan Papdi,Sweet,30,300,9000,Saturday,1,0,None,60,1,0,34.8
2025-05-24,Station Road,Bikaneri Bhujia,Namkeen,162,360,58320,Saturday,1,0,None,60,1,0,34.8
2025-05-24,Station Road,Aloo Bhujia,Namkeen,77,300,23100,Saturday,1,0,None,60,1,0,34.8
2025-05-25,Station Road,Rasgulla,Sweet,42,280,11760,Sunday,1,0,None,60,1,0,37.9
2025-05-25,Station Road,Gulab Jamun,Sweet,87,300,26100,Sunday,1,0,None,60,1,0,37.9
2025-05-25,Station Road,Kaju Katli,Sweet,52,900,46800,Sunday,1,0,None,60,1,0,37.9
2025-05-25,Station Road,Besan Barfi,Sweet,59,420,24780,Sunday,1,0,None,60,1,0,37.9
2025-05-25,Station Road,Motichoor Laddu,Sweet,49,380,18620,Sunday,1,0,None,60,1,0,37.9
2025-05-25,Station Road,Ghewar,Sweet,3,500,1500,Sunday,1,0,None,60,1,0,37.9
2025-05-25,Station Road,Gajak,Sweet,2,320,640,Sunday,1,0,None,60,1,0,37.9
2025-05-25,Station Road,Soan Papdi,Sweet,34,300,10200,Sunday,1,0,None,60,1,0,37.9
2025-05-25,Station Road,Bikaneri Bhujia,Namkeen,154,360,55440,Sunday,1,0,None,60,1,0,37.9
2025-05-25,Station Road,Aloo Bhujia,Namkeen,78,300,23400,Sunday,1,0,None,60,1,0,37.9
2025-05-26,Station Road,Rasgulla,Sweet,36,280,10080,Monday,0,0,None,60,1,0,35.1
2025-05-26,Station Road,Gulab Jamun,Sweet,50,300,15000,Monday,0,0,None,60,1,0,35.1
2025-05-26,Station Road,Kaju Katli,Sweet,37,900,33300,Monday,0,0,None,60,1,0,35.1
2025-05-26,Station Road,Besan Barfi,Sweet,47,420,19740,Monday,0,0,None,60,1,0,35.1
2025-05-26,Station Road,Motichoor Laddu,Sweet,53,342,18126,Monday,0,0,None,60,1,1,35.1
2025-05-26,Station Road,Ghewar,Sweet,3,500,1500,Monday,0,0,None,60,1,0,35.1
2025-05-26,Station Road,Gajak,Sweet,1,320,320,Monday,0,0,None,60,1,0,35.1
2025-05-26,Station Road,Soan Papdi,Sweet,16,300,4800,Monday,0,0,None,60,1,0,35.1
2025-05-26,Station Road,Bikaneri Bhujia,Namkeen,93,360,33480,Monday,0,0,None,60,1,0,35.1
2025-05-26,Station Road,Aloo Bhujia,Namkeen,44,300,13200,Monday,0,0,None,60,1,0,35.1
2025-05-27,Station Road,Rasgulla,Sweet,39,280,10920,Tuesday,0,0,None,60,1,0,38.3
2025-05-27,Station Road,Gulab Jamun,Sweet,42,300,12600,Tuesday,0,0,None,60,1,0,38.3
2025-05-27,Station Road,Kaju Katli,Sweet,39,900,35100,Tuesday,0,0,None,60,1,0,38.3
2025-05-27,Station Road,Besan Barfi,Sweet,40,420,16800,Tuesday,0,0,None,60,1,0,38.3
2025-05-27,Station Road,Motichoor Laddu,Sweet,35,380,13300,Tuesday,0,0,None,60,1,0,38.3
2025-05-27,Station Road,Ghewar,Sweet,1,500,500,Tuesday,0,0,None,60,1,0,38.3
2025-05-27,Station Road,Gajak,Sweet,3,320,960,Tuesday,0,0,None,60,1,0,38.3
2025-05-27,Station Road,Soan Papdi,Sweet,27,300,8100,Tuesday,0,0,None,60,1,0,38.3
2025-05-27,Station Road,Bikaneri Bhujia,Namkeen,117,360,42120,Tuesday,0,0,None,60,1,0,38.3
2025-05-27,Station Road,Aloo Bhujia,Namkeen,41,300,12300,Tuesday,0,0,None,60,1,0,38.3
2025-05-28,Station Road,Rasgulla,Sweet,30,280,8400,Wednesday,0,0,None,60,1,0,37.5
2025-05-28,Station Road,Gulab Jamun,Sweet,46,300,13800,Wednesday,0,0,None,60,1,0,37.5
2025-05-28,Station Road,Kaju Katli,Sweet,28,900,25200,Wednesday,0,0,None,60,1,0,37.5
2025-05-28,Station Road,Besan Barfi,Sweet,46,420,19320,Wednesday,0,0,None,60,1,0,37.5
2025-05-28,Station Road,Motichoor Laddu,Sweet,36,380,13680,Wednesday,0,0,None,60,1,0,37.5
2025-05-28,Station Road,Ghewar,Sweet,2,500,1000,Wednesday,0,0,None,60,1,0,37.5
2025-05-28,Station Road,Gajak,Sweet,2,320,640,Wednesday,0,0,None,60,1,0,37.5
2025-05-28,Station Road,Soan Papdi,Sweet,28,300,8400,Wednesday,0,0,None,60,1,0,37.5
2025-05-28,Station Road,Bikaneri Bhujia,Namkeen,126,360,45360,Wednesday,0,0,None,60,1,0,37.5
2025-05-28,Station Road,Aloo Bhujia,Namkeen,64,270,17280,Wednesday,0,0,None,60,1,1,37.5
2025-05-29,Station Road,Rasgulla,Sweet,38,280,10640,Thursday,0,0,None,60,1,0,36.2
2025-05-29,Station Road,Gulab Jamun,Sweet,49,300,14700,Thursday,0,0,None,60,1,0,36.2
2025-05-29,Station Road,Kaju Katli,Sweet,47,900,42300,Thursday,0,0,None,60,1,0,36.2
2025-05-29,Station Road,Besan Barfi,Sweet,50,420,21000,Thursday,0,0,None,60,1,0,36.2
2025-05-29,Station Road,Motichoor Laddu,Sweet,39,380,14820,Thursday,0,0,None,60,1,0,36.2
2025-05-29,Station Road,Ghewar,Sweet,1,500,500,Thursday,0,0,None,60,1,0,36.2
2025-05-29,Station Road,Gajak,Sweet,3,320,960,Thursday,0,0,None,60,1,0,36.2
2025-05-29,Station Road,Soan Papdi,Sweet,26,300,7800,Thursday,0,0,None,60,1,0,36.2
2025-05-29,Station Road,Bikaneri Bhujia,Namkeen,132,360,47520,Thursday,0,0,None,60,1,0,36.2
2025-05-29,Station Road,Aloo Bhujia,Namkeen,50,300,15000,Thursday,0,0,None,60,1,0,36.2
2025-05-30,Station Road,Rasgulla,Sweet,51,252,12852,Friday,0,0,None,60,1,1,36.3
2025-05-30,Station Road,Gulab Jamun,Sweet,72,300,21600,Friday,0,0,None,60,1,0,36.3
2025-05-30,Station Road,Kaju Katli,Sweet,52,900,46800,Friday,0,0,None,60,1,0,36.3
2025-05-30,Station Road,Besan Barfi,Sweet,56,420,23520,Friday,0,0,None,60,1,0,36.3
2025-05-30,Station Road,Motichoor Laddu,Sweet,54,380,20520,Friday,0,0,None,60,1,0,36.3
2025-05-30,Station Road,Ghewar,Sweet,0,500,0,Friday,0,0,None,60,1,0,36.3
2025-05-30,Station Road,Gajak,Sweet,1,320,320,Friday,0,0,None,60,1,0,36.3
2025-05-30,Station Road,Soan Papdi,Sweet,36,300,10800,Friday,0,0,None,60,1,0,36.3
2025-05-30,Station Road,Bikaneri Bhujia,Namkeen,148,360,53280,Friday,0,0,None,60,1,0,36.3
2025-05-30,Station Road,Aloo Bhujia,Namkeen,57,300,17100,Friday,0,0,None,60,1,0,36.3
2025-05-31,Station Road,Rasgulla,Sweet,40,280,11200,Saturday,1,0,None,60,1,0,36.3
2025-05-31,Station Road,Gulab Jamun,Sweet,81,300,24300,Saturday,1,0,None,60,1,0,36.3
2025-05-31,Station Road,Kaju Katli,Sweet,41,900,36900,Saturday,1,0,None,60,1,0,36.3
2025-05-31,Station Road,Besan Barfi,Sweet,61,420,25620,Saturday,1,0,None,60,1,0,36.3
2025-05-31,Station Road,Motichoor Laddu,Sweet,74,342,25308,Saturday,1,0,None,60,1,1,36.3
2025-05-31,Station Road,Ghewar,Sweet,1,500,500,Saturday,1,0,None,60,1,0,36.3
2025-05-31,Station Road,Gajak,Sweet,6,320,1920,Saturday,1,0,None,60,1,0,36.3
2025-05-31,Station Road,Soan Papdi,Sweet,34,300,10200,Saturday,1,0,None,60,1,0,36.3
2025-05-31,Station Road,Bikaneri Bhujia,Namkeen,157,360,56520,Saturday,1,0,None,60,1,0,36.3
2025-05-31,Station Road,Aloo Bhujia,Namkeen,71,300,21300,Saturday,1,0,None,60,1,0,36.3
2025-06-01,Station Road,Rasgulla,Sweet,48,280,13440,Sunday,1,0,None,60,1,0,38.7
2025-06-01,Station Road,Gulab Jamun,Sweet,86,300,25800,Sunday,1,0,None,60,1,0,38.7
2025-06-01,Station Road,Kaju Katli,Sweet,59,900,53100,Sunday,1,0,None,60,1,0,38.7
2025-06-01,Station Road,Besan Barfi,Sweet,74,378,27972,Sunday,1,0,None,60,1,1,38.7
2025-06-01,Station Road,Motichoor Laddu,Sweet,51,380,19380,Sunday,1,0,None,60,1,0,38.7
2025-06-01,Station Road,Ghewar,Sweet,28,500,14000,Sunday,1,0,None,60,1,0,38.7
2025-06-01,Station Road,Gajak,Sweet,3,320,960,Sunday,1,0,None,60,1,0,38.7
2025-06-01,Station Road,Soan Papdi,Sweet,38,300,11400,Sunday,1,0,None,60,1,0,38.7
2025-06-01,Station Road,Bikaneri Bhujia,Namkeen,209,324,67716,Sunday,1,0,None,60,1,1,38.7
2025-06-01,Station Road,Aloo Bhujia,Namkeen,76,300,22800,Sunday,1,0,None,60,1,0,38.7
2025-06-02,Station Road,Rasgulla,Sweet,37,280,10360,Monday,0,0,None,60,1,0,36.6
2025-06-02,Station Road,Gulab Jamun,Sweet,48,300,14400,Monday,0,0,None,60,1,0,36.6
2025-06-02,Station Road,Kaju Katli,Sweet,35,900,31500,Monday,0,0,None,60,1,0,36.6
2025-06-02,Station Road,Besan Barfi,Sweet,54,378,20412,Monday,0,0,None,60,1,1,36.6
2025-06-02,Station Road,Motichoor Laddu,Sweet,42,380,15960,Monday,0,0,None,60,1,0,36.6
2025-06-02,Station Road,Ghewar,Sweet,24,500,12000,Monday,0,0,None,60,1,0,36.6
2025-06-02,Station Road,Gajak,Sweet,0,320,0,Monday,0,0,None,60,1,0,36.6
2025-06-02,Station Road,Soan Papdi,Sweet,44,270,11880,Monday,0,0,None,60,1,1,36.6
2025-06-02,Station Road,Bikaneri Bhujia,Namkeen,104,360,37440,Monday,0,0,None,60,1,0,36.6
2025-06-02,Station Road,Aloo Bhujia,Namkeen,52,300,15600,Monday,0,0,None,60,1,0,36.6
2025-06-03,Station Road,Rasgulla,Sweet,47,280,13160,Tuesday,0,0,None,60,1,0,38.8
2025-06-03,Station Road,Gulab Jamun,Sweet,52,300,15600,Tuesday,0,0,None,60,1,0,38.8
2025-06-03,Station Road,Kaju Katli,Sweet,33,900,29700,Tuesday,0,0,None,60,1,0,38.8
2025-06-03,Station Road,Besan Barfi,Sweet,45,420,18900,Tuesday,0,0,None,60,1,0,38.8
2025-06-03,Station Road,Motichoor Laddu,Sweet,40,380,15200,Tuesday,0,0,None,60,1,0,38.8
2025-06-03,Station Road,Ghewar,Sweet,18,500,9000,Tuesday,0,0,None,60,1,0,38.8
2025-06-03,Station Road,Gajak,Sweet,3,320,960,Tuesday,0,0,None,60,1,0,38.8
2025-06-03,Station Road,Soan Papdi,Sweet,17,300,5100,Tuesday,0,0,None,60,1,0,38.8
2025-06-03,Station Road,Bikaneri Bhujia,Namkeen,116,360,41760,Tuesday,0,0,None,60,1,0,38.8
2025-06-03,Station Road,Aloo Bhujia,Namkeen,39,300,11700,Tuesday,0,0,None,60,1,0,38.8
2025-06-04,Station Road,Rasgulla,Sweet,28,280,7840,Wednesday,0,0,None,60,1,0,40.8
2025-06-04,Station Road,Gulab Jamun,Sweet,57,300,17100,Wednesday,0,0,None,60,1,0,40.8
2025-06-04,Station Road,Kaju Katli,Sweet,47,900,42300,Wednesday,0,0,None,60,1,0,40.8
2025-06-04,Station Road,Besan Barfi,Sweet,49,420,20580,Wednesday,0,0,None,60,1,0,40.8
2025-06-04,Station Road,Motichoor Laddu,Sweet,48,380,18240,Wednesday,0,0,None,60,1,0,40.8
2025-06-04,Station Road,Ghewar,Sweet,15,500,7500,Wednesday,0,0,None,60,1,0,40.8
2025-06-04,Station Road,Gajak,Sweet,3,320,960,Wednesday,0,0,None,60,1,0,40.8
2025-06-04,Station Road,Soan Papdi,Sweet,32,300,9600,Wednesday,0,0,None,60,1,0,40.8
2025-06-04,Station Road,Bikaneri Bhujia,Namkeen,117,360,42120,Wednesday,0,0,None,60,1,0,40.8
2025-06-04,Station Road,Aloo Bhujia,Namkeen,45,300,13500,Wednesday,0,0,None,60,1,0,40.8
2025-06-05,Station Road,Rasgulla,Sweet,30,280,8400,Thursday,0,0,None,60,1,0,39.7
2025-06-05,Station Road,Gulab Jamun,Sweet,47,300,14100,Thursday,0,0,None,60,1,0,39.7
2025-06-05,Station Road,Kaju Katli,Sweet,53,900,47700,Thursday,0,0,None,60,1,0,39.7
2025-06-05,Station Road,Besan Barfi,Sweet,39,420,16380,Thursday,0,0,None,60,1,0,39.7
2025-06-05,Station Road,Motichoor Laddu,Sweet,57,380,21660,Thursday,0,0,None,60,1,0,39.7
2025-06-05,Station Road,Ghewar,Sweet,15,500,7500,Thursday,0,0,None,60,1,0,39.7
2025-06-05,Station Road,Gajak,Sweet,1,320,320,Thursday,0,0,None,60,1,0,39.7
2025-06-05,Station Road,Soan Papdi,Sweet,23,300,6900,Thursday,0,0,None,60,1,0,39.7
2025-06-05,Station Road,Bikaneri Bhujia,Namkeen,127,360,45720,Thursday,0,0,None,60,1,0,39.7
2025-06-05,Station Road,Aloo Bhujia,Namkeen,66,300,19800,Thursday,0,0,None,60,1,0,39.7
2025-06-06,Station Road,Rasgulla,Sweet,33,280,9240,Friday,0,0,None,60,1,0,37.8
2025-06-06,Station Road,Gulab Jamun,Sweet,57,300,17100,Friday,0,0,None,60,1,0,37.8
2025-06-06,Station Road,Kaju Katli,Sweet,42,900,37800,Friday,0,0,None,60,1,0,37.8
2025-06-06,Station Road,Besan Barfi,Sweet,49,420,20580,Friday,0,0,None,60,1,0,37.8
2025-06-06,Station Road,Motichoor Laddu,Sweet,54,380,20520,Friday,0,0,None,60,1,0,37.8
2025-06-06,Station Road,Ghewar,Sweet,24,500,12000,Friday,0,0,None,60,1,0,37.8
2025-06-06,Station Road,Gajak,Sweet,1,320,320,Friday,0,0,None,60,1,0,37.8
2025-06-06,Station Road,Soan Papdi,Sweet,26,300,7800,Friday,0,0,None,60,1,0,37.8
2025-06-06,Station Road,Bikaneri Bhujia,Namkeen,135,360,48600,Friday,0,0,None,60,1,0,37.8
2025-06-06,Station Road,Aloo Bhujia,Namkeen,55,300,16500,Friday,0,0,None,60,1,0,37.8
2025-06-07,Station Road,Rasgulla,Sweet,39,280,10920,Saturday,1,0,None,60,1,0,40.2
2025-06-07,Station Road,Gulab Jamun,Sweet,99,270,26730,Saturday,1,0,None,60,1,1,40.2
2025-06-07,Station Road,Kaju Katli,Sweet,55,900,49500,Saturday,1,0,None,60,1,0,40.2
2025-06-07,Station Road,Besan Barfi,Sweet,63,420,26460,Saturday,1,0,None,60,1,0,40.2
2025-06-07,Station Road,Motichoor Laddu,Sweet,69,380,26220,Saturday,1,0,None,60,1,0,40.2
2025-06-07,Station Road,Ghewar,Sweet,32,500,16000,Saturday,1,0,None,60,1,0,40.2
2025-06-07,Station Road,Gajak,Sweet,2,320,640,Saturday,1,0,None,60,1,0,40.2
2025-06-07,Station Road,Soan Papdi,Sweet,34,300,10200,Saturday,1,0,None,60,1,0,40.2
2025-06-07,Station Road,Bikaneri Bhujia,Namkeen,160,360,57600,Saturday,1,0,None,60,1,0,40.2
2025-06-07,Station Road,Aloo Bhujia,Namkeen,72,300,21600,Saturday,1,0,None,60,1,0,40.2
2025-06-08,Station Road,Rasgulla,Sweet,54,280,15120,Sunday,1,0,None,60,1,0,39.7
2025-06-08,Station Road,Gulab Jamun,Sweet,69,300,20700,Sunday,1,0,None,60,1,0,39.7
2025-06-08,Station Road,Kaju Katli,Sweet,51,900,45900,Sunday,1,0,None,60,1,0,39.7
2025-06-08,Station Road,Besan Barfi,Sweet,55,420,23100,Sunday,1,0,None,60,1,0,39.7
2025-06-08,Station Road,Motichoor Laddu,Sweet,75,380,28500,Sunday,1,0,None,60,1,0,39.7
2025-06-08,Station Road,Ghewar,Sweet,35,500,17500,Sunday,1,0,None,60,1,0,39.7
2025-06-08,Station Road,Gajak,Sweet,6,320,1920,Sunday,1,0,None,60,1,0,39.7
2025-06-08,Station Road,Soan Papdi,Sweet,40,300,12000,Sunday,1,0,None,60,1,0,39.7
2025-06-08,Station Road,Bikaneri Bhujia,Namkeen,161,360,57960,Sunday,1,0,None,60,1,0,39.7
2025-06-08,Station Road,Aloo Bhujia,Namkeen,77,300,23100,Sunday,1,0,None,60,1,0,39.7
2025-06-09,Station Road,Rasgulla,Sweet,31,280,8680,Monday,0,0,None,60,1,0,41.2
2025-06-09,Station Road,Gulab Jamun,Sweet,37,300,11100,Monday,0,0,None,60,1,0,41.2
2025-06-09,Station Road,Kaju Katli,Sweet,33,900,29700,Monday,0,0,None,60,1,0,41.2
2025-06-09,Station Road,Besan Barfi,Sweet,45,420,18900,Monday,0,0,None,60,1,0,41.2
2025-06-09,Station Road,Motichoor Laddu,Sweet,43,380,16340,Monday,0,0,None,60,1,0,41.2
2025-06-09,Station Road,Ghewar,Sweet,22,500,11000,Monday,0,0,None,60,1,0,41.2
2025-06-09,Station Road,Gajak,Sweet,0,320,0,Monday,0,0,None,60,1,0,41.2
2025-06-09,Station Road,Soan Papdi,Sweet,23,300,6900,Monday,0,0,None,60,1,0,41.2
2025-06-09,Station Road,Bikaneri Bhujia,Namkeen,124,360,44640,Monday,0,0,None,60,1,0,41.2
2025-06-09,Station Road,Aloo Bhujia,Namkeen,48,300,14400,Monday,0,0,None,60,1,0,41.2
2025-06-10,Station Road,Rasgulla,Sweet,30,280,8400,Tuesday,0,0,None,60,1,0,39.8
2025-06-10,Station Road,Gulab Jamun,Sweet,44,300,13200,Tuesday,0,0,None,60,1,0,39.8
2025-06-10,Station Road,Kaju Katli,Sweet,53,900,47700,Tuesday,0,0,None,60,1,0,39.8
2025-06-10,Station Road,Besan Barfi,Sweet,47,420,19740,Tuesday,0,0,None,60,1,0,39.8
2025-06-10,Station Road,Motichoor Laddu,Sweet,51,380,19380,Tuesday,0,0,None,60,1,0,39.8
2025-06-10,Station Road,Ghewar,Sweet,15,500,7500,Tuesday,0,0,None,60,1,0,39.8
2025-06-10,Station Road,Gajak,Sweet,2,320,640,Tuesday,0,0,None,60,1,0,39.8
2025-06-10,Station Road,Soan Papdi,Sweet,29,300,8700,Tuesday,0,0,None,60,1,0,39.8
2025-06-10,Station Road,Bikaneri Bhujia,Namkeen,125,360,45000,Tuesday,0,0,None,60,1,0,39.8
2025-06-10,Station Road,Aloo Bhujia,Namkeen,38,300,11400,Tuesday,0,0,None,60,1,0,39.8
2025-06-11,Station Road,Rasgulla,Sweet,28,280,7840,Wednesday,0,0,None,59,1,0,37.7
2025-06-11,Station Road,Gulab Jamun,Sweet,53,300,15900,Wednesday,0,0,None,59,1,0,37.7
2025-06-11,Station Road,Kaju Katli,Sweet,38,900,34200,Wednesday,0,0,None,59,1,0,37.7
2025-06-11,Station Road,Besan Barfi,Sweet,50,420,21000,Wednesday,0,0,None,59,1,0,37.7
2025-06-11,Station Road,Motichoor Laddu,Sweet,49,380,18620,Wednesday,0,0,None,59,1,0,37.7
2025-06-11,Station Road,Ghewar,Sweet,15,500,7500,Wednesday,0,0,None,59,1,0,37.7
2025-06-11,Station Road,Gajak,Sweet,1,320,320,Wednesday,0,0,None,59,1,0,37.7
2025-06-11,Station Road,Soan Papdi,Sweet,21,300,6300,Wednesday,0,0,None,59,1,0,37.7
2025-06-11,Station Road,Bikaneri Bhujia,Namkeen,99,360,35640,Wednesday,0,0,None,59,1,0,37.7
2025-06-11,Station Road,Aloo Bhujia,Namkeen,38,300,11400,Wednesday,0,0,None,59,1,0,37.7
2025-06-12,Station Road,Rasgulla,Sweet,35,280,9800,Thursday,0,0,None,58,1,0,40.6
2025-06-12,Station Road,Gulab Jamun,Sweet,72,300,21600,Thursday,0,0,None,58,1,0,40.6
2025-06-12,Station Road,Kaju Katli,Sweet,55,810,44550,Thursday,0,0,None,58,1,1,40.6
2025-06-12,Station Road,Besan Barfi,Sweet,50,420,21000,Thursday,0,0,None,58,1,0,40.6
2025-06-12,Station Road,Motichoor Laddu,Sweet,49,380,18620,Thursday,0,0,None,58,1,0,40.6
2025-06-12,Station Road,Ghewar,Sweet,22,500,11000,Thursday,0,0,None,58,1,0,40.6
2025-06-12,Station Road,Gajak,Sweet,4,320,1280,Thursday,0,0,None,58,1,0,40.6
2025-06-12,Station Road,Soan Papdi,Sweet,30,300,9000,Thursday,0,0,None,58,1,0,40.6
2025-06-12,Station Road,Bikaneri Bhujia,Namkeen,134,360,48240,Thursday,0,0,None,58,1,0,40.6
2025-06-12,Station Road,Aloo Bhujia,Namkeen,55,300,16500,Thursday,0,0,None,58,1,0,40.6
2025-06-13,Station Road,Rasgulla,Sweet,39,280,10920,Friday,0,0,None,57,1,0,37.1
2025-06-13,Station Road,Gulab Jamun,Sweet,58,300,17400,Friday,0,0,None,57,1,0,37.1
2025-06-13,Station Road,Kaju Katli,Sweet,38,900,34200,Friday,0,0,None,57,1,0,37.1
2025-06-13,Station Road,Besan Barfi,Sweet,65,420,27300,Friday,0,0,None,57,1,0,37.1
2025-06-13,Station Road,Motichoor Laddu,Sweet,50,380,19000,Friday,0,0,None,57,1,0,37.1
2025-06-13,Station Road,Ghewar,Sweet,13,500,6500,Friday,0,0,None,57,1,0,37.1
2025-06-13,Station Road,Gajak,Sweet,1,320,320,Friday,0,0,None,57,1,0,37.1
2025-06-13,Station Road,Soan Papdi,Sweet,46,270,12420,Friday,0,0,None,57,1,1,37.1
2025-06-13,Station Road,Bikaneri Bhujia,Namkeen,159,360,57240,Friday,0,0,None,57,1,0,37.1
2025-06-13,Station Road,Aloo Bhujia,Namkeen,63,300,18900,Friday,0,0,None,57,1,0,37.1
2025-06-14,Station Road,Rasgulla,Sweet,47,280,13160,Saturday,1,0,None,56,1,0,41.5
2025-06-14,Station Road,Gulab Jamun,Sweet,65,300,19500,Saturday,1,0,None,56,1,0,41.5
2025-06-14,Station Road,Kaju Katli,Sweet,52,900,46800,Saturday,1,0,None,56,1,0,41.5
2025-06-14,Station Road,Besan Barfi,Sweet,66,420,27720,Saturday,1,0,None,56,1,0,41.5
2025-06-14,Station Road,Motichoor Laddu,Sweet,77,380,29260,Saturday,1,0,None,56,1,0,41.5
2025-06-14,Station Road,Ghewar,Sweet,30,500,15000,Saturday,1,0,None,56,1,0,41.5
2025-06-14,Station Road,Gajak,Sweet,4,320,1280,Saturday,1,0,None,56,1,0,41.5
2025-06-14,Station Road,Soan Papdi,Sweet,39,300,11700,Saturday,1,0,None,56,1,0,41.5
2025-06-14,Station Road,Bikaneri Bhujia,Namkeen,212,324,68688,Saturday,1,0,None,56,1,1,41.5
2025-06-14,Station Road,Aloo Bhujia,Namkeen,86,300,25800,Saturday,1,0,None,56,1,0,41.5
2025-06-15,Station Road,Rasgulla,Sweet,51,280,14280,Sunday,1,0,None,55,1,0,37.9
2025-06-15,Station Road,Gulab Jamun,Sweet,88,300,26400,Sunday,1,0,None,55,1,0,37.9
2025-06-15,Station Road,Kaju Katli,Sweet,66,900,59400,Sunday,1,0,None,55,1,0,37.9
2025-06-15,Station Road,Besan Barfi,Sweet,60,420,25200,Sunday,1,0,None,55,1,0,37.9
2025-06-15,Station Road,Motichoor Laddu,Sweet,71,380,26980,Sunday,1,0,None,55,1,0,37.9
2025-06-15,Station Road,Ghewar,Sweet,27,500,13500,Sunday,1,0,None,55,1,0,37.9
2025-06-15,Station Road,Gajak,Sweet,0,320,0,Sunday,1,0,None,55,1,0,37.9
2025-06-15,Station Road,Soan Papdi,Sweet,38,300,11400,Sunday,1,0,None,55,1,0,37.9
2025-06-15,Station Road,Bikaneri Bhujia,Namkeen,163,360,58680,Sunday,1,0,None,55,1,0,37.9
2025-06-15,Station Road,Aloo Bhujia,Namkeen,72,300,21600,Sunday,1,0,None,55,1,0,37.9
2025-06-16,Station Road,Rasgulla,Sweet,30,280,8400,Monday,0,0,None,54,1,0,41.4
2025-06-16,Station Road,Gulab Jamun,Sweet,50,300,15000,Monday,0,0,None,54,1,0,41.4
2025-06-16,Station Road,Kaju Katli,Sweet,27,900,24300,Monday,0,0,None,54,1,0,41.4
2025-06-16,Station Road,Besan Barfi,Sweet,53,420,22260,Monday,0,0,None,54,1,0,41.4
2025-06-16,Station Road,Motichoor Laddu,Sweet,43,380,16340,Monday,0,0,None,54,1,0,41.4
2025-06-16,Station Road,Ghewar,Sweet,32,450,14400,Monday,0,0,None,54,1,1,41.4
2025-06-16,Station Road,Gajak,Sweet,2,320,640,Monday,0,0,None,54,1,0,41.4
2025-06-16,Station Road,Soan Papdi,Sweet,30,300,9000,Monday,0,0,None,54,1,0,41.4
2025-06-16,Station Road,Bikaneri Bhujia,Namkeen,145,360,52200,Monday,0,0,None,54,1,0,41.4
2025-06-16,Station Road,Aloo Bhujia,Namkeen,49,300,14700,Monday,0,0,None,54,1,0,41.4
2025-06-17,Station Road,Rasgulla,Sweet,41,280,11480,Tuesday,0,0,None,53,1,0,39.3
2025-06-17,Station Road,Gulab Jamun,Sweet,55,300,16500,Tuesday,0,0,None,53,1,0,39.3
2025-06-17,Station Road,Kaju Katli,Sweet,37,810,29970,Tuesday,0,0,None,53,1,1,39.3
2025-06-17,Station Road,Besan Barfi,Sweet,48,420,20160,Tuesday,0,0,None,53,1,0,39.3
2025-06-17,Station Road,Motichoor Laddu,Sweet,40,380,15200,Tuesday,0,0,None,53,1,0,39.3
2025-06-17,Station Road,Ghewar,Sweet,14,500,7000,Tuesday,0,0,None,53,1,0,39.3
2025-06-17,Station Road,Gajak,Sweet,0,320,0,Tuesday,0,0,None,53,1,0,39.3
2025-06-17,Station Road,Soan Papdi,Sweet,17,300,5100,Tuesday,0,0,None,53,1,0,39.3
2025-06-17,Station Road,Bikaneri Bhujia,Namkeen,126,360,45360,Tuesday,0,0,None,53,1,0,39.3
2025-06-17,Station Road,Aloo Bhujia,Namkeen,52,300,15600,Tuesday,0,0,None,53,1,0,39.3
2025-06-18,Station Road,Rasgulla,Sweet,40,280,11200,Wednesday,0,0,None,52,1,0,40.2
2025-06-18,Station Road,Gulab Jamun,Sweet,60,300,18000,Wednesday,0,0,None,52,1,0,40.2
2025-06-18,Station Road,Kaju Katli,Sweet,28,900,25200,Wednesday,0,0,None,52,1,0,40.2
2025-06-18,Station Road,Besan Barfi,Sweet,54,420,22680,Wednesday,0,0,None,52,1,0,40.2
2025-06-18,Station Road,Motichoor Laddu,Sweet,49,380,18620,Wednesday,0,0,None,52,1,0,40.2
2025-06-18,Station Road,Ghewar,Sweet,17,500,8500,Wednesday,0,0,None,52,1,0,40.2
2025-06-18,Station Road,Gajak,Sweet,1,320,320,Wednesday,0,0,None,52,1,0,40.2
2025-06-18,Station Road,Soan Papdi,Sweet,33,300,9900,Wednesday,0,0,None,52,1,0,40.2
2025-06-18,Station Road,Bikaneri Bhujia,Namkeen,130,360,46800,Wednesday,0,0,None,52,1,0,40.2
2025-06-18,Station Road,Aloo Bhujia,Namkeen,43,300,12900,Wednesday,0,0,None,52,1,0,40.2
2025-06-19,Station Road,Rasgulla,Sweet,40,280,11200,Thursday,0,0,None,51,1,0,35.7
2025-06-19,Station Road,Gulab Jamun,Sweet,56,300,16800,Thursday,0,0,None,51,1,0,35.7
2025-06-19,Station Road,Kaju Katli,Sweet,48,900,43200,Thursday,0,0,None,51,1,0,35.7
2025-06-19,Station Road,Besan Barfi,Sweet,51,420,21420,Thursday,0,0,None,51,1,0,35.7
2025-06-19,Station Road,Motichoor Laddu,Sweet,40,380,15200,Thursday,0,0,None,51,1,0,35.7
2025-06-19,Station Road,Ghewar,Sweet,32,500,16000,Thursday,0,0,None,51,1,0,35.7
2025-06-19,Station Road,Gajak,Sweet,4,320,1280,Thursday,0,0,None,51,1,0,35.7
2025-06-19,Station Road,Soan Papdi,Sweet,19,300,5700,Thursday,0,0,None,51,1,0,35.7
2025-06-19,Station Road,Bikaneri Bhujia,Namkeen,120,360,43200,Thursday,0,0,None,51,1,0,35.7
2025-06-19,Station Road,Aloo Bhujia,Namkeen,47,300,14100,Thursday,0,0,None,51,1,0,35.7
2025-06-20,Station Road,Rasgulla,Sweet,48,280,13440,Friday,0,0,None,50,1,0,41.8
2025-06-20,Station Road,Gulab Jamun,Sweet,43,300,12900,Friday,0,0,None,50,1,0,41.8
2025-06-20,Station Road,Kaju Katli,Sweet,48,900,43200,Friday,0,0,None,50,1,0,41.8
2025-06-20,Station Road,Besan Barfi,Sweet,66,420,27720,Friday,0,0,None,50,1,0,41.8
2025-06-20,Station Road,Motichoor Laddu,Sweet,47,380,17860,Friday,0,0,None,50,1,0,41.8
2025-06-20,Station Road,Ghewar,Sweet,30,500,15000,Friday,0,0,None,50,1,0,41.8
2025-06-20,Station Road,Gajak,Sweet,2,320,640,Friday,0,0,None,50,1,0,41.8
2025-06-20,Station Road,Soan Papdi,Sweet,40,300,12000,Friday,0,0,None,50,1,0,41.8
2025-06-20,Station Road,Bikaneri Bhujia,Namkeen,116,360,41760,Friday,0,0,None,50,1,0,41.8
2025-06-20,Station Road,Aloo Bhujia,Namkeen,49,300,14700,Friday,0,0,None,50,1,0,41.8
2025-06-21,Station Road,Rasgulla,Sweet,38,280,10640,Saturday,1,0,None,49,1,0,40.5
2025-06-21,Station Road,Gulab Jamun,Sweet,48,300,14400,Saturday,1,0,None,49,1,0,40.5
2025-06-21,Station Road,Kaju Katli,Sweet,58,900,52200,Saturday,1,0,None,49,1,0,40.5
2025-06-21,Station Road,Besan Barfi,Sweet,70,420,29400,Saturday,1,0,None,49,1,0,40.5
2025-06-21,Station Road,Motichoor Laddu,Sweet,62,380,23560,Saturday,1,0,None,49,1,0,40.5
2025-06-21,Station Road,Ghewar,Sweet,35,450,15750,Saturday,1,0,None,49,1,1,40.5
2025-06-21,Station Road,Gajak,Sweet,4,320,1280,Saturday,1,0,None,49,1,0,40.5
2025-06-21,Station Road,Soan Papdi,Sweet,39,300,11700,Saturday,1,0,None,49,1,0,40.5
2025-06-21,Station Road,Bikaneri Bhujia,Namkeen,146,360,52560,Saturday,1,0,None,49,1,0,40.5
2025-06-21,Station Road,Aloo Bhujia,Namkeen,67,300,20100,Saturday,1,0,None,49,1,0,40.5
2025-06-22,Station Road,Rasgulla,Sweet,38,280,10640,Sunday,1,0,None,48,1,0,38.0
2025-06-22,Station Road,Gulab Jamun,Sweet,71,300,21300,Sunday,1,0,None,48,1,0,38.0
2025-06-22,Station Road,Kaju Katli,Sweet,62,900,55800,Sunday,1,0,None,48,1,0,38.0
2025-06-22,Station Road,Besan Barfi,Sweet,60,420,25200,Sunday,1,0,None,48,1,0,38.0
2025-06-22,Station Road,Motichoor Laddu,Sweet,82,380,31160,Sunday,1,0,None,48,1,0,38.0
2025-06-22,Station Road,Ghewar,Sweet,31,500,15500,Sunday,1,0,None,48,1,0,38.0
2025-06-22,Station Road,Gajak,Sweet,3,320,960,Sunday,1,0,None,48,1,0,38.0
2025-06-22,Station Road,Soan Papdi,Sweet,49,270,13230,Sunday,1,0,None,48,1,1,38.0
2025-06-22,Station Road,Bikaneri Bhujia,Namkeen,173,360,62280,Sunday,1,0,None,48,1,0,38.0
2025-06-22,Station Road,Aloo Bhujia,Namkeen,105,270,28350,Sunday,1,0,None,48,1,1,38.0
2025-06-23,Station Road,Rasgulla,Sweet,45,280,12600,Monday,0,0,None,47,1,0,40.7
2025-06-23,Station Road,Gulab Jamun,Sweet,49,300,14700,Monday,0,0,None,47,1,0,40.7
2025-06-23,Station Road,Kaju Katli,Sweet,37,900,33300,Monday,0,0,None,47,1,0,40.7
2025-06-23,Station Road,Besan Barfi,Sweet,42,420,17640,Monday,0,0,None,47,1,0,40.7
2025-06-23,Station Road,Motichoor Laddu,Sweet,42,380,15960,Monday,0,0,None,47,1,0,40.7
2025-06-23,Station Road,Ghewar,Sweet,21,500,10500,Monday,0,0,None,47,1,0,40.7
2025-06-23,Station Road,Gajak,Sweet,4,320,1280,Monday,0,0,None,47,1,0,40.7
2025-06-23,Station Road,Soan Papdi,Sweet,30,270,8100,Monday,0,0,None,47,1,1,40.7
2025-06-23,Station Road,Bikaneri Bhujia,Namkeen,103,360,37080,Monday,0,0,None,47,1,0,40.7
2025-06-23,Station Road,Aloo Bhujia,Namkeen,44,300,13200,Monday,0,0,None,47,1,0,40.7
2025-06-24,Station Road,Rasgulla,Sweet,26,280,7280,Tuesday,0,0,None,46,1,0,41.2
2025-06-24,Station Road,Gulab Jamun,Sweet,44,300,13200,Tuesday,0,0,None,46,1,0,41.2
2025-06-24,Station Road,Kaju Katli,Sweet,39,900,35100,Tuesday,0,0,None,46,1,0,41.2
2025-06-24,Station Road,Besan Barfi,Sweet,49,420,20580,Tuesday,0,0,None,46,1,0,41.2
2025-06-24,Station Road,Motichoor Laddu,Sweet,60,342,20520,Tuesday,0,0,None,46,1,1,41.2
2025-06-24,Station Road,Ghewar,Sweet,23,500,11500,Tuesday,0,0,None,46,1,0,41.2
2025-06-24,Station Road,Gajak,Sweet,2,320,640,Tuesday,0,0,None,46,1,0,41.2
2025-06-24,Station Road,Soan Papdi,Sweet,26,300,7800,Tuesday,0,0,None,46,1,0,41.2
2025-06-24,Station Road,Bikaneri Bhujia,Namkeen,119,360,42840,Tuesday,0,0,None,46,1,0,41.2
2025-06-24,Station Road,Aloo Bhujia,Namkeen,45,300,13500,Tuesday,0,0,None,46,1,0,41.2
2025-06-25,Station Road,Rasgulla,Sweet,38,280,10640,Wednesday,0,0,None,45,1,0,42.2
2025-06-25,Station Road,Gulab Jamun,Sweet,57,300,17100,Wednesday,0,0,None,45,1,0,42.2
2025-06-25,Station Road,Kaju Katli,Sweet,47,900,42300,Wednesday,0,0,None,45,1,0,42.2
2025-06-25,Station Road,Besan Barfi,Sweet,42,420,17640,Wednesday,0,0,None,45,1,0,42.2
2025-06-25,Station Road,Motichoor Laddu,Sweet,45,380,17100,Wednesday,0,0,None,45,1,0,42.2
2025-06-25,Station Road,Ghewar,Sweet,16,500,8000,Wednesday,0,0,None,45,1,0,42.2
2025-06-25,Station Road,Gajak,Sweet,3,320,960,Wednesday,0,0,None,45,1,0,42.2
2025-06-25,Station Road,Soan Papdi,Sweet,34,270,9180,Wednesday,0,0,None,45,1,1,42.2
2025-06-25,Station Road,Bikaneri Bhujia,Namkeen,119,360,42840,Wednesday,0,0,None,45,1,0,42.2
2025-06-25,Station Road,Aloo Bhujia,Namkeen,38,300,11400,Wednesday,0,0,None,45,1,0,42.2
2025-06-26,Station Road,Rasgulla,Sweet,37,280,10360,Thursday,0,0,None,44,1,0,41.9
2025-06-26,Station Road,Gulab Jamun,Sweet,56,300,16800,Thursday,0,0,None,44,1,0,41.9
2025-06-26,Station Road,Kaju Katli,Sweet,38,900,34200,Thursday,0,0,None,44,1,0,41.9
2025-06-26,Station Road,Besan Barfi,Sweet,46,420,19320,Thursday,0,0,None,44,1,0,41.9
2025-06-26,Station Road,Motichoor Laddu,Sweet,47,380,17860,Thursday,0,0,None,44,1,0,41.9
2025-06-26,Station Road,Ghewar,Sweet,26,500,13000,Thursday,0,0,None,44,1,0,41.9
2025-06-26,Station Road,Gajak,Sweet,1,320,320,Thursday,0,0,None,44,1,0,41.9
2025-06-26,Station Road,Soan Papdi,Sweet,33,300,9900,Thursday,0,0,None,44,1,0,41.9
2025-06-26,Station Road,Bikaneri Bhujia,Namkeen,155,360,55800,Thursday,0,0,None,44,1,0,41.9
2025-06-26,Station Road,Aloo Bhujia,Namkeen,42,300,12600,Thursday,0,0,None,44,1,0,41.9
2025-06-27,Station Road,Rasgulla,Sweet,44,280,12320,Friday,0,0,None,43,1,0,34.8
2025-06-27,Station Road,Gulab Jamun,Sweet,64,300,19200,Friday,0,0,None,43,1,0,34.8
2025-06-27,Station Road,Kaju Katli,Sweet,55,900,49500,Friday,0,0,None,43,1,0,34.8
2025-06-27,Station Road,Besan Barfi,Sweet,51,420,21420,Friday,0,0,None,43,1,0,34.8
2025-06-27,Station Road,Motichoor Laddu,Sweet,60,380,22800,Friday,0,0,None,43,1,0,34.8
2025-06-27,Station Road,Ghewar,Sweet,27,450,12150,Friday,0,0,None,43,1,1,34.8
2025-06-27,Station Road,Gajak,Sweet,0,320,0,Friday,0,0,None,43,1,0,34.8
2025-06-27,Station Road,Soan Papdi,Sweet,33,300,9900,Friday,0,0,None,43,1,0,34.8
2025-06-27,Station Road,Bikaneri Bhujia,Namkeen,155,360,55800,Friday,0,0,None,43,1,0,34.8
2025-06-27,Station Road,Aloo Bhujia,Namkeen,61,300,18300,Friday,0,0,None,43,1,0,34.8
2025-06-28,Station Road,Rasgulla,Sweet,51,280,14280,Saturday,1,0,None,42,1,0,41.1
2025-06-28,Station Road,Gulab Jamun,Sweet,66,300,19800,Saturday,1,0,None,42,1,0,41.1
2025-06-28,Station Road,Kaju Katli,Sweet,43,900,38700,Saturday,1,0,None,42,1,0,41.1
2025-06-28,Station Road,Besan Barfi,Sweet,59,420,24780,Saturday,1,0,None,42,1,0,41.1
2025-06-28,Station Road,Motichoor Laddu,Sweet,53,380,20140,Saturday,1,0,None,42,1,0,41.1
2025-06-28,Station Road,Ghewar,Sweet,28,500,14000,Saturday,1,0,None,42,1,0,41.1
2025-06-28,Station Road,Gajak,Sweet,4,320,1280,Saturday,1,0,None,42,1,0,41.1
2025-06-28,Station Road,Soan Papdi,Sweet,54,300,16200,Saturday,1,0,None,42,1,0,41.1
2025-06-28,Station Road,Bikaneri Bhujia,Namkeen,168,360,60480,Saturday,1,0,None,42,1,0,41.1
2025-06-28,Station Road,Aloo Bhujia,Namkeen,67,300,20100,Saturday,1,0,None,42,1,0,41.1
2025-06-29,Station Road,Rasgulla,Sweet,55,280,15400,Sunday,1,0,None,41,1,0,46.3
2025-06-29,Station Road,Gulab Jamun,Sweet,73,300,21900,Sunday,1,0,None,41,1,0,46.3
2025-06-29,Station Road,Kaju Katli,Sweet,57,900,51300,Sunday,1,0,None,41,1,0,46.3
2025-06-29,Station Road,Besan Barfi,Sweet,71,420,29820,Sunday,1,0,None,41,1,0,46.3
2025-06-29,Station Road,Motichoor Laddu,Sweet,76,380,28880,Sunday,1,0,None,41,1,0,46.3
2025-06-29,Station Road,Ghewar,Sweet,37,500,18500,Sunday,1,0,None,41,1,0,46.3
2025-06-29,Station Road,Gajak,Sweet,3,320,960,Sunday,1,0,None,41,1,0,46.3
2025-06-29,Station Road,Soan Papdi,Sweet,50,270,13500,Sunday,1,0,None,41,1,1,46.3
2025-06-29,Station Road,Bikaneri Bhujia,Namkeen,164,360,59040,Sunday,1,0,None,41,1,0,46.3
2025-06-29,Station Road,Aloo Bhujia,Namkeen,82,300,24600,Sunday,1,0,None,41,1,0,46.3
2025-06-30,Station Road,Rasgulla,Sweet,31,280,8680,Monday,0,0,None,40,1,0,41.0
2025-06-30,Station Road,Gulab Jamun,Sweet,49,300,14700,Monday,0,0,None,40,1,0,41.0
2025-06-30,Station Road,Kaju Katli,Sweet,36,900,32400,Monday,0,0,None,40,1,0,41.0
2025-06-30,Station Road,Besan Barfi,Sweet,57,420,23940,Monday,0,0,None,40,1,0,41.0
2025-06-30,Station Road,Motichoor Laddu,Sweet,43,380,16340,Monday,0,0,None,40,1,0,41.0
2025-06-30,Station Road,Ghewar,Sweet,17,500,8500,Monday,0,0,None,40,1,0,41.0
2025-06-30,Station Road,Gajak,Sweet,1,320,320,Monday,0,0,None,40,1,0,41.0
2025-06-30,Station Road,Soan Papdi,Sweet,26,300,7800,Monday,0,0,None,40,1,0,41.0
2025-06-30,Station Road,Bikaneri Bhujia,Namkeen,111,360,39960,Monday,0,0,None,40,1,0,41.0
2025-06-30,Station Road,Aloo Bhujia,Namkeen,50,300,15000,Monday,0,0,None,40,1,0,41.0
2025-07-01,Station Road,Rasgulla,Sweet,55,280,15400,Tuesday,0,0,None,39,1,0,42.8
2025-07-01,Station Road,Gulab Jamun,Sweet,65,300,19500,Tuesday,0,0,None,39,1,0,42.8
2025-07-01,Station Road,Kaju Katli,Sweet,45,900,40500,Tuesday,0,0,None,39,1,0,42.8
2025-07-01,Station Road,Besan Barfi,Sweet,55,420,23100,Tuesday,0,0,None,39,1,0,42.8
2025-07-01,Station Road,Motichoor Laddu,Sweet,34,380,12920,Tuesday,0,0,None,39,1,0,42.8
2025-07-01,Station Road,Ghewar,Sweet,68,500,34000,Tuesday,0,0,None,39,1,0,42.8
2025-07-01,Station Road,Gajak,Sweet,3,320,960,Tuesday,0,0,None,39,1,0,42.8
2025-07-01,Station Road,Soan Papdi,Sweet,29,300,8700,Tuesday,0,0,None,39,1,0,42.8
2025-07-01,Station Road,Bikaneri Bhujia,Namkeen,133,360,47880,Tuesday,0,0,None,39,1,0,42.8
2025-07-01,Station Road,Aloo Bhujia,Namkeen,52,300,15600,Tuesday,0,0,None,39,1,0,42.8
2025-07-02,Station Road,Rasgulla,Sweet,48,280,13440,Wednesday,0,0,None,38,1,0,38.9
2025-07-02,Station Road,Gulab Jamun,Sweet,71,300,21300,Wednesday,0,0,None,38,1,0,38.9
2025-07-02,Station Road,Kaju Katli,Sweet,42,900,37800,Wednesday,0,0,None,38,1,0,38.9
2025-07-02,Station Road,Besan Barfi,Sweet,36,420,15120,Wednesday,0,0,None,38,1,0,38.9
2025-07-02,Station Road,Motichoor Laddu,Sweet,36,380,13680,Wednesday,0,0,None,38,1,0,38.9
2025-07-02,Station Road,Ghewar,Sweet,70,500,35000,Wednesday,0,0,None,38,1,0,38.9
2025-07-02,Station Road,Gajak,Sweet,2,320,640,Wednesday,0,0,None,38,1,0,38.9
2025-07-02,Station Road,Soan Papdi,Sweet,23,300,6900,Wednesday,0,0,None,38,1,0,38.9
2025-07-02,Station Road,Bikaneri Bhujia,Namkeen,100,360,36000,Wednesday,0,0,None,38,1,0,38.9
2025-07-02,Station Road,Aloo Bhujia,Namkeen,33,300,9900,Wednesday,0,0,None,38,1,0,38.9
2025-07-03,Station Road,Rasgulla,Sweet,72,280,20160,Thursday,0,0,None,37,1,0,36.4
2025-07-03,Station Road,Gulab Jamun,Sweet,64,300,19200,Thursday,0,0,None,37,1,0,36.4
2025-07-03,Station Road,Kaju Katli,Sweet,39,900,35100,Thursday,0,0,None,37,1,0,36.4
2025-07-03,Station Road,Besan Barfi,Sweet,45,420,18900,Thursday,0,0,None,37,1,0,36.4
2025-07-03,Station Road,Motichoor Laddu,Sweet,54,380,20520,Thursday,0,0,None,37,1,0,36.4
2025-07-03,Station Road,Ghewar,Sweet,70,500,35000,Thursday,0,0,None,37,1,0,36.4
2025-07-03,Station Road,Gajak,Sweet,1,320,320,Thursday,0,0,None,37,1,0,36.4
2025-07-03,Station Road,Soan Papdi,Sweet,32,300,9600,Thursday,0,0,None,37,1,0,36.4
2025-07-03,Station Road,Bikaneri Bhujia,Namkeen,130,360,46800,Thursday,0,0,None,37,1,0,36.4
2025-07-03,Station Road,Aloo Bhujia,Namkeen,55,300,16500,Thursday,0,0,None,37,1,0,36.4
2025-07-04,Station Road,Rasgulla,Sweet,63,280,17640,Friday,0,0,None,36,1,0,39.4
2025-07-04,Station Road,Gulab Jamun,Sweet,58,300,17400,Friday,0,0,None,36,1,0,39.4
2025-07-04,Station Road,Kaju Katli,Sweet,39,900,35100,Friday,0,0,None,36,1,0,39.4
2025-07-04,Station Road,Besan Barfi,Sweet,52,420,21840,Friday,0,0,None,36,1,0,39.4
2025-07-04,Station Road,Motichoor Laddu,Sweet,57,380,21660,Friday,0,0,None,36,1,0,39.4
2025-07-04,Station Road,Ghewar,Sweet,74,500,37000,Friday,0,0,None,36,1,0,39.4
2025-07-04,Station Road,Gajak,Sweet,2,320,640,Friday,0,0,None,36,1,0,39.4
2025-07-04,Station Road,Soan Papdi,Sweet,33,300,9900,Friday,0,0,None,36,1,0,39.4
2025-07-04,Station Road,Bikaneri Bhujia,Namkeen,129,360,46440,Friday,0,0,None,36,1,0,39.4
2025-07-04,Station Road,Aloo Bhujia,Namkeen,59,300,17700,Friday,0,0,None,36,1,0,39.4
2025-07-05,Station Road,Rasgulla,Sweet,66,280,18480,Saturday,1,0,None,35,1,0,33.8
2025-07-05,Station Road,Gulab Jamun,Sweet,86,300,25800,Saturday,1,0,None,35,1,0,33.8
2025-07-05,Station Road,Kaju Katli,Sweet,44,900,39600,Saturday,1,0,None,35,1,0,33.8
2025-07-05,Station Road,Besan Barfi,Sweet,58,420,24360,Saturday,1,0,None,35,1,0,33.8
2025-07-05,Station Road,Motichoor Laddu,Sweet,62,380,23560,Saturday,1,0,None,35,1,0,33.8
2025-07-05,Station Road,Ghewar,Sweet,113,450,50850,Saturday,1,0,None,35,1,1,33.8
2025-07-05,Station Road,Gajak,Sweet,3,288,864,Saturday,1,0,None,35,1,1,33.8
2025-07-05,Station Road,Soan Papdi,Sweet,33,300,9900,Saturday,1,0,None,35,1,0,33.8
2025-07-05,Station Road,Bikaneri Bhujia,Namkeen,162,360,58320,Saturday,1,0,None,35,1,0,33.8
2025-07-05,Station Road,Aloo Bhujia,Namkeen,69,300,20700,Saturday,1,0,None,35,1,0,33.8
2025-07-06,Station Road,Rasgulla,Sweet,86,280,24080,Sunday,1,0,None,34,1,0,40.2
2025-07-06,Station Road,Gulab Jamun,Sweet,93,300,27900,Sunday,1,0,None,34,1,0,40.2
2025-07-06,Station Road,Kaju Katli,Sweet,48,900,43200,Sunday,1,0,None,34,1,0,40.2
2025-07-06,Station Road,Besan Barfi,Sweet,69,420,28980,Sunday,1,0,None,34,1,0,40.2
2025-07-06,Station Road,Motichoor Laddu,Sweet,63,380,23940,Sunday,1,0,None,34,1,0,40.2
2025-07-06,Station Road,Ghewar,Sweet,94,500,47000,Sunday,1,0,None,34,1,0,40.2
2025-07-06,Station Road,Gajak,Sweet,2,320,640,Sunday,1,0,None,34,1,0,40.2
2025-07-06,Station Road,Soan Papdi,Sweet,44,300,13200,Sunday,1,0,None,34,1,0,40.2
2025-07-06,Station Road,Bikaneri Bhujia,Namkeen,183,360,65880,Sunday,1,0,None,34,1,0,40.2
2025-07-06,Station Road,Aloo Bhujia,Namkeen,75,300,22500,Sunday,1,0,None,34,1,0,40.2
2025-07-07,Station Road,Rasgulla,Sweet,54,280,15120,Monday,0,0,None,33,1,0,36.0
2025-07-07,Station Road,Gulab Jamun,Sweet,50,300,15000,Monday,0,0,None,33,1,0,36.0
2025-07-07,Station Road,Kaju Katli,Sweet,43,900,38700,Monday,0,0,None,33,1,0,36.0
2025-07-07,Station Road,Besan Barfi,Sweet,33,420,13860,Monday,0,0,None,33,1,0,36.0
2025-07-07,Station Road,Motichoor Laddu,Sweet,42,380,15960,Monday,0,0,None,33,1,0,36.0
2025-07-07,Station Road,Ghewar,Sweet,67,500,33500,Monday,0,0,None,33,1,0,36.0
2025-07-07,Station Road,Gajak,Sweet,1,320,320,Monday,0,0,None,33,1,0,36.0
2025-07-07,Station Road,Soan Papdi,Sweet,23,300,6900,Monday,0,0,None,33,1,0,36.0
2025-07-07,Station Road,Bikaneri Bhujia,Namkeen,138,360,49680,Monday,0,0,None,33,1,0,36.0
2025-07-07,Station Road,Aloo Bhujia,Namkeen,54,270,14580,Monday,0,0,None,33,1,1,36.0
2025-07-08,Station Road,Rasgulla,Sweet,57,280,15960,Tuesday,0,0,None,32,1,0,38.6
2025-07-08,Station Road,Gulab Jamun,Sweet,66,270,17820,Tuesday,0,0,None,32,1,1,38.6
2025-07-08,Station Road,Kaju Katli,Sweet,29,900,26100,Tuesday,0,0,None,32,1,0,38.6
2025-07-08,Station Road,Besan Barfi,Sweet,31,420,13020,Tuesday,0,0,None,32,1,0,38.6
2025-07-08,Station Road,Motichoor Laddu,Sweet,34,380,12920,Tuesday,0,0,None,32,1,0,38.6
2025-07-08,Station Road,Ghewar,Sweet,55,500,27500,Tuesday,0,0,None,32,1,0,38.6
2025-07-08,Station Road,Gajak,Sweet,4,320,1280,Tuesday,0,0,None,32,1,0,38.6
2025-07-08,Station Road,Soan Papdi,Sweet,26,300,7800,Tuesday,0,0,None,32,1,0,38.6
2025-07-08,Station Road,Bikaneri Bhujia,Namkeen,126,360,45360,Tuesday,0,0,None,32,1,0,38.6
2025-07-08,Station Road,Aloo Bhujia,Namkeen,45,300,13500,Tuesday,0,0,None,32,1,0,38.6
2025-07-09,Station Road,Rasgulla,Sweet,63,280,17640,Wednesday,0,0,None,31,1,0,33.4
2025-07-09,Station Road,Gulab Jamun,Sweet,67,300,20100,Wednesday,0,0,None,31,1,0,33.4
2025-07-09,Station Road,Kaju Katli,Sweet,41,900,36900,Wednesday,0,0,None,31,1,0,33.4
2025-07-09,Station Road,Besan Barfi,Sweet,61,420,25620,Wednesday,0,0,None,31,1,0,33.4
2025-07-09,Station Road,Motichoor Laddu,Sweet,47,380,17860,Wednesday,0,0,None,31,1,0,33.4
2025-07-09,Station Road,Ghewar,Sweet,77,500,38500,Wednesday,0,0,None,31,1,0,33.4
2025-07-09,Station Road,Gajak,Sweet,0,320,0,Wednesday,0,0,None,31,1,0,33.4
2025-07-09,Station Road,Soan Papdi,Sweet,24,300,7200,Wednesday,0,0,None,31,1,0,33.4
2025-07-09,Station Road,Bikaneri Bhujia,Namkeen,118,360,42480,Wednesday,0,0,None,31,1,0,33.4
2025-07-09,Station Road,Aloo Bhujia,Namkeen,45,300,13500,Wednesday,0,0,None,31,1,0,33.4
2025-07-10,Station Road,Rasgulla,Sweet,59,280,16520,Thursday,0,0,None,30,1,0,39.5
2025-07-10,Station Road,Gulab Jamun,Sweet,84,300,25200,Thursday,0,0,None,30,1,0,39.5
2025-07-10,Station Road,Kaju Katli,Sweet,29,900,26100,Thursday,0,0,None,30,1,0,39.5
2025-07-10,Station Road,Besan Barfi,Sweet,62,420,26040,Thursday,0,0,None,30,1,0,39.5
2025-07-10,Station Road,Motichoor Laddu,Sweet,41,380,15580,Thursday,0,0,None,30,1,0,39.5
2025-07-10,Station Road,Ghewar,Sweet,77,500,38500,Thursday,0,0,None,30,1,0,39.5
2025-07-10,Station Road,Gajak,Sweet,0,320,0,Thursday,0,0,None,30,1,0,39.5
2025-07-10,Station Road,Soan Papdi,Sweet,20,300,6000,Thursday,0,0,None,30,1,0,39.5
2025-07-10,Station Road,Bikaneri Bhujia,Namkeen,137,360,49320,Thursday,0,0,None,30,1,0,39.5
2025-07-10,Station Road,Aloo Bhujia,Namkeen,65,270,17550,Thursday,0,0,None,30,1,1,39.5
2025-07-11,Station Road,Rasgulla,Sweet,72,280,20160,Friday,0,0,None,29,1,0,41.6
2025-07-11,Station Road,Gulab Jamun,Sweet,86,270,23220,Friday,0,0,None,29,1,1,41.6
2025-07-11,Station Road,Kaju Katli,Sweet,53,900,47700,Friday,0,0,None,29,1,0,41.6
2025-07-11,Station Road,Besan Barfi,Sweet,61,420,25620,Friday,0,0,None,29,1,0,41.6
2025-07-11,Station Road,Motichoor Laddu,Sweet,51,380,19380,Friday,0,0,None,29,1,0,41.6
2025-07-11,Station Road,Ghewar,Sweet,73,500,36500,Friday,0,0,None,29,1,0,41.6
2025-07-11,Station Road,Gajak,Sweet,0,320,0,Friday,0,0,None,29,1,0,41.6
2025-07-11,Station Road,Soan Papdi,Sweet,35,300,10500,Friday,0,0,None,29,1,0,41.6
2025-07-11,Station Road,Bikaneri Bhujia,Namkeen,131,360,47160,Friday,0,0,None,29,1,0,41.6
2025-07-11,Station Road,Aloo Bhujia,Namkeen,54,300,16200,Friday,0,0,None,29,1,0,41.6
2025-07-12,Station Road,Rasgulla,Sweet,74,280,20720,Saturday,1,0,None,28,1,0,41.4
2025-07-12,Station Road,Gulab Jamun,Sweet,80,300,24000,Saturday,1,0,None,28,1,0,41.4
2025-07-12,Station Road,Kaju Katli,Sweet,53,900,47700,Saturday,1,0,None,28,1,0,41.4
2025-07-12,Station Road,Besan Barfi,Sweet,49,420,20580,Saturday,1,0,None,28,1,0,41.4
2025-07-12,Station Road,Motichoor Laddu,Sweet,57,380,21660,Saturday,1,0,None,28,1,0,41.4
2025-07-12,Station Road,Ghewar,Sweet,103,500,51500,Saturday,1,0,None,28,1,0,41.4
2025-07-12,Station Road,Gajak,Sweet,3,320,960,Saturday,1,0,None,28,1,0,41.4
2025-07-12,Station Road,Soan Papdi,Sweet,49,300,14700,Saturday,1,0,None,28,1,0,41.4
2025-07-12,Station Road,Bikaneri Bhujia,Namkeen,189,360,68040,Saturday,1,0,None,28,1,0,41.4
2025-07-12,Station Road,Aloo Bhujia,Namkeen,73,300,21900,Saturday,1,0,None,28,1,0,41.4
2025-07-13,Station Road,Rasgulla,Sweet,84,280,23520,Sunday,1,0,None,27,1,0,32.2
2025-07-13,Station Road,Gulab Jamun,Sweet,83,300,24900,Sunday,1,0,None,27,1,0,32.2
2025-07-13,Station Road,Kaju Katli,Sweet,60,900,54000,Sunday,1,0,None,27,1,0,32.2
2025-07-13,Station Road,Besan Barfi,Sweet,70,420,29400,Sunday,1,0,None,27,1,0,32.2
2025-07-13,Station Road,Motichoor Laddu,Sweet,64,380,24320,Sunday,1,0,None,27,1,0,32.2
2025-07-13,Station Road,Ghewar,Sweet,118,450,53100,Sunday,1,0,None,27,1,1,32.2
2025-07-13,Station Road,Gajak,Sweet,2,320,640,Sunday,1,0,None,27,1,0,32.2
2025-07-13,Station Road,Soan Papdi,Sweet,39,300,11700,Sunday,1,0,None,27,1,0,32.2
2025-07-13,Station Road,Bikaneri Bhujia,Namkeen,176,360,63360,Sunday,1,0,None,27,1,0,32.2
2025-07-13,Station Road,Aloo Bhujia,Namkeen,75,300,22500,Sunday,1,0,None,27,1,0,32.2
2025-07-14,Station Road,Rasgulla,Sweet,60,280,16800,Monday,0,0,None,26,1,0,36.0
2025-07-14,Station Road,Gulab Jamun,Sweet,62,300,18600,Monday,0,0,None,26,1,0,36.0
2025-07-14,Station Road,Kaju Katli,Sweet,49,900,44100,Monday,0,0,None,26,1,0,36.0
2025-07-14,Station Road,Besan Barfi,Sweet,43,420,18060,Monday,0,0,None,26,1,0,36.0
2025-07-14,Station Road,Motichoor Laddu,Sweet,50,380,19000,Monday,0,0,None,26,1,0,36.0
2025-07-14,Station Road,Ghewar,Sweet,68,450,30600,Monday,0,0,None,26,1,1,36.0
2025-07-14,Station Road,Gajak,Sweet,1,320,320,Monday,0,0,None,26,1,0,36.0
2025-07-14,Station Road,Soan Papdi,Sweet,35,300,10500,Monday,0,0,None,26,1,0,36.0
2025-07-14,Station Road,Bikaneri Bhujia,Namkeen,139,360,50040,Monday,0,0,None,26,1,0,36.0
2025-07-14,Station Road,Aloo Bhujia,Namkeen,50,300,15000,Monday,0,0,None,26,1,0,36.0
2025-07-15,Station Road,Rasgulla,Sweet,60,280,16800,Tuesday,0,0,None,25,1,0,37.6
2025-07-15,Station Road,Gulab Jamun,Sweet,59,300,17700,Tuesday,0,0,None,25,1,0,37.6
2025-07-15,Station Road,Kaju Katli,Sweet,34,900,30600,Tuesday,0,0,None,25,1,0,37.6
2025-07-15,Station Road,Besan Barfi,Sweet,53,420,22260,Tuesday,0,0,None,25,1,0,37.6
2025-07-15,Station Road,Motichoor Laddu,Sweet,43,380,16340,Tuesday,0,0,None,25,1,0,37.6
2025-07-15,Station Road,Ghewar,Sweet,59,500,29500,Tuesday,0,0,None,25,1,0,37.6
2025-07-15,Station Road,Gajak,Sweet,1,320,320,Tuesday,0,0,None,25,1,0,37.6
2025-07-15,Station Road,Soan Papdi,Sweet,19,300,5700,Tuesday,0,0,None,25,1,0,37.6
2025-07-15,Station Road,Bikaneri Bhujia,Namkeen,119,360,42840,Tuesday,0,0,None,25,1,0,37.6
2025-07-15,Station Road,Aloo Bhujia,Namkeen,51,300,15300,Tuesday,0,0,None,25,1,0,37.6
2025-07-16,Station Road,Rasgulla,Sweet,59,280,16520,Wednesday,0,0,None,24,1,0,35.2
2025-07-16,Station Road,Gulab Jamun,Sweet,69,300,20700,Wednesday,0,0,None,24,1,0,35.2
2025-07-16,Station Road,Kaju Katli,Sweet,31,900,27900,Wednesday,0,0,None,24,1,0,35.2
2025-07-16,Station Road,Besan Barfi,Sweet,56,420,23520,Wednesday,0,0,None,24,1,0,35.2
2025-07-16,Station Road,Motichoor Laddu,Sweet,38,380,14440,Wednesday,0,0,None,24,1,0,35.2
2025-07-16,Station Road,Ghewar,Sweet,69,500,34500,Wednesday,0,0,None,24,1,0,35.2
2025-07-16,Station Road,Gajak,Sweet,3,320,960,Wednesday,0,0,None,24,1,0,35.2
2025-07-16,Station Road,Soan Papdi,Sweet,22,300,6600,Wednesday,0,0,None,24,1,0,35.2
2025-07-16,Station Road,Bikaneri Bhujia,Namkeen,112,360,40320,Wednesday,0,0,None,24,1,0,35.2
2025-07-16,Station Road,Aloo Bhujia,Namkeen,48,300,14400,Wednesday,0,0,None,24,1,0,35.2
2025-07-17,Station Road,Rasgulla,Sweet,50,280,14000,Thursday,0,0,None,23,1,0,33.0
2025-07-17,Station Road,Gulab Jamun,Sweet,58,300,17400,Thursday,0,0,None,23,1,0,33.0
2025-07-17,Station Road,Kaju Katli,Sweet,34,900,30600,Thursday,0,0,None,23,1,0,33.0
2025-07-17,Station Road,Besan Barfi,Sweet,52,420,21840,Thursday,0,0,None,23,1,0,33.0
2025-07-17,Station Road,Motichoor Laddu,Sweet,32,380,12160,Thursday,0,0,None,23,1,0,33.0
2025-07-17,Station Road,Ghewar,Sweet,68,500,34000,Thursday,0,0,None,23,1,0,33.0
2025-07-17,Station Road,Gajak,Sweet,3,320,960,Thursday,0,0,None,23,1,0,33.0
2025-07-17,Station Road,Soan Papdi,Sweet,29,300,8700,Thursday,0,0,None,23,1,0,33.0
2025-07-17,Station Road,Bikaneri Bhujia,Namkeen,137,360,49320,Thursday,0,0,None,23,1,0,33.0
2025-07-17,Station Road,Aloo Bhujia,Namkeen,46,300,13800,Thursday,0,0,None,23,1,0,33.0
2025-07-18,Station Road,Rasgulla,Sweet,67,280,18760,Friday,0,0,None,22,1,0,34.6
2025-07-18,Station Road,Gulab Jamun,Sweet,66,300,19800,Friday,0,0,None,22,1,0,34.6
2025-07-18,Station Road,Kaju Katli,Sweet,51,900,45900,Friday,0,0,None,22,1,0,34.6
2025-07-18,Station Road,Besan Barfi,Sweet,49,420,20580,Friday,0,0,None,22,1,0,34.6
2025-07-18,Station Road,Motichoor Laddu,Sweet,60,380,22800,Friday,0,0,None,22,1,0,34.6
2025-07-18,Station Road,Ghewar,Sweet,75,500,37500,Friday,0,0,None,22,1,0,34.6
2025-07-18,Station Road,Gajak,Sweet,2,320,640,Friday,0,0,None,22,1,0,34.6
2025-07-18,Station Road,Soan Papdi,Sweet,28,300,8400,Friday,0,0,None,22,1,0,34.6
2025-07-18,Station Road,Bikaneri Bhujia,Namkeen,145,360,52200,Friday,0,0,None,22,1,0,34.6
2025-07-18,Station Road,Aloo Bhujia,Namkeen,58,300,17400,Friday,0,0,None,22,1,0,34.6
2025-07-19,Station Road,Rasgulla,Sweet,79,280,22120,Saturday,1,0,None,21,1,0,32.8
2025-07-19,Station Road,Gulab Jamun,Sweet,97,300,29100,Saturday,1,0,None,21,1,0,32.8
2025-07-19,Station Road,Kaju Katli,Sweet,58,900,52200,Saturday,1,0,None,21,1,0,32.8
2025-07-19,Station Road,Besan Barfi,Sweet,69,420,28980,Saturday,1,0,None,21,1,0,32.8
2025-07-19,Station Road,Motichoor Laddu,Sweet,60,380,22800,Saturday,1,0,None,21,1,0,32.8
2025-07-19,Station Road,Ghewar,Sweet,82,500,41000,Saturday,1,0,None,21,1,0,32.8
2025-07-19,Station Road,Gajak,Sweet,7,320,2240,Saturday,1,0,None,21,1,0,32.8
2025-07-19,Station Road,Soan Papdi,Sweet,34,300,10200,Saturday,1,0,None,21,1,0,32.8
2025-07-19,Station Road,Bikaneri Bhujia,Namkeen,161,360,57960,Saturday,1,0,None,21,1,0,32.8
2025-07-19,Station Road,Aloo Bhujia,Namkeen,66,300,19800,Saturday,1,0,None,21,1,0,32.8
2025-07-20,Station Road,Rasgulla,Sweet,91,280,25480,Sunday,1,0,None,20,1,0,35.2
2025-07-20,Station Road,Gulab Jamun,Sweet,98,300,29400,Sunday,1,0,None,20,1,0,35.2
2025-07-20,Station Road,Kaju Katli,Sweet,58,900,52200,Sunday,1,0,None,20,1,0,35.2
2025-07-20,Station Road,Besan Barfi,Sweet,61,420,25620,Sunday,1,0,None,20,1,0,35.2
2025-07-20,Station Road,Motichoor Laddu,Sweet,65,380,24700,Sunday,1,0,None,20,1,0,35.2
2025-07-20,Station Road,Ghewar,Sweet,100,500,50000,Sunday,1,0,None,20,1,0,35.2
2025-07-20,Station Road,Gajak,Sweet,1,320,320,Sunday,1,0,None,20,1,0,35.2
2025-07-20,Station Road,Soan Papdi,Sweet,38,300,11400,Sunday,1,0,None,20,1,0,35.2
2025-07-20,Station Road,Bikaneri Bhujia,Namkeen,190,360,68400,Sunday,1,0,None,20,1,0,35.2
2025-07-20,Station Road,Aloo Bhujia,Namkeen,64,300,19200,Sunday,1,0,None,20,1,0,35.2
2025-07-21,Station Road,Rasgulla,Sweet,74,280,20720,Monday,0,0,pre-Hariyali Teej,19,1,0,34.7
2025-07-21,Station Road,Gulab Jamun,Sweet,57,300,17100,Monday,0,0,pre-Hariyali Teej,19,1,0,34.7
2025-07-21,Station Road,Kaju Katli,Sweet,62,900,55800,Monday,0,0,pre-Hariyali Teej,19,1,0,34.7
2025-07-21,Station Road,Besan Barfi,Sweet,69,420,28980,Monday,0,0,pre-Hariyali Teej,19,1,0,34.7
2025-07-21,Station Road,Motichoor Laddu,Sweet,55,380,20900,Monday,0,0,pre-Hariyali Teej,19,1,0,34.7
2025-07-21,Station Road,Ghewar,Sweet,68,500,34000,Monday,0,0,pre-Hariyali Teej,19,1,0,34.7
2025-07-21,Station Road,Gajak,Sweet,2,320,640,Monday,0,0,pre-Hariyali Teej,19,1,0,34.7
2025-07-21,Station Road,Soan Papdi,Sweet,43,300,12900,Monday,0,0,pre-Hariyali Teej,19,1,0,34.7
2025-07-21,Station Road,Bikaneri Bhujia,Namkeen,157,360,56520,Monday,0,0,pre-Hariyali Teej,19,1,0,34.7
2025-07-21,Station Road,Aloo Bhujia,Namkeen,79,300,23700,Monday,0,0,pre-Hariyali Teej,19,1,0,34.7
2025-07-22,Station Road,Rasgulla,Sweet,69,280,19320,Tuesday,0,0,pre-Hariyali Teej,18,1,0,37.8
2025-07-22,Station Road,Gulab Jamun,Sweet,98,300,29400,Tuesday,0,0,pre-Hariyali Teej,18,1,0,37.8
2025-07-22,Station Road,Kaju Katli,Sweet,57,900,51300,Tuesday,0,0,pre-Hariyali Teej,18,1,0,37.8
2025-07-22,Station Road,Besan Barfi,Sweet,62,420,26040,Tuesday,0,0,pre-Hariyali Teej,18,1,0,37.8
2025-07-22,Station Road,Motichoor Laddu,Sweet,73,380,27740,Tuesday,0,0,pre-Hariyali Teej,18,1,0,37.8
2025-07-22,Station Road,Ghewar,Sweet,69,500,34500,Tuesday,0,0,pre-Hariyali Teej,18,1,0,37.8
2025-07-22,Station Road,Gajak,Sweet,2,320,640,Tuesday,0,0,pre-Hariyali Teej,18,1,0,37.8
2025-07-22,Station Road,Soan Papdi,Sweet,37,300,11100,Tuesday,0,0,pre-Hariyali Teej,18,1,0,37.8
2025-07-22,Station Road,Bikaneri Bhujia,Namkeen,178,360,64080,Tuesday,0,0,pre-Hariyali Teej,18,1,0,37.8
2025-07-22,Station Road,Aloo Bhujia,Namkeen,72,300,21600,Tuesday,0,0,pre-Hariyali Teej,18,1,0,37.8
2025-07-23,Station Road,Rasgulla,Sweet,103,280,28840,Wednesday,0,0,pre-Hariyali Teej,17,1,0,31.9
2025-07-23,Station Road,Gulab Jamun,Sweet,104,300,31200,Wednesday,0,0,pre-Hariyali Teej,17,1,0,31.9
2025-07-23,Station Road,Kaju Katli,Sweet,84,900,75600,Wednesday,0,0,pre-Hariyali Teej,17,1,0,31.9
2025-07-23,Station Road,Besan Barfi,Sweet,90,420,37800,Wednesday,0,0,pre-Hariyali Teej,17,1,0,31.9
2025-07-23,Station Road,Motichoor Laddu,Sweet,85,380,32300,Wednesday,0,0,pre-Hariyali Teej,17,1,0,31.9
2025-07-23,Station Road,Ghewar,Sweet,89,500,44500,Wednesday,0,0,pre-Hariyali Teej,17,1,0,31.9
2025-07-23,Station Road,Gajak,Sweet,2,320,640,Wednesday,0,0,pre-Hariyali Teej,17,1,0,31.9
2025-07-23,Station Road,Soan Papdi,Sweet,52,300,15600,Wednesday,0,0,pre-Hariyali Teej,17,1,0,31.9
2025-07-23,Station Road,Bikaneri Bhujia,Namkeen,229,360,82440,Wednesday,0,0,pre-Hariyali Teej,17,1,0,31.9
2025-07-23,Station Road,Aloo Bhujia,Namkeen,70,300,21000,Wednesday,0,0,pre-Hariyali Teej,17,1,0,31.9
2025-07-24,Station Road,Rasgulla,Sweet,135,280,37800,Thursday,0,0,pre-Hariyali Teej,16,1,0,38.1
2025-07-24,Station Road,Gulab Jamun,Sweet,132,300,39600,Thursday,0,0,pre-Hariyali Teej,16,1,0,38.1
2025-07-24,Station Road,Kaju Katli,Sweet,101,900,90900,Thursday,0,0,pre-Hariyali Teej,16,1,0,38.1
2025-07-24,Station Road,Besan Barfi,Sweet,119,420,49980,Thursday,0,0,pre-Hariyali Teej,16,1,0,38.1
2025-07-24,Station Road,Motichoor Laddu,Sweet,110,342,37620,Thursday,0,0,pre-Hariyali Teej,16,1,1,38.1
2025-07-24,Station Road,Ghewar,Sweet,115,500,57500,Thursday,0,0,pre-Hariyali Teej,16,1,0,38.1
2025-07-24,Station Road,Gajak,Sweet,4,320,1280,Thursday,0,0,pre-Hariyali Teej,16,1,0,38.1
2025-07-24,Station Road,Soan Papdi,Sweet,79,300,23700,Thursday,0,0,pre-Hariyali Teej,16,1,0,38.1
2025-07-24,Station Road,Bikaneri Bhujia,Namkeen,250,360,90000,Thursday,0,0,pre-Hariyali Teej,16,1,0,38.1
2025-07-24,Station Road,Aloo Bhujia,Namkeen,103,300,30900,Thursday,0,0,pre-Hariyali Teej,16,1,0,38.1
2025-07-25,Station Road,Rasgulla,Sweet,152,280,42560,Friday,0,0,pre-Hariyali Teej,15,1,0,40.6
2025-07-25,Station Road,Gulab Jamun,Sweet,160,300,48000,Friday,0,0,pre-Hariyali Teej,15,1,0,40.6
2025-07-25,Station Road,Kaju Katli,Sweet,109,900,98100,Friday,0,0,pre-Hariyali Teej,15,1,0,40.6
2025-07-25,Station Road,Besan Barfi,Sweet,151,420,63420,Friday,0,0,pre-Hariyali Teej,15,1,0,40.6
2025-07-25,Station Road,Motichoor Laddu,Sweet,143,380,54340,Friday,0,0,pre-Hariyali Teej,15,1,0,40.6
2025-07-25,Station Road,Ghewar,Sweet,129,500,64500,Friday,0,0,pre-Hariyali Teej,15,1,0,40.6
2025-07-25,Station Road,Gajak,Sweet,4,320,1280,Friday,0,0,pre-Hariyali Teej,15,1,0,40.6
2025-07-25,Station Road,Soan Papdi,Sweet,91,300,27300,Friday,0,0,pre-Hariyali Teej,15,1,0,40.6
2025-07-25,Station Road,Bikaneri Bhujia,Namkeen,286,360,102960,Friday,0,0,pre-Hariyali Teej,15,1,0,40.6
2025-07-25,Station Road,Aloo Bhujia,Namkeen,149,300,44700,Friday,0,0,pre-Hariyali Teej,15,1,0,40.6
2025-07-26,Station Road,Rasgulla,Sweet,179,280,50120,Saturday,1,0,pre-Hariyali Teej,14,1,0,36.1
2025-07-26,Station Road,Gulab Jamun,Sweet,215,300,64500,Saturday,1,0,pre-Hariyali Teej,14,1,0,36.1
2025-07-26,Station Road,Kaju Katli,Sweet,169,900,152100,Saturday,1,0,pre-Hariyali Teej,14,1,0,36.1
2025-07-26,Station Road,Besan Barfi,Sweet,180,420,75600,Saturday,1,0,pre-Hariyali Teej,14,1,0,36.1
2025-07-26,Station Road,Motichoor Laddu,Sweet,188,380,71440,Saturday,1,0,pre-Hariyali Teej,14,1,0,36.1
2025-07-26,Station Road,Ghewar,Sweet,189,500,94500,Saturday,1,0,pre-Hariyali Teej,14,1,0,36.1
2025-07-26,Station Road,Gajak,Sweet,8,320,2560,Saturday,1,0,pre-Hariyali Teej,14,1,0,36.1
2025-07-26,Station Road,Soan Papdi,Sweet,107,300,32100,Saturday,1,0,pre-Hariyali Teej,14,1,0,36.1
2025-07-26,Station Road,Bikaneri Bhujia,Namkeen,352,360,126720,Saturday,1,0,pre-Hariyali Teej,14,1,0,36.1
2025-07-26,Station Road,Aloo Bhujia,Namkeen,127,300,38100,Saturday,1,0,pre-Hariyali Teej,14,1,0,36.1
2025-07-27,Station Road,Rasgulla,Sweet,372,280,104160,Sunday,1,1,Hariyali Teej,13,1,0,33.8
2025-07-27,Station Road,Gulab Jamun,Sweet,463,300,138900,Sunday,1,1,Hariyali Teej,13,1,0,33.8
2025-07-27,Station Road,Kaju Katli,Sweet,351,900,315900,Sunday,1,1,Hariyali Teej,13,1,0,33.8
2025-07-27,Station Road,Besan Barfi,Sweet,354,420,148680,Sunday,1,1,Hariyali Teej,13,1,0,33.8
2025-07-27,Station Road,Motichoor Laddu,Sweet,341,380,129580,Sunday,1,1,Hariyali Teej,13,1,0,33.8
2025-07-27,Station Road,Ghewar,Sweet,330,500,165000,Sunday,1,1,Hariyali Teej,13,1,0,33.8
2025-07-27,Station Road,Gajak,Sweet,4,320,1280,Sunday,1,1,Hariyali Teej,13,1,0,33.8
2025-07-27,Station Road,Soan Papdi,Sweet,237,300,71100,Sunday,1,1,Hariyali Teej,13,1,0,33.8
2025-07-27,Station Road,Bikaneri Bhujia,Namkeen,699,360,251640,Sunday,1,1,Hariyali Teej,13,1,0,33.8
2025-07-27,Station Road,Aloo Bhujia,Namkeen,231,300,69300,Sunday,1,1,Hariyali Teej,13,1,0,33.8
2025-07-28,Station Road,Rasgulla,Sweet,36,280,10080,Monday,0,0,None,12,1,0,36.0
2025-07-28,Station Road,Gulab Jamun,Sweet,61,300,18300,Monday,0,0,None,12,1,0,36.0
2025-07-28,Station Road,Kaju Katli,Sweet,38,900,34200,Monday,0,0,None,12,1,0,36.0
2025-07-28,Station Road,Besan Barfi,Sweet,54,420,22680,Monday,0,0,None,12,1,0,36.0
2025-07-28,Station Road,Motichoor Laddu,Sweet,39,380,14820,Monday,0,0,None,12,1,0,36.0
2025-07-28,Station Road,Ghewar,Sweet,70,500,35000,Monday,0,0,None,12,1,0,36.0
2025-07-28,Station Road,Gajak,Sweet,1,288,288,Monday,0,0,None,12,1,1,36.0
2025-07-28,Station Road,Soan Papdi,Sweet,21,300,6300,Monday,0,0,None,12,1,0,36.0
2025-07-28,Station Road,Bikaneri Bhujia,Namkeen,105,360,37800,Monday,0,0,None,12,1,0,36.0
2025-07-28,Station Road,Aloo Bhujia,Namkeen,54,300,16200,Monday,0,0,None,12,1,0,36.0
2025-07-29,Station Road,Rasgulla,Sweet,45,280,12600,Tuesday,0,0,None,11,1,0,38.1
2025-07-29,Station Road,Gulab Jamun,Sweet,70,300,21000,Tuesday,0,0,None,11,1,0,38.1
2025-07-29,Station Road,Kaju Katli,Sweet,37,900,33300,Tuesday,0,0,None,11,1,0,38.1
2025-07-29,Station Road,Besan Barfi,Sweet,45,420,18900,Tuesday,0,0,None,11,1,0,38.1
2025-07-29,Station Road,Motichoor Laddu,Sweet,43,380,16340,Tuesday,0,0,None,11,1,0,38.1
2025-07-29,Station Road,Ghewar,Sweet,55,500,27500,Tuesday,0,0,None,11,1,0,38.1
2025-07-29,Station Road,Gajak,Sweet,1,320,320,Tuesday,0,0,None,11,1,0,38.1
2025-07-29,Station Road,Soan Papdi,Sweet,26,300,7800,Tuesday,0,0,None,11,1,0,38.1
2025-07-29,Station Road,Bikaneri Bhujia,Namkeen,119,360,42840,Tuesday,0,0,None,11,1,0,38.1
2025-07-29,Station Road,Aloo Bhujia,Namkeen,49,300,14700,Tuesday,0,0,None,11,1,0,38.1
2025-07-30,Station Road,Rasgulla,Sweet,55,280,15400,Wednesday,0,0,None,10,1,0,37.3
2025-07-30,Station Road,Gulab Jamun,Sweet,67,300,20100,Wednesday,0,0,None,10,1,0,37.3
2025-07-30,Station Road,Kaju Katli,Sweet,47,900,42300,Wednesday,0,0,None,10,1,0,37.3
2025-07-30,Station Road,Besan Barfi,Sweet,58,420,24360,Wednesday,0,0,None,10,1,0,37.3
2025-07-30,Station Road,Motichoor Laddu,Sweet,49,380,18620,Wednesday,0,0,None,10,1,0,37.3
2025-07-30,Station Road,Ghewar,Sweet,69,500,34500,Wednesday,0,0,None,10,1,0,37.3
2025-07-30,Station Road,Gajak,Sweet,1,288,288,Wednesday,0,0,None,10,1,1,37.3
2025-07-30,Station Road,Soan Papdi,Sweet,28,300,8400,Wednesday,0,0,None,10,1,0,37.3
2025-07-30,Station Road,Bikaneri Bhujia,Namkeen,150,324,48600,Wednesday,0,0,None,10,1,1,37.3
2025-07-30,Station Road,Aloo Bhujia,Namkeen,50,300,15000,Wednesday,0,0,None,10,1,0,37.3
2025-07-31,Station Road,Rasgulla,Sweet,70,280,19600,Thursday,0,0,None,9,1,0,37.5
2025-07-31,Station Road,Gulab Jamun,Sweet,68,300,20400,Thursday,0,0,None,9,1,0,37.5
2025-07-31,Station Road,Kaju Katli,Sweet,44,900,39600,Thursday,0,0,None,9,1,0,37.5
2025-07-31,Station Road,Besan Barfi,Sweet,42,420,17640,Thursday,0,0,None,9,1,0,37.5
2025-07-31,Station Road,Motichoor Laddu,Sweet,47,380,17860,Thursday,0,0,None,9,1,0,37.5
2025-07-31,Station Road,Ghewar,Sweet,75,500,37500,Thursday,0,0,None,9,1,0,37.5
2025-07-31,Station Road,Gajak,Sweet,3,320,960,Thursday,0,0,None,9,1,0,37.5
2025-07-31,Station Road,Soan Papdi,Sweet,34,300,10200,Thursday,0,0,None,9,1,0,37.5
2025-07-31,Station Road,Bikaneri Bhujia,Namkeen,127,360,45720,Thursday,0,0,None,9,1,0,37.5
2025-07-31,Station Road,Aloo Bhujia,Namkeen,60,270,16200,Thursday,0,0,None,9,1,1,37.5
2025-08-01,Station Road,Rasgulla,Sweet,59,280,16520,Friday,0,0,None,8,0,0,32.3
2025-08-01,Station Road,Gulab Jamun,Sweet,78,270,21060,Friday,0,0,None,8,0,1,32.3
2025-08-01,Station Road,Kaju Katli,Sweet,26,900,23400,Friday,0,0,None,8,0,0,32.3
2025-08-01,Station Road,Besan Barfi,Sweet,36,420,15120,Friday,0,0,None,8,0,0,32.3
2025-08-01,Station Road,Motichoor Laddu,Sweet,40,380,15200,Friday,0,0,None,8,0,0,32.3
2025-08-01,Station Road,Ghewar,Sweet,67,500,33500,Friday,0,0,None,8,0,0,32.3
2025-08-01,Station Road,Gajak,Sweet,1,320,320,Friday,0,0,None,8,0,0,32.3
2025-08-01,Station Road,Soan Papdi,Sweet,22,300,6600,Friday,0,0,None,8,0,0,32.3
2025-08-01,Station Road,Bikaneri Bhujia,Namkeen,98,360,35280,Friday,0,0,None,8,0,0,32.3
2025-08-01,Station Road,Aloo Bhujia,Namkeen,55,300,16500,Friday,0,0,None,8,0,0,32.3
2025-08-02,Station Road,Rasgulla,Sweet,62,280,17360,Saturday,1,0,None,7,0,0,30.8
2025-08-02,Station Road,Gulab Jamun,Sweet,87,300,26100,Saturday,1,0,None,7,0,0,30.8
2025-08-02,Station Road,Kaju Katli,Sweet,28,900,25200,Saturday,1,0,None,7,0,0,30.8
2025-08-02,Station Road,Besan Barfi,Sweet,48,420,20160,Saturday,1,0,None,7,0,0,30.8
2025-08-02,Station Road,Motichoor Laddu,Sweet,55,380,20900,Saturday,1,0,None,7,0,0,30.8
2025-08-02,Station Road,Ghewar,Sweet,71,500,35500,Saturday,1,0,None,7,0,0,30.8
2025-08-02,Station Road,Gajak,Sweet,3,320,960,Saturday,1,0,None,7,0,0,30.8
2025-08-02,Station Road,Soan Papdi,Sweet,29,300,8700,Saturday,1,0,None,7,0,0,30.8
2025-08-02,Station Road,Bikaneri Bhujia,Namkeen,145,360,52200,Saturday,1,0,None,7,0,0,30.8
2025-08-02,Station Road,Aloo Bhujia,Namkeen,60,300,18000,Saturday,1,0,None,7,0,0,30.8
2025-08-03,Station Road,Rasgulla,Sweet,116,280,32480,Sunday,1,0,pre-Raksha Bandhan,6,0,0,30.8
2025-08-03,Station Road,Gulab Jamun,Sweet,100,300,30000,Sunday,1,0,pre-Raksha Bandhan,6,0,0,30.8
2025-08-03,Station Road,Kaju Katli,Sweet,78,900,70200,Sunday,1,0,pre-Raksha Bandhan,6,0,0,30.8
2025-08-03,Station Road,Besan Barfi,Sweet,81,420,34020,Sunday,1,0,pre-Raksha Bandhan,6,0,0,30.8
2025-08-03,Station Road,Motichoor Laddu,Sweet,70,380,26600,Sunday,1,0,pre-Raksha Bandhan,6,0,0,30.8
2025-08-03,Station Road,Ghewar,Sweet,108,500,54000,Sunday,1,0,pre-Raksha Bandhan,6,0,0,30.8
2025-08-03,Station Road,Gajak,Sweet,2,320,640,Sunday,1,0,pre-Raksha Bandhan,6,0,0,30.8
2025-08-03,Station Road,Soan Papdi,Sweet,36,300,10800,Sunday,1,0,pre-Raksha Bandhan,6,0,0,30.8
2025-08-03,Station Road,Bikaneri Bhujia,Namkeen,173,360,62280,Sunday,1,0,pre-Raksha Bandhan,6,0,0,30.8
2025-08-03,Station Road,Aloo Bhujia,Namkeen,88,300,26400,Sunday,1,0,pre-Raksha Bandhan,6,0,0,30.8
2025-08-04,Station Road,Rasgulla,Sweet,79,280,22120,Monday,0,0,pre-Raksha Bandhan,5,0,0,33.3
2025-08-04,Station Road,Gulab Jamun,Sweet,128,270,34560,Monday,0,0,pre-Raksha Bandhan,5,0,1,33.3
2025-08-04,Station Road,Kaju Katli,Sweet,47,900,42300,Monday,0,0,pre-Raksha Bandhan,5,0,0,33.3
2025-08-04,Station Road,Besan Barfi,Sweet,71,420,29820,Monday,0,0,pre-Raksha Bandhan,5,0,0,33.3
2025-08-04,Station Road,Motichoor Laddu,Sweet,65,380,24700,Monday,0,0,pre-Raksha Bandhan,5,0,0,33.3
2025-08-04,Station Road,Ghewar,Sweet,88,500,44000,Monday,0,0,pre-Raksha Bandhan,5,0,0,33.3
2025-08-04,Station Road,Gajak,Sweet,2,320,640,Monday,0,0,pre-Raksha Bandhan,5,0,0,33.3
2025-08-04,Station Road,Soan Papdi,Sweet,28,300,8400,Monday,0,0,pre-Raksha Bandhan,5,0,0,33.3
2025-08-04,Station Road,Bikaneri Bhujia,Namkeen,149,360,53640,Monday,0,0,pre-Raksha Bandhan,5,0,0,33.3
2025-08-04,Station Road,Aloo Bhujia,Namkeen,68,300,20400,Monday,0,0,pre-Raksha Bandhan,5,0,0,33.3
2025-08-05,Station Road,Rasgulla,Sweet,110,280,30800,Tuesday,0,0,pre-Raksha Bandhan,4,0,0,33.6
2025-08-05,Station Road,Gulab Jamun,Sweet,153,300,45900,Tuesday,0,0,pre-Raksha Bandhan,4,0,0,33.6
2025-08-05,Station Road,Kaju Katli,Sweet,72,900,64800,Tuesday,0,0,pre-Raksha Bandhan,4,0,0,33.6
2025-08-05,Station Road,Besan Barfi,Sweet,76,420,31920,Tuesday,0,0,pre-Raksha Bandhan,4,0,0,33.6
2025-08-05,Station Road,Motichoor Laddu,Sweet,72,380,27360,Tuesday,0,0,pre-Raksha Bandhan,4,0,0,33.6
2025-08-05,Station Road,Ghewar,Sweet,104,500,52000,Tuesday,0,0,pre-Raksha Bandhan,4,0,0,33.6
2025-08-05,Station Road,Gajak,Sweet,2,288,576,Tuesday,0,0,pre-Raksha Bandhan,4,0,1,33.6
2025-08-05,Station Road,Soan Papdi,Sweet,59,300,17700,Tuesday,0,0,pre-Raksha Bandhan,4,0,0,33.6
2025-08-05,Station Road,Bikaneri Bhujia,Namkeen,170,360,61200,Tuesday,0,0,pre-Raksha Bandhan,4,0,0,33.6
2025-08-05,Station Road,Aloo Bhujia,Namkeen,69,300,20700,Tuesday,0,0,pre-Raksha Bandhan,4,0,0,33.6
2025-08-06,Station Road,Rasgulla,Sweet,139,280,38920,Wednesday,0,0,pre-Raksha Bandhan,3,0,0,33.0
2025-08-06,Station Road,Gulab Jamun,Sweet,142,300,42600,Wednesday,0,0,pre-Raksha Bandhan,3,0,0,33.0
2025-08-06,Station Road,Kaju Katli,Sweet,74,900,66600,Wednesday,0,0,pre-Raksha Bandhan,3,0,0,33.0
2025-08-06,Station Road,Besan Barfi,Sweet,93,420,39060,Wednesday,0,0,pre-Raksha Bandhan,3,0,0,33.0
2025-08-06,Station Road,Motichoor Laddu,Sweet,93,380,35340,Wednesday,0,0,pre-Raksha Bandhan,3,0,0,33.0
2025-08-06,Station Road,Ghewar,Sweet,124,500,62000,Wednesday,0,0,pre-Raksha Bandhan,3,0,0,33.0
2025-08-06,Station Road,Gajak,Sweet,0,320,0,Wednesday,0,0,pre-Raksha Bandhan,3,0,0,33.0
2025-08-06,Station Road,Soan Papdi,Sweet,59,300,17700,Wednesday,0,0,pre-Raksha Bandhan,3,0,0,33.0
2025-08-06,Station Road,Bikaneri Bhujia,Namkeen,228,360,82080,Wednesday,0,0,pre-Raksha Bandhan,3,0,0,33.0
2025-08-06,Station Road,Aloo Bhujia,Namkeen,92,300,27600,Wednesday,0,0,pre-Raksha Bandhan,3,0,0,33.0
2025-08-07,Station Road,Rasgulla,Sweet,143,280,40040,Thursday,0,0,pre-Raksha Bandhan,2,0,0,32.6
2025-08-07,Station Road,Gulab Jamun,Sweet,231,270,62370,Thursday,0,0,pre-Raksha Bandhan,2,0,1,32.6
2025-08-07,Station Road,Kaju Katli,Sweet,111,900,99900,Thursday,0,0,pre-Raksha Bandhan,2,0,0,32.6
2025-08-07,Station Road,Besan Barfi,Sweet,109,420,45780,Thursday,0,0,pre-Raksha Bandhan,2,0,0,32.6
2025-08-07,Station Road,Motichoor Laddu,Sweet,108,380,41040,Thursday,0,0,pre-Raksha Bandhan,2,0,0,32.6
2025-08-07,Station Road,Ghewar,Sweet,170,500,85000,Thursday,0,0,pre-Raksha Bandhan,2,0,0,32.6
2025-08-07,Station Road,Gajak,Sweet,3,320,960,Thursday,0,0,pre-Raksha Bandhan,2,0,0,32.6
2025-08-07,Station Road,Soan Papdi,Sweet,67,300,20100,Thursday,0,0,pre-Raksha Bandhan,2,0,0,32.6
2025-08-07,Station Road,Bikaneri Bhujia,Namkeen,224,360,80640,Thursday,0,0,pre-Raksha Bandhan,2,0,0,32.6
2025-08-07,Station Road,Aloo Bhujia,Namkeen,90,300,27000,Thursday,0,0,pre-Raksha Bandhan,2,0,0,32.6
2025-08-08,Station Road,Rasgulla,Sweet,207,280,57960,Friday,0,0,pre-Raksha Bandhan,1,0,0,35.2
2025-08-08,Station Road,Gulab Jamun,Sweet,247,300,74100,Friday,0,0,pre-Raksha Bandhan,1,0,0,35.2
2025-08-08,Station Road,Kaju Katli,Sweet,139,900,125100,Friday,0,0,pre-Raksha Bandhan,1,0,0,35.2
2025-08-08,Station Road,Besan Barfi,Sweet,176,420,73920,Friday,0,0,pre-Raksha Bandhan,1,0,0,35.2
2025-08-08,Station Road,Motichoor Laddu,Sweet,141,380,53580,Friday,0,0,pre-Raksha Bandhan,1,0,0,35.2
2025-08-08,Station Road,Ghewar,Sweet,186,500,93000,Friday,0,0,pre-Raksha Bandhan,1,0,0,35.2
2025-08-08,Station Road,Gajak,Sweet,4,320,1280,Friday,0,0,pre-Raksha Bandhan,1,0,0,35.2
2025-08-08,Station Road,Soan Papdi,Sweet,98,300,29400,Friday,0,0,pre-Raksha Bandhan,1,0,0,35.2
2025-08-08,Station Road,Bikaneri Bhujia,Namkeen,328,360,118080,Friday,0,0,pre-Raksha Bandhan,1,0,0,35.2
2025-08-08,Station Road,Aloo Bhujia,Namkeen,176,270,47520,Friday,0,0,pre-Raksha Bandhan,1,0,1,35.2
2025-08-09,Station Road,Rasgulla,Sweet,424,280,118720,Saturday,1,1,Raksha Bandhan,0,0,0,36.2
2025-08-09,Station Road,Gulab Jamun,Sweet,529,300,158700,Saturday,1,1,Raksha Bandhan,0,0,0,36.2
2025-08-09,Station Road,Kaju Katli,Sweet,298,900,268200,Saturday,1,1,Raksha Bandhan,0,0,0,36.2
2025-08-09,Station Road,Besan Barfi,Sweet,335,420,140700,Saturday,1,1,Raksha Bandhan,0,0,0,36.2
2025-08-09,Station Road,Motichoor Laddu,Sweet,352,380,133760,Saturday,1,1,Raksha Bandhan,0,0,0,36.2
2025-08-09,Station Road,Ghewar,Sweet,366,500,183000,Saturday,1,1,Raksha Bandhan,0,0,0,36.2
2025-08-09,Station Road,Gajak,Sweet,14,320,4480,Saturday,1,1,Raksha Bandhan,0,0,0,36.2
2025-08-09,Station Road,Soan Papdi,Sweet,238,300,71400,Saturday,1,1,Raksha Bandhan,0,0,0,36.2
2025-08-09,Station Road,Bikaneri Bhujia,Namkeen,642,360,231120,Saturday,1,1,Raksha Bandhan,0,0,0,36.2
2025-08-09,Station Road,Aloo Bhujia,Namkeen,283,300,84900,Saturday,1,1,Raksha Bandhan,0,0,0,36.2
2025-08-10,Station Road,Rasgulla,Sweet,97,280,27160,Sunday,1,0,pre-Janmashtami,60,0,0,35.4
2025-08-10,Station Road,Gulab Jamun,Sweet,102,300,30600,Sunday,1,0,pre-Janmashtami,60,0,0,35.4
2025-08-10,Station Road,Kaju Katli,Sweet,55,900,49500,Sunday,1,0,pre-Janmashtami,60,0,0,35.4
2025-08-10,Station Road,Besan Barfi,Sweet,62,420,26040,Sunday,1,0,pre-Janmashtami,60,0,0,35.4
2025-08-10,Station Road,Motichoor Laddu,Sweet,70,380,26600,Sunday,1,0,pre-Janmashtami,60,0,0,35.4
2025-08-10,Station Road,Ghewar,Sweet,99,500,49500,Sunday,1,0,pre-Janmashtami,60,0,0,35.4
2025-08-10,Station Road,Gajak,Sweet,3,320,960,Sunday,1,0,pre-Janmashtami,60,0,0,35.4
2025-08-10,Station Road,Soan Papdi,Sweet,46,300,13800,Sunday,1,0,pre-Janmashtami,60,0,0,35.4
2025-08-10,Station Road,Bikaneri Bhujia,Namkeen,161,360,57960,Sunday,1,0,pre-Janmashtami,60,0,0,35.4
2025-08-10,Station Road,Aloo Bhujia,Namkeen,66,300,19800,Sunday,1,0,pre-Janmashtami,60,0,0,35.4
2025-08-11,Station Road,Rasgulla,Sweet,86,280,24080,Monday,0,0,pre-Janmashtami,60,0,0,36.5
2025-08-11,Station Road,Gulab Jamun,Sweet,86,300,25800,Monday,0,0,pre-Janmashtami,60,0,0,36.5
2025-08-11,Station Road,Kaju Katli,Sweet,40,900,36000,Monday,0,0,pre-Janmashtami,60,0,0,36.5
2025-08-11,Station Road,Besan Barfi,Sweet,55,420,23100,Monday,0,0,pre-Janmashtami,60,0,0,36.5
2025-08-11,Station Road,Motichoor Laddu,Sweet,52,380,19760,Monday,0,0,pre-Janmashtami,60,0,0,36.5
2025-08-11,Station Road,Ghewar,Sweet,87,500,43500,Monday,0,0,pre-Janmashtami,60,0,0,36.5
2025-08-11,Station Road,Gajak,Sweet,1,320,320,Monday,0,0,pre-Janmashtami,60,0,0,36.5
2025-08-11,Station Road,Soan Papdi,Sweet,26,300,7800,Monday,0,0,pre-Janmashtami,60,0,0,36.5
2025-08-11,Station Road,Bikaneri Bhujia,Namkeen,131,360,47160,Monday,0,0,pre-Janmashtami,60,0,0,36.5
2025-08-11,Station Road,Aloo Bhujia,Namkeen,69,300,20700,Monday,0,0,pre-Janmashtami,60,0,0,36.5
2025-08-12,Station Road,Rasgulla,Sweet,92,280,25760,Tuesday,0,0,pre-Janmashtami,60,0,0,34.0
2025-08-12,Station Road,Gulab Jamun,Sweet,105,300,31500,Tuesday,0,0,pre-Janmashtami,60,0,0,34.0
2025-08-12,Station Road,Kaju Katli,Sweet,53,900,47700,Tuesday,0,0,pre-Janmashtami,60,0,0,34.0
2025-08-12,Station Road,Besan Barfi,Sweet,47,420,19740,Tuesday,0,0,pre-Janmashtami,60,0,0,34.0
2025-08-12,Station Road,Motichoor Laddu,Sweet,53,380,20140,Tuesday,0,0,pre-Janmashtami,60,0,0,34.0
2025-08-12,Station Road,Ghewar,Sweet,90,500,45000,Tuesday,0,0,pre-Janmashtami,60,0,0,34.0
2025-08-12,Station Road,Gajak,Sweet,4,320,1280,Tuesday,0,0,pre-Janmashtami,60,0,0,34.0
2025-08-12,Station Road,Soan Papdi,Sweet,27,300,8100,Tuesday,0,0,pre-Janmashtami,60,0,0,34.0
2025-08-12,Station Road,Bikaneri Bhujia,Namkeen,130,360,46800,Tuesday,0,0,pre-Janmashtami,60,0,0,34.0
2025-08-12,Station Road,Aloo Bhujia,Namkeen,55,300,16500,Tuesday,0,0,pre-Janmashtami,60,0,0,34.0
2025-08-13,Station Road,Rasgulla,Sweet,111,280,31080,Wednesday,0,0,pre-Janmashtami,60,0,0,31.4
2025-08-13,Station Road,Gulab Jamun,Sweet,110,300,33000,Wednesday,0,0,pre-Janmashtami,60,0,0,31.4
2025-08-13,Station Road,Kaju Katli,Sweet,57,900,51300,Wednesday,0,0,pre-Janmashtami,60,0,0,31.4
2025-08-13,Station Road,Besan Barfi,Sweet,62,420,26040,Wednesday,0,0,pre-Janmashtami,60,0,0,31.4
2025-08-13,Station Road,Motichoor Laddu,Sweet,87,380,33060,Wednesday,0,0,pre-Janmashtami,60,0,0,31.4
2025-08-13,Station Road,Ghewar,Sweet,96,500,48000,Wednesday,0,0,pre-Janmashtami,60,0,0,31.4
2025-08-13,Station Road,Gajak,Sweet,3,320,960,Wednesday,0,0,pre-Janmashtami,60,0,0,31.4
2025-08-13,Station Road,Soan Papdi,Sweet,46,300,13800,Wednesday,0,0,pre-Janmashtami,60,0,0,31.4
2025-08-13,Station Road,Bikaneri Bhujia,Namkeen,177,360,63720,Wednesday,0,0,pre-Janmashtami,60,0,0,31.4
2025-08-13,Station Road,Aloo Bhujia,Namkeen,69,300,20700,Wednesday,0,0,pre-Janmashtami,60,0,0,31.4
2025-08-14,Station Road,Rasgulla,Sweet,95,280,26600,Thursday,0,0,pre-Janmashtami,60,0,0,33.9
2025-08-14,Station Road,Gulab Jamun,Sweet,133,300,39900,Thursday,0,0,pre-Janmashtami,60,0,0,33.9
2025-08-14,Station Road,Kaju Katli,Sweet,76,900,68400,Thursday,0,0,pre-Janmashtami,60,0,0,33.9
2025-08-14,Station Road,Besan Barfi,Sweet,100,420,42000,Thursday,0,0,pre-Janmashtami,60,0,0,33.9
2025-08-14,Station Road,Motichoor Laddu,Sweet,70,380,26600,Thursday,0,0,pre-Janmashtami,60,0,0,33.9
2025-08-14,Station Road,Ghewar,Sweet,103,500,51500,Thursday,0,0,pre-Janmashtami,60,0,0,33.9
2025-08-14,Station Road,Gajak,Sweet,3,320,960,Thursday,0,0,pre-Janmashtami,60,0,0,33.9
2025-08-14,Station Road,Soan Papdi,Sweet,51,300,15300,Thursday,0,0,pre-Janmashtami,60,0,0,33.9
2025-08-14,Station Road,Bikaneri Bhujia,Namkeen,195,360,70200,Thursday,0,0,pre-Janmashtami,60,0,0,33.9
2025-08-14,Station Road,Aloo Bhujia,Namkeen,96,270,25920,Thursday,0,0,pre-Janmashtami,60,0,1,33.9
2025-08-15,Station Road,Rasgulla,Sweet,158,280,44240,Friday,0,0,pre-Janmashtami,60,0,0,34.1
2025-08-15,Station Road,Gulab Jamun,Sweet,163,300,48900,Friday,0,0,pre-Janmashtami,60,0,0,34.1
2025-08-15,Station Road,Kaju Katli,Sweet,102,900,91800,Friday,0,0,pre-Janmashtami,60,0,0,34.1
2025-08-15,Station Road,Besan Barfi,Sweet,138,378,52164,Friday,0,0,pre-Janmashtami,60,0,1,34.1
2025-08-15,Station Road,Motichoor Laddu,Sweet,102,380,38760,Friday,0,0,pre-Janmashtami,60,0,0,34.1
2025-08-15,Station Road,Ghewar,Sweet,146,500,73000,Friday,0,0,pre-Janmashtami,60,0,0,34.1
2025-08-15,Station Road,Gajak,Sweet,1,320,320,Friday,0,0,pre-Janmashtami,60,0,0,34.1
2025-08-15,Station Road,Soan Papdi,Sweet,73,300,21900,Friday,0,0,pre-Janmashtami,60,0,0,34.1
2025-08-15,Station Road,Bikaneri Bhujia,Namkeen,222,360,79920,Friday,0,0,pre-Janmashtami,60,0,0,34.1
2025-08-15,Station Road,Aloo Bhujia,Namkeen,101,300,30300,Friday,0,0,pre-Janmashtami,60,0,0,34.1
2025-08-16,Station Road,Rasgulla,Sweet,286,280,80080,Saturday,1,1,Janmashtami,60,0,0,31.5
2025-08-16,Station Road,Gulab Jamun,Sweet,369,300,110700,Saturday,1,1,Janmashtami,60,0,0,31.5
2025-08-16,Station Road,Kaju Katli,Sweet,210,900,189000,Saturday,1,1,Janmashtami,60,0,0,31.5
2025-08-16,Station Road,Besan Barfi,Sweet,231,420,97020,Saturday,1,1,Janmashtami,60,0,0,31.5
2025-08-16,Station Road,Motichoor Laddu,Sweet,249,380,94620,Saturday,1,1,Janmashtami,60,0,0,31.5
2025-08-16,Station Road,Ghewar,Sweet,289,500,144500,Saturday,1,1,Janmashtami,60,0,0,31.5
2025-08-16,Station Road,Gajak,Sweet,7,320,2240,Saturday,1,1,Janmashtami,60,0,0,31.5
2025-08-16,Station Road,Soan Papdi,Sweet,128,300,38400,Saturday,1,1,Janmashtami,60,0,0,31.5
2025-08-16,Station Road,Bikaneri Bhujia,Namkeen,529,360,190440,Saturday,1,1,Janmashtami,60,0,0,31.5
2025-08-16,Station Road,Aloo Bhujia,Namkeen,189,300,56700,Saturday,1,1,Janmashtami,60,0,0,31.5
2025-08-17,Station Road,Rasgulla,Sweet,63,280,17640,Sunday,1,0,None,60,0,0,31.6
2025-08-17,Station Road,Gulab Jamun,Sweet,86,300,25800,Sunday,1,0,None,60,0,0,31.6
2025-08-17,Station Road,Kaju Katli,Sweet,32,900,28800,Sunday,1,0,None,60,0,0,31.6
2025-08-17,Station Road,Besan Barfi,Sweet,52,420,21840,Sunday,1,0,None,60,0,0,31.6
2025-08-17,Station Road,Motichoor Laddu,Sweet,46,380,17480,Sunday,1,0,None,60,0,0,31.6
2025-08-17,Station Road,Ghewar,Sweet,99,500,49500,Sunday,1,0,None,60,0,0,31.6
2025-08-17,Station Road,Gajak,Sweet,4,320,1280,Sunday,1,0,None,60,0,0,31.6
2025-08-17,Station Road,Soan Papdi,Sweet,25,300,7500,Sunday,1,0,None,60,0,0,31.6
2025-08-17,Station Road,Bikaneri Bhujia,Namkeen,147,360,52920,Sunday,1,0,None,60,0,0,31.6
2025-08-17,Station Road,Aloo Bhujia,Namkeen,54,300,16200,Sunday,1,0,None,60,0,0,31.6
2025-08-18,Station Road,Rasgulla,Sweet,49,280,13720,Monday,0,0,None,60,0,0,34.6
2025-08-18,Station Road,Gulab Jamun,Sweet,52,300,15600,Monday,0,0,None,60,0,0,34.6
2025-08-18,Station Road,Kaju Katli,Sweet,28,900,25200,Monday,0,0,None,60,0,0,34.6
2025-08-18,Station Road,Besan Barfi,Sweet,43,420,18060,Monday,0,0,None,60,0,0,34.6
2025-08-18,Station Road,Motichoor Laddu,Sweet,30,380,11400,Monday,0,0,None,60,0,0,34.6
2025-08-18,Station Road,Ghewar,Sweet,71,500,35500,Monday,0,0,None,60,0,0,34.6
2025-08-18,Station Road,Gajak,Sweet,0,320,0,Monday,0,0,None,60,0,0,34.6
2025-08-18,Station Road,Soan Papdi,Sweet,14,300,4200,Monday,0,0,None,60,0,0,34.6
2025-08-18,Station Road,Bikaneri Bhujia,Namkeen,99,360,35640,Monday,0,0,None,60,0,0,34.6
2025-08-18,Station Road,Aloo Bhujia,Namkeen,61,300,18300,Monday,0,0,None,60,0,0,34.6
2025-08-19,Station Road,Rasgulla,Sweet,41,280,11480,Tuesday,0,0,None,60,0,0,33.9
2025-08-19,Station Road,Gulab Jamun,Sweet,67,270,18090,Tuesday,0,0,None,60,0,1,33.9
2025-08-19,Station Road,Kaju Katli,Sweet,27,900,24300,Tuesday,0,0,None,60,0,0,33.9
2025-08-19,Station Road,Besan Barfi,Sweet,35,420,14700,Tuesday,0,0,None,60,0,0,33.9
2025-08-19,Station Road,Motichoor Laddu,Sweet,27,380,10260,Tuesday,0,0,None,60,0,0,33.9
2025-08-19,Station Road,Ghewar,Sweet,61,500,30500,Tuesday,0,0,None,60,0,0,33.9
2025-08-19,Station Road,Gajak,Sweet,1,320,320,Tuesday,0,0,None,60,0,0,33.9
2025-08-19,Station Road,Soan Papdi,Sweet,32,300,9600,Tuesday,0,0,None,60,0,0,33.9
2025-08-19,Station Road,Bikaneri Bhujia,Namkeen,96,360,34560,Tuesday,0,0,None,60,0,0,33.9
2025-08-19,Station Road,Aloo Bhujia,Namkeen,52,270,14040,Tuesday,0,0,None,60,0,1,33.9
2025-08-20,Station Road,Rasgulla,Sweet,68,280,19040,Wednesday,0,0,None,59,0,0,34.0
2025-08-20,Station Road,Gulab Jamun,Sweet,47,300,14100,Wednesday,0,0,None,59,0,0,34.0
2025-08-20,Station Road,Kaju Katli,Sweet,35,900,31500,Wednesday,0,0,None,59,0,0,34.0
2025-08-20,Station Road,Besan Barfi,Sweet,29,420,12180,Wednesday,0,0,None,59,0,0,34.0
2025-08-20,Station Road,Motichoor Laddu,Sweet,30,380,11400,Wednesday,0,0,None,59,0,0,34.0
2025-08-20,Station Road,Ghewar,Sweet,76,450,34200,Wednesday,0,0,None,59,0,1,34.0
2025-08-20,Station Road,Gajak,Sweet,1,288,288,Wednesday,0,0,None,59,0,1,34.0
2025-08-20,Station Road,Soan Papdi,Sweet,20,300,6000,Wednesday,0,0,None,59,0,0,34.0
2025-08-20,Station Road,Bikaneri Bhujia,Namkeen,93,360,33480,Wednesday,0,0,None,59,0,0,34.0
2025-08-20,Station Road,Aloo Bhujia,Namkeen,47,300,14100,Wednesday,0,0,None,59,0,0,34.0
2025-08-21,Station Road,Rasgulla,Sweet,55,280,15400,Thursday,0,0,None,58,0,0,35.6
2025-08-21,Station Road,Gulab Jamun,Sweet,61,300,18300,Thursday,0,0,None,58,0,0,35.6
2025-08-21,Station Road,Kaju Katli,Sweet,35,900,31500,Thursday,0,0,None,58,0,0,35.6
2025-08-21,Station Road,Besan Barfi,Sweet,43,420,18060,Thursday,0,0,None,58,0,0,35.6
2025-08-21,Station Road,Motichoor Laddu,Sweet,43,380,16340,Thursday,0,0,None,58,0,0,35.6
2025-08-21,Station Road,Ghewar,Sweet,58,500,29000,Thursday,0,0,None,58,0,0,35.6
2025-08-21,Station Road,Gajak,Sweet,2,320,640,Thursday,0,0,None,58,0,0,35.6
2025-08-21,Station Road,Soan Papdi,Sweet,19,300,5700,Thursday,0,0,None,58,0,0,35.6
2025-08-21,Station Road,Bikaneri Bhujia,Namkeen,102,360,36720,Thursday,0,0,None,58,0,0,35.6
2025-08-21,Station Road,Aloo Bhujia,Namkeen,47,300,14100,Thursday,0,0,None,58,0,0,35.6
2025-08-22,Station Road,Rasgulla,Sweet,63,280,17640,Friday,0,0,None,57,0,0,34.6
2025-08-22,Station Road,Gulab Jamun,Sweet,83,300,24900,Friday,0,0,None,57,0,0,34.6
2025-08-22,Station Road,Kaju Katli,Sweet,32,900,28800,Friday,0,0,None,57,0,0,34.6
2025-08-22,Station Road,Besan Barfi,Sweet,41,420,17220,Friday,0,0,None,57,0,0,34.6
2025-08-22,Station Road,Motichoor Laddu,Sweet,34,380,12920,Friday,0,0,None,57,0,0,34.6
2025-08-22,Station Road,Ghewar,Sweet,79,500,39500,Friday,0,0,None,57,0,0,34.6
2025-08-22,Station Road,Gajak,Sweet,2,320,640,Friday,0,0,None,57,0,0,34.6
2025-08-22,Station Road,Soan Papdi,Sweet,30,300,9000,Friday,0,0,None,57,0,0,34.6
2025-08-22,Station Road,Bikaneri Bhujia,Namkeen,122,360,43920,Friday,0,0,None,57,0,0,34.6
2025-08-22,Station Road,Aloo Bhujia,Namkeen,60,300,18000,Friday,0,0,None,57,0,0,34.6
2025-08-23,Station Road,Rasgulla,Sweet,93,252,23436,Saturday,1,0,None,56,0,1,34.6
2025-08-23,Station Road,Gulab Jamun,Sweet,88,300,26400,Saturday,1,0,None,56,0,0,34.6
2025-08-23,Station Road,Kaju Katli,Sweet,43,900,38700,Saturday,1,0,None,56,0,0,34.6
2025-08-23,Station Road,Besan Barfi,Sweet,36,420,15120,Saturday,1,0,None,56,0,0,34.6
2025-08-23,Station Road,Motichoor Laddu,Sweet,47,380,17860,Saturday,1,0,None,56,0,0,34.6
2025-08-23,Station Road,Ghewar,Sweet,80,500,40000,Saturday,1,0,None,56,0,0,34.6
2025-08-23,Station Road,Gajak,Sweet,0,320,0,Saturday,1,0,None,56,0,0,34.6
2025-08-23,Station Road,Soan Papdi,Sweet,24,300,7200,Saturday,1,0,None,56,0,0,34.6
2025-08-23,Station Road,Bikaneri Bhujia,Namkeen,143,360,51480,Saturday,1,0,None,56,0,0,34.6
2025-08-23,Station Road,Aloo Bhujia,Namkeen,58,300,17400,Saturday,1,0,None,56,0,0,34.6
2025-08-24,Station Road,Rasgulla,Sweet,87,280,24360,Sunday,1,0,None,55,0,0,37.2
2025-08-24,Station Road,Gulab Jamun,Sweet,93,300,27900,Sunday,1,0,None,55,0,0,37.2
2025-08-24,Station Road,Kaju Katli,Sweet,44,900,39600,Sunday,1,0,None,55,0,0,37.2
2025-08-24,Station Road,Besan Barfi,Sweet,40,420,16800,Sunday,1,0,None,55,0,0,37.2
2025-08-24,Station Road,Motichoor Laddu,Sweet,43,380,16340,Sunday,1,0,None,55,0,0,37.2
2025-08-24,Station Road,Ghewar,Sweet,76,500,38000,Sunday,1,0,None,55,0,0,37.2
2025-08-24,Station Road,Gajak,Sweet,0,320,0,Sunday,1,0,None,55,0,0,37.2
2025-08-24,Station Road,Soan Papdi,Sweet,39,300,11700,Sunday,1,0,None,55,0,0,37.2
2025-08-24,Station Road,Bikaneri Bhujia,Namkeen,135,360,48600,Sunday,1,0,None,55,0,0,37.2
2025-08-24,Station Road,Aloo Bhujia,Namkeen,78,300,23400,Sunday,1,0,None,55,0,0,37.2
2025-08-25,Station Road,Rasgulla,Sweet,55,280,15400,Monday,0,0,None,54,0,0,32.4
2025-08-25,Station Road,Gulab Jamun,Sweet,57,300,17100,Monday,0,0,None,54,0,0,32.4
2025-08-25,Station Road,Kaju Katli,Sweet,31,900,27900,Monday,0,0,None,54,0,0,32.4
2025-08-25,Station Road,Besan Barfi,Sweet,38,420,15960,Monday,0,0,None,54,0,0,32.4
2025-08-25,Station Road,Motichoor Laddu,Sweet,26,380,9880,Monday,0,0,None,54,0,0,32.4
2025-08-25,Station Road,Ghewar,Sweet,49,500,24500,Monday,0,0,None,54,0,0,32.4
2025-08-25,Station Road,Gajak,Sweet,1,320,320,Monday,0,0,None,54,0,0,32.4
2025-08-25,Station Road,Soan Papdi,Sweet,18,300,5400,Monday,0,0,None,54,0,0,32.4
2025-08-25,Station Road,Bikaneri Bhujia,Namkeen,120,324,38880,Monday,0,0,None,54,0,1,32.4
2025-08-25,Station Road,Aloo Bhujia,Namkeen,43,300,12900,Monday,0,0,None,54,0,0,32.4
2025-08-26,Station Road,Rasgulla,Sweet,39,280,10920,Tuesday,0,0,None,53,0,0,30.2
2025-08-26,Station Road,Gulab Jamun,Sweet,62,300,18600,Tuesday,0,0,None,53,0,0,30.2
2025-08-26,Station Road,Kaju Katli,Sweet,26,900,23400,Tuesday,0,0,None,53,0,0,30.2
2025-08-26,Station Road,Besan Barfi,Sweet,28,420,11760,Tuesday,0,0,None,53,0,0,30.2
2025-08-26,Station Road,Motichoor Laddu,Sweet,23,380,8740,Tuesday,0,0,None,53,0,0,30.2
2025-08-26,Station Road,Ghewar,Sweet,57,500,28500,Tuesday,0,0,None,53,0,0,30.2
2025-08-26,Station Road,Gajak,Sweet,0,320,0,Tuesday,0,0,None,53,0,0,30.2
2025-08-26,Station Road,Soan Papdi,Sweet,19,300,5700,Tuesday,0,0,None,53,0,0,30.2
2025-08-26,Station Road,Bikaneri Bhujia,Namkeen,73,360,26280,Tuesday,0,0,None,53,0,0,30.2
2025-08-26,Station Road,Aloo Bhujia,Namkeen,42,300,12600,Tuesday,0,0,None,53,0,0,30.2
2025-08-27,Station Road,Rasgulla,Sweet,48,280,13440,Wednesday,0,0,None,52,0,0,34.6
2025-08-27,Station Road,Gulab Jamun,Sweet,53,300,15900,Wednesday,0,0,None,52,0,0,34.6
2025-08-27,Station Road,Kaju Katli,Sweet,30,900,27000,Wednesday,0,0,None,52,0,0,34.6
2025-08-27,Station Road,Besan Barfi,Sweet,39,420,16380,Wednesday,0,0,None,52,0,0,34.6
2025-08-27,Station Road,Motichoor Laddu,Sweet,24,380,9120,Wednesday,0,0,None,52,0,0,34.6
2025-08-27,Station Road,Ghewar,Sweet,72,500,36000,Wednesday,0,0,None,52,0,0,34.6
2025-08-27,Station Road,Gajak,Sweet,1,320,320,Wednesday,0,0,None,52,0,0,34.6
2025-08-27,Station Road,Soan Papdi,Sweet,16,300,4800,Wednesday,0,0,None,52,0,0,34.6
2025-08-27,Station Road,Bikaneri Bhujia,Namkeen,105,360,37800,Wednesday,0,0,None,52,0,0,34.6
2025-08-27,Station Road,Aloo Bhujia,Namkeen,46,300,13800,Wednesday,0,0,None,52,0,0,34.6
2025-08-28,Station Road,Rasgulla,Sweet,67,280,18760,Thursday,0,0,None,51,0,0,37.9
2025-08-28,Station Road,Gulab Jamun,Sweet,61,300,18300,Thursday,0,0,None,51,0,0,37.9
2025-08-28,Station Road,Kaju Katli,Sweet,23,900,20700,Thursday,0,0,None,51,0,0,37.9
2025-08-28,Station Road,Besan Barfi,Sweet,33,420,13860,Thursday,0,0,None,51,0,0,37.9
2025-08-28,Station Road,Motichoor Laddu,Sweet,29,380,11020,Thursday,0,0,None,51,0,0,37.9
2025-08-28,Station Road,Ghewar,Sweet,67,500,33500,Thursday,0,0,None,51,0,0,37.9
2025-08-28,Station Road,Gajak,Sweet,3,320,960,Thursday,0,0,None,51,0,0,37.9
2025-08-28,Station Road,Soan Papdi,Sweet,21,300,6300,Thursday,0,0,None,51,0,0,37.9
2025-08-28,Station Road,Bikaneri Bhujia,Namkeen,95,360,34200,Thursday,0,0,None,51,0,0,37.9
2025-08-28,Station Road,Aloo Bhujia,Namkeen,39,300,11700,Thursday,0,0,None,51,0,0,37.9
2025-08-29,Station Road,Rasgulla,Sweet,59,280,16520,Friday,0,0,None,50,0,0,31.8
2025-08-29,Station Road,Gulab Jamun,Sweet,53,300,15900,Friday,0,0,None,50,0,0,31.8
2025-08-29,Station Road,Kaju Katli,Sweet,23,900,20700,Friday,0,0,None,50,0,0,31.8
2025-08-29,Station Road,Besan Barfi,Sweet,44,420,18480,Friday,0,0,None,50,0,0,31.8
2025-08-29,Station Road,Motichoor Laddu,Sweet,39,380,14820,Friday,0,0,None,50,0,0,31.8
2025-08-29,Station Road,Ghewar,Sweet,84,500,42000,Friday,0,0,None,50,0,0,31.8
2025-08-29,Station Road,Gajak,Sweet,2,320,640,Friday,0,0,None,50,0,0,31.8
2025-08-29,Station Road,Soan Papdi,Sweet,20,300,6000,Friday,0,0,None,50,0,0,31.8
2025-08-29,Station Road,Bikaneri Bhujia,Namkeen,118,360,42480,Friday,0,0,None,50,0,0,31.8
2025-08-29,Station Road,Aloo Bhujia,Namkeen,65,300,19500,Friday,0,0,None,50,0,0,31.8
2025-08-30,Station Road,Rasgulla,Sweet,65,280,18200,Saturday,1,0,None,49,0,0,38.2
2025-08-30,Station Road,Gulab Jamun,Sweet,66,300,19800,Saturday,1,0,None,49,0,0,38.2
2025-08-30,Station Road,Kaju Katli,Sweet,37,900,33300,Saturday,1,0,None,49,0,0,38.2
2025-08-30,Station Road,Besan Barfi,Sweet,42,420,17640,Saturday,1,0,None,49,0,0,38.2
2025-08-30,Station Road,Motichoor Laddu,Sweet,32,380,12160,Saturday,1,0,None,49,0,0,38.2
2025-08-30,Station Road,Ghewar,Sweet,84,500,42000,Saturday,1,0,None,49,0,0,38.2
2025-08-30,Station Road,Gajak,Sweet,1,320,320,Saturday,1,0,None,49,0,0,38.2
2025-08-30,Station Road,Soan Papdi,Sweet,26,300,7800,Saturday,1,0,None,49,0,0,38.2
2025-08-30,Station Road,Bikaneri Bhujia,Namkeen,137,360,49320,Saturday,1,0,None,49,0,0,38.2
2025-08-30,Station Road,Aloo Bhujia,Namkeen,62,300,18600,Saturday,1,0,None,49,0,0,38.2
2025-08-31,Station Road,Rasgulla,Sweet,74,280,20720,Sunday,1,0,None,48,0,0,37.6
2025-08-31,Station Road,Gulab Jamun,Sweet,79,300,23700,Sunday,1,0,None,48,0,0,37.6
2025-08-31,Station Road,Kaju Katli,Sweet,41,900,36900,Sunday,1,0,None,48,0,0,37.6
2025-08-31,Station Road,Besan Barfi,Sweet,54,420,22680,Sunday,1,0,None,48,0,0,37.6
2025-08-31,Station Road,Motichoor Laddu,Sweet,53,380,20140,Sunday,1,0,None,48,0,0,37.6
2025-08-31,Station Road,Ghewar,Sweet,98,500,49000,Sunday,1,0,None,48,0,0,37.6
2025-08-31,Station Road,Gajak,Sweet,3,320,960,Sunday,1,0,None,48,0,0,37.6
2025-08-31,Station Road,Soan Papdi,Sweet,31,300,9300,Sunday,1,0,None,48,0,0,37.6
2025-08-31,Station Road,Bikaneri Bhujia,Namkeen,143,360,51480,Sunday,1,0,None,48,0,0,37.6
2025-08-31,Station Road,Aloo Bhujia,Namkeen,71,300,21300,Sunday,1,0,None,48,0,0,37.6
2025-09-01,Station Road,Rasgulla,Sweet,53,280,14840,Monday,0,0,None,47,0,0,33.0
2025-09-01,Station Road,Gulab Jamun,Sweet,59,300,17700,Monday,0,0,None,47,0,0,33.0
2025-09-01,Station Road,Kaju Katli,Sweet,19,900,17100,Monday,0,0,None,47,0,0,33.0
2025-09-01,Station Road,Besan Barfi,Sweet,25,420,10500,Monday,0,0,None,47,0,0,33.0
2025-09-01,Station Road,Motichoor Laddu,Sweet,37,380,14060,Monday,0,0,None,47,0,0,33.0
2025-09-01,Station Road,Ghewar,Sweet,19,500,9500,Monday,0,0,None,47,0,0,33.0
2025-09-01,Station Road,Gajak,Sweet,0,320,0,Monday,0,0,None,47,0,0,33.0
2025-09-01,Station Road,Soan Papdi,Sweet,18,300,5400,Monday,0,0,None,47,0,0,33.0
2025-09-01,Station Road,Bikaneri Bhujia,Namkeen,93,360,33480,Monday,0,0,None,47,0,0,33.0
2025-09-01,Station Road,Aloo Bhujia,Namkeen,47,300,14100,Monday,0,0,None,47,0,0,33.0
2025-09-02,Station Road,Rasgulla,Sweet,45,280,12600,Tuesday,0,0,None,46,0,0,34.7
2025-09-02,Station Road,Gulab Jamun,Sweet,54,300,16200,Tuesday,0,0,None,46,0,0,34.7
2025-09-02,Station Road,Kaju Katli,Sweet,23,900,20700,Tuesday,0,0,None,46,0,0,34.7
2025-09-02,Station Road,Besan Barfi,Sweet,34,420,14280,Tuesday,0,0,None,46,0,0,34.7
2025-09-02,Station Road,Motichoor Laddu,Sweet,31,380,11780,Tuesday,0,0,None,46,0,0,34.7
2025-09-02,Station Road,Ghewar,Sweet,30,500,15000,Tuesday,0,0,None,46,0,0,34.7
2025-09-02,Station Road,Gajak,Sweet,1,320,320,Tuesday,0,0,None,46,0,0,34.7
2025-09-02,Station Road,Soan Papdi,Sweet,19,300,5700,Tuesday,0,0,None,46,0,0,34.7
2025-09-02,Station Road,Bikaneri Bhujia,Namkeen,84,360,30240,Tuesday,0,0,None,46,0,0,34.7
2025-09-02,Station Road,Aloo Bhujia,Namkeen,51,300,15300,Tuesday,0,0,None,46,0,0,34.7
2025-09-03,Station Road,Rasgulla,Sweet,58,280,16240,Wednesday,0,0,None,45,0,0,34.3
2025-09-03,Station Road,Gulab Jamun,Sweet,64,300,19200,Wednesday,0,0,None,45,0,0,34.3
2025-09-03,Station Road,Kaju Katli,Sweet,34,900,30600,Wednesday,0,0,None,45,0,0,34.3
2025-09-03,Station Road,Besan Barfi,Sweet,32,420,13440,Wednesday,0,0,None,45,0,0,34.3
2025-09-03,Station Road,Motichoor Laddu,Sweet,34,380,12920,Wednesday,0,0,None,45,0,0,34.3
2025-09-03,Station Road,Ghewar,Sweet,19,500,9500,Wednesday,0,0,None,45,0,0,34.3
2025-09-03,Station Road,Gajak,Sweet,4,320,1280,Wednesday,0,0,None,45,0,0,34.3
2025-09-03,Station Road,Soan Papdi,Sweet,25,300,7500,Wednesday,0,0,None,45,0,0,34.3
2025-09-03,Station Road,Bikaneri Bhujia,Namkeen,79,360,28440,Wednesday,0,0,None,45,0,0,34.3
2025-09-03,Station Road,Aloo Bhujia,Namkeen,42,300,12600,Wednesday,0,0,None,45,0,0,34.3
2025-09-04,Station Road,Rasgulla,Sweet,39,280,10920,Thursday,0,0,None,44,0,0,31.8
2025-09-04,Station Road,Gulab Jamun,Sweet,89,270,24030,Thursday,0,0,None,44,0,1,31.8
2025-09-04,Station Road,Kaju Katli,Sweet,26,900,23400,Thursday,0,0,None,44,0,0,31.8
2025-09-04,Station Road,Besan Barfi,Sweet,32,420,13440,Thursday,0,0,None,44,0,0,31.8
2025-09-04,Station Road,Motichoor Laddu,Sweet,35,380,13300,Thursday,0,0,None,44,0,0,31.8
2025-09-04,Station Road,Ghewar,Sweet,16,500,8000,Thursday,0,0,None,44,0,0,31.8
2025-09-04,Station Road,Gajak,Sweet,0,320,0,Thursday,0,0,None,44,0,0,31.8
2025-09-04,Station Road,Soan Papdi,Sweet,20,300,6000,Thursday,0,0,None,44,0,0,31.8
2025-09-04,Station Road,Bikaneri Bhujia,Namkeen,96,360,34560,Thursday,0,0,None,44,0,0,31.8
2025-09-04,Station Road,Aloo Bhujia,Namkeen,61,300,18300,Thursday,0,0,None,44,0,0,31.8
2025-09-05,Station Road,Rasgulla,Sweet,61,280,17080,Friday,0,0,None,43,0,0,27.2
2025-09-05,Station Road,Gulab Jamun,Sweet,53,300,15900,Friday,0,0,None,43,0,0,27.2
2025-09-05,Station Road,Kaju Katli,Sweet,30,900,27000,Friday,0,0,None,43,0,0,27.2
2025-09-05,Station Road,Besan Barfi,Sweet,36,420,15120,Friday,0,0,None,43,0,0,27.2
2025-09-05,Station Road,Motichoor Laddu,Sweet,37,380,14060,Friday,0,0,None,43,0,0,27.2
2025-09-05,Station Road,Ghewar,Sweet,14,500,7000,Friday,0,0,None,43,0,0,27.2
2025-09-05,Station Road,Gajak,Sweet,1,320,320,Friday,0,0,None,43,0,0,27.2
2025-09-05,Station Road,Soan Papdi,Sweet,23,300,6900,Friday,0,0,None,43,0,0,27.2
2025-09-05,Station Road,Bikaneri Bhujia,Namkeen,104,360,37440,Friday,0,0,None,43,0,0,27.2
2025-09-05,Station Road,Aloo Bhujia,Namkeen,50,300,15000,Friday,0,0,None,43,0,0,27.2
2025-09-06,Station Road,Rasgulla,Sweet,75,280,21000,Saturday,1,0,None,42,0,0,31.8
2025-09-06,Station Road,Gulab Jamun,Sweet,62,300,18600,Saturday,1,0,None,42,0,0,31.8
2025-09-06,Station Road,Kaju Katli,Sweet,33,900,29700,Saturday,1,0,None,42,0,0,31.8
2025-09-06,Station Road,Besan Barfi,Sweet,38,420,15960,Saturday,1,0,None,42,0,0,31.8
2025-09-06,Station Road,Motichoor Laddu,Sweet,50,380,19000,Saturday,1,0,None,42,0,0,31.8
2025-09-06,Station Road,Ghewar,Sweet,25,500,12500,Saturday,1,0,None,42,0,0,31.8
2025-09-06,Station Road,Gajak,Sweet,0,320,0,Saturday,1,0,None,42,0,0,31.8
2025-09-06,Station Road,Soan Papdi,Sweet,24,300,7200,Saturday,1,0,None,42,0,0,31.8
2025-09-06,Station Road,Bikaneri Bhujia,Namkeen,129,360,46440,Saturday,1,0,None,42,0,0,31.8
2025-09-06,Station Road,Aloo Bhujia,Namkeen,64,300,19200,Saturday,1,0,None,42,0,0,31.8
2025-09-07,Station Road,Rasgulla,Sweet,75,280,21000,Sunday,1,0,None,41,0,0,34.7
2025-09-07,Station Road,Gulab Jamun,Sweet,86,300,25800,Sunday,1,0,None,41,0,0,34.7
2025-09-07,Station Road,Kaju Katli,Sweet,45,900,40500,Sunday,1,0,None,41,0,0,34.7
2025-09-07,Station Road,Besan Barfi,Sweet,52,420,21840,Sunday,1,0,None,41,0,0,34.7
2025-09-07,Station Road,Motichoor Laddu,Sweet,54,380,20520,Sunday,1,0,None,41,0,0,34.7
2025-09-07,Station Road,Ghewar,Sweet,20,500,10000,Sunday,1,0,None,41,0,0,34.7
2025-09-07,Station Road,Gajak,Sweet,6,320,1920,Sunday,1,0,None,41,0,0,34.7
2025-09-07,Station Road,Soan Papdi,Sweet,31,300,9300,Sunday,1,0,None,41,0,0,34.7
2025-09-07,Station Road,Bikaneri Bhujia,Namkeen,165,360,59400,Sunday,1,0,None,41,0,0,34.7
2025-09-07,Station Road,Aloo Bhujia,Namkeen,59,300,17700,Sunday,1,0,None,41,0,0,34.7
2025-09-08,Station Road,Rasgulla,Sweet,52,280,14560,Monday,0,0,None,40,0,0,27.9
2025-09-08,Station Road,Gulab Jamun,Sweet,58,300,17400,Monday,0,0,None,40,0,0,27.9
2025-09-08,Station Road,Kaju Katli,Sweet,27,900,24300,Monday,0,0,None,40,0,0,27.9
2025-09-08,Station Road,Besan Barfi,Sweet,34,420,14280,Monday,0,0,None,40,0,0,27.9
2025-09-08,Station Road,Motichoor Laddu,Sweet,24,380,9120,Monday,0,0,None,40,0,0,27.9
2025-09-08,Station Road,Ghewar,Sweet,14,500,7000,Monday,0,0,None,40,0,0,27.9
2025-09-08,Station Road,Gajak,Sweet,2,320,640,Monday,0,0,None,40,0,0,27.9
2025-09-08,Station Road,Soan Papdi,Sweet,14,300,4200,Monday,0,0,None,40,0,0,27.9
2025-09-08,Station Road,Bikaneri Bhujia,Namkeen,86,360,30960,Monday,0,0,None,40,0,0,27.9
2025-09-08,Station Road,Aloo Bhujia,Namkeen,33,300,9900,Monday,0,0,None,40,0,0,27.9
2025-09-09,Station Road,Rasgulla,Sweet,56,280,15680,Tuesday,0,0,None,39,0,0,29.4
2025-09-09,Station Road,Gulab Jamun,Sweet,42,300,12600,Tuesday,0,0,None,39,0,0,29.4
2025-09-09,Station Road,Kaju Katli,Sweet,28,900,25200,Tuesday,0,0,None,39,0,0,29.4
2025-09-09,Station Road,Besan Barfi,Sweet,36,420,15120,Tuesday,0,0,None,39,0,0,29.4
2025-09-09,Station Road,Motichoor Laddu,Sweet,17,380,6460,Tuesday,0,0,None,39,0,0,29.4
2025-09-09,Station Road,Ghewar,Sweet,26,500,13000,Tuesday,0,0,None,39,0,0,29.4
2025-09-09,Station Road,Gajak,Sweet,1,320,320,Tuesday,0,0,None,39,0,0,29.4
2025-09-09,Station Road,Soan Papdi,Sweet,24,300,7200,Tuesday,0,0,None,39,0,0,29.4
2025-09-09,Station Road,Bikaneri Bhujia,Namkeen,82,360,29520,Tuesday,0,0,None,39,0,0,29.4
2025-09-09,Station Road,Aloo Bhujia,Namkeen,41,300,12300,Tuesday,0,0,None,39,0,0,29.4
2025-09-10,Station Road,Rasgulla,Sweet,57,280,15960,Wednesday,0,0,None,38,0,0,33.1
2025-09-10,Station Road,Gulab Jamun,Sweet,73,300,21900,Wednesday,0,0,None,38,0,0,33.1
2025-09-10,Station Road,Kaju Katli,Sweet,35,900,31500,Wednesday,0,0,None,38,0,0,33.1
2025-09-10,Station Road,Besan Barfi,Sweet,39,420,16380,Wednesday,0,0,None,38,0,0,33.1
2025-09-10,Station Road,Motichoor Laddu,Sweet,42,380,15960,Wednesday,0,0,None,38,0,0,33.1
2025-09-10,Station Road,Ghewar,Sweet,18,500,9000,Wednesday,0,0,None,38,0,0,33.1
2025-09-10,Station Road,Gajak,Sweet,2,320,640,Wednesday,0,0,None,38,0,0,33.1
2025-09-10,Station Road,Soan Papdi,Sweet,24,300,7200,Wednesday,0,0,None,38,0,0,33.1
2025-09-10,Station Road,Bikaneri Bhujia,Namkeen,101,360,36360,Wednesday,0,0,None,38,0,0,33.1
2025-09-10,Station Road,Aloo Bhujia,Namkeen,45,300,13500,Wednesday,0,0,None,38,0,0,33.1
2025-09-11,Station Road,Rasgulla,Sweet,53,280,14840,Thursday,0,0,None,37,0,0,30.1
2025-09-11,Station Road,Gulab Jamun,Sweet,41,300,12300,Thursday,0,0,None,37,0,0,30.1
2025-09-11,Station Road,Kaju Katli,Sweet,33,900,29700,Thursday,0,0,None,37,0,0,30.1
2025-09-11,Station Road,Besan Barfi,Sweet,28,420,11760,Thursday,0,0,None,37,0,0,30.1
2025-09-11,Station Road,Motichoor Laddu,Sweet,27,380,10260,Thursday,0,0,None,37,0,0,30.1
2025-09-11,Station Road,Ghewar,Sweet,13,500,6500,Thursday,0,0,None,37,0,0,30.1
2025-09-11,Station Road,Gajak,Sweet,3,320,960,Thursday,0,0,None,37,0,0,30.1
2025-09-11,Station Road,Soan Papdi,Sweet,17,300,5100,Thursday,0,0,None,37,0,0,30.1
2025-09-11,Station Road,Bikaneri Bhujia,Namkeen,84,360,30240,Thursday,0,0,None,37,0,0,30.1
2025-09-11,Station Road,Aloo Bhujia,Namkeen,59,300,17700,Thursday,0,0,None,37,0,0,30.1
2025-09-12,Station Road,Rasgulla,Sweet,86,252,21672,Friday,0,0,None,36,0,1,28.8
2025-09-12,Station Road,Gulab Jamun,Sweet,56,300,16800,Friday,0,0,None,36,0,0,28.8
2025-09-12,Station Road,Kaju Katli,Sweet,37,900,33300,Friday,0,0,None,36,0,0,28.8
2025-09-12,Station Road,Besan Barfi,Sweet,41,420,17220,Friday,0,0,None,36,0,0,28.8
2025-09-12,Station Road,Motichoor Laddu,Sweet,38,380,14440,Friday,0,0,None,36,0,0,28.8
2025-09-12,Station Road,Ghewar,Sweet,21,500,10500,Friday,0,0,None,36,0,0,28.8
2025-09-12,Station Road,Gajak,Sweet,3,320,960,Friday,0,0,None,36,0,0,28.8
2025-09-12,Station Road,Soan Papdi,Sweet,23,300,6900,Friday,0,0,None,36,0,0,28.8
2025-09-12,Station Road,Bikaneri Bhujia,Namkeen,109,360,39240,Friday,0,0,None,36,0,0,28.8
2025-09-12,Station Road,Aloo Bhujia,Namkeen,49,300,14700,Friday,0,0,None,36,0,0,28.8
2025-09-13,Station Road,Rasgulla,Sweet,88,280,24640,Saturday,1,0,None,35,0,0,33.6
2025-09-13,Station Road,Gulab Jamun,Sweet,81,300,24300,Saturday,1,0,None,35,0,0,33.6
2025-09-13,Station Road,Kaju Katli,Sweet,31,900,27900,Saturday,1,0,None,35,0,0,33.6
2025-09-13,Station Road,Besan Barfi,Sweet,50,420,21000,Saturday,1,0,None,35,0,0,33.6
2025-09-13,Station Road,Motichoor Laddu,Sweet,48,380,18240,Saturday,1,0,None,35,0,0,33.6
2025-09-13,Station Road,Ghewar,Sweet,29,500,14500,Saturday,1,0,None,35,0,0,33.6
2025-09-13,Station Road,Gajak,Sweet,1,320,320,Saturday,1,0,None,35,0,0,33.6
2025-09-13,Station Road,Soan Papdi,Sweet,28,300,8400,Saturday,1,0,None,35,0,0,33.6
2025-09-13,Station Road,Bikaneri Bhujia,Namkeen,135,360,48600,Saturday,1,0,None,35,0,0,33.6
2025-09-13,Station Road,Aloo Bhujia,Namkeen,73,300,21900,Saturday,1,0,None,35,0,0,33.6
2025-09-14,Station Road,Rasgulla,Sweet,74,280,20720,Sunday,1,0,None,34,0,0,30.7
2025-09-14,Station Road,Gulab Jamun,Sweet,95,300,28500,Sunday,1,0,None,34,0,0,30.7
2025-09-14,Station Road,Kaju Katli,Sweet,47,900,42300,Sunday,1,0,None,34,0,0,30.7
2025-09-14,Station Road,Besan Barfi,Sweet,63,420,26460,Sunday,1,0,None,34,0,0,30.7
2025-09-14,Station Road,Motichoor Laddu,Sweet,42,380,15960,Sunday,1,0,None,34,0,0,30.7
2025-09-14,Station Road,Ghewar,Sweet,23,500,11500,Sunday,1,0,None,34,0,0,30.7
2025-09-14,Station Road,Gajak,Sweet,1,320,320,Sunday,1,0,None,34,0,0,30.7
2025-09-14,Station Road,Soan Papdi,Sweet,39,300,11700,Sunday,1,0,None,34,0,0,30.7
2025-09-14,Station Road,Bikaneri Bhujia,Namkeen,141,360,50760,Sunday,1,0,None,34,0,0,30.7
2025-09-14,Station Road,Aloo Bhujia,Namkeen,86,300,25800,Sunday,1,0,None,34,0,0,30.7
2025-09-15,Station Road,Rasgulla,Sweet,55,280,15400,Monday,0,0,None,33,0,0,33.4
2025-09-15,Station Road,Gulab Jamun,Sweet,44,300,13200,Monday,0,0,None,33,0,0,33.4
2025-09-15,Station Road,Kaju Katli,Sweet,24,900,21600,Monday,0,0,None,33,0,0,33.4
2025-09-15,Station Road,Besan Barfi,Sweet,34,420,14280,Monday,0,0,None,33,0,0,33.4
2025-09-15,Station Road,Motichoor Laddu,Sweet,33,380,12540,Monday,0,0,None,33,0,0,33.4
2025-09-15,Station Road,Ghewar,Sweet,13,500,6500,Monday,0,0,None,33,0,0,33.4
2025-09-15,Station Road,Gajak,Sweet,3,320,960,Monday,0,0,None,33,0,0,33.4
2025-09-15,Station Road,Soan Papdi,Sweet,16,300,4800,Monday,0,0,None,33,0,0,33.4
2025-09-15,Station Road,Bikaneri Bhujia,Namkeen,94,360,33840,Monday,0,0,None,33,0,0,33.4
2025-09-15,Station Road,Aloo Bhujia,Namkeen,53,270,14310,Monday,0,0,None,33,0,1,33.4
2025-09-16,Station Road,Rasgulla,Sweet,61,280,17080,Tuesday,0,0,None,32,0,0,33.0
2025-09-16,Station Road,Gulab Jamun,Sweet,59,300,17700,Tuesday,0,0,None,32,0,0,33.0
2025-09-16,Station Road,Kaju Katli,Sweet,21,900,18900,Tuesday,0,0,None,32,0,0,33.0
2025-09-16,Station Road,Besan Barfi,Sweet,29,420,12180,Tuesday,0,0,None,32,0,0,33.0
2025-09-16,Station Road,Motichoor Laddu,Sweet,25,380,9500,Tuesday,0,0,None,32,0,0,33.0
2025-09-16,Station Road,Ghewar,Sweet,25,500,12500,Tuesday,0,0,None,32,0,0,33.0
2025-09-16,Station Road,Gajak,Sweet,1,320,320,Tuesday,0,0,None,32,0,0,33.0
2025-09-16,Station Road,Soan Papdi,Sweet,30,300,9000,Tuesday,0,0,None,32,0,0,33.0
2025-09-16,Station Road,Bikaneri Bhujia,Namkeen,97,360,34920,Tuesday,0,0,None,32,0,0,33.0
2025-09-16,Station Road,Aloo Bhujia,Namkeen,55,300,16500,Tuesday,0,0,None,32,0,0,33.0
2025-09-17,Station Road,Rasgulla,Sweet,43,280,12040,Wednesday,0,0,None,31,0,0,33.1
2025-09-17,Station Road,Gulab Jamun,Sweet,68,300,20400,Wednesday,0,0,None,31,0,0,33.1
2025-09-17,Station Road,Kaju Katli,Sweet,25,900,22500,Wednesday,0,0,None,31,0,0,33.1
2025-09-17,Station Road,Besan Barfi,Sweet,45,420,18900,Wednesday,0,0,None,31,0,0,33.1
2025-09-17,Station Road,Motichoor Laddu,Sweet,28,380,10640,Wednesday,0,0,None,31,0,0,33.1
2025-09-17,Station Road,Ghewar,Sweet,15,500,7500,Wednesday,0,0,None,31,0,0,33.1
2025-09-17,Station Road,Gajak,Sweet,2,320,640,Wednesday,0,0,None,31,0,0,33.1
2025-09-17,Station Road,Soan Papdi,Sweet,33,270,8910,Wednesday,0,0,None,31,0,1,33.1
2025-09-17,Station Road,Bikaneri Bhujia,Namkeen,99,360,35640,Wednesday,0,0,None,31,0,0,33.1
2025-09-17,Station Road,Aloo Bhujia,Namkeen,44,300,13200,Wednesday,0,0,None,31,0,0,33.1
2025-09-18,Station Road,Rasgulla,Sweet,54,280,15120,Thursday,0,0,None,30,0,0,36.1
2025-09-18,Station Road,Gulab Jamun,Sweet,46,300,13800,Thursday,0,0,None,30,0,0,36.1
2025-09-18,Station Road,Kaju Katli,Sweet,34,900,30600,Thursday,0,0,None,30,0,0,36.1
2025-09-18,Station Road,Besan Barfi,Sweet,38,420,15960,Thursday,0,0,None,30,0,0,36.1
2025-09-18,Station Road,Motichoor Laddu,Sweet,28,380,10640,Thursday,0,0,None,30,0,0,36.1
2025-09-18,Station Road,Ghewar,Sweet,19,500,9500,Thursday,0,0,None,30,0,0,36.1
2025-09-18,Station Road,Gajak,Sweet,0,320,0,Thursday,0,0,None,30,0,0,36.1
2025-09-18,Station Road,Soan Papdi,Sweet,16,300,4800,Thursday,0,0,None,30,0,0,36.1
2025-09-18,Station Road,Bikaneri Bhujia,Namkeen,80,360,28800,Thursday,0,0,None,30,0,0,36.1
2025-09-18,Station Road,Aloo Bhujia,Namkeen,50,300,15000,Thursday,0,0,None,30,0,0,36.1
2025-09-19,Station Road,Rasgulla,Sweet,65,280,18200,Friday,0,0,None,29,0,0,29.3
2025-09-19,Station Road,Gulab Jamun,Sweet,68,300,20400,Friday,0,0,None,29,0,0,29.3
2025-09-19,Station Road,Kaju Katli,Sweet,36,900,32400,Friday,0,0,None,29,0,0,29.3
2025-09-19,Station Road,Besan Barfi,Sweet,40,420,16800,Friday,0,0,None,29,0,0,29.3
2025-09-19,Station Road,Motichoor Laddu,Sweet,41,380,15580,Friday,0,0,None,29,0,0,29.3
2025-09-19,Station Road,Ghewar,Sweet,24,500,12000,Friday,0,0,None,29,0,0,29.3
2025-09-19,Station Road,Gajak,Sweet,1,320,320,Friday,0,0,None,29,0,0,29.3
2025-09-19,Station Road,Soan Papdi,Sweet,19,300,5700,Friday,0,0,None,29,0,0,29.3
2025-09-19,Station Road,Bikaneri Bhujia,Namkeen,91,360,32760,Friday,0,0,None,29,0,0,29.3
2025-09-19,Station Road,Aloo Bhujia,Namkeen,46,300,13800,Friday,0,0,None,29,0,0,29.3
2025-09-20,Station Road,Rasgulla,Sweet,80,252,20160,Saturday,1,0,None,28,0,1,34.8
2025-09-20,Station Road,Gulab Jamun,Sweet,77,300,23100,Saturday,1,0,None,28,0,0,34.8
2025-09-20,Station Road,Kaju Katli,Sweet,46,900,41400,Saturday,1,0,None,28,0,0,34.8
2025-09-20,Station Road,Besan Barfi,Sweet,56,420,23520,Saturday,1,0,None,28,0,0,34.8
2025-09-20,Station Road,Motichoor Laddu,Sweet,43,380,16340,Saturday,1,0,None,28,0,0,34.8
2025-09-20,Station Road,Ghewar,Sweet,28,500,14000,Saturday,1,0,None,28,0,0,34.8
2025-09-20,Station Road,Gajak,Sweet,5,320,1600,Saturday,1,0,None,28,0,0,34.8
2025-09-20,Station Road,Soan Papdi,Sweet,26,300,7800,Saturday,1,0,None,28,0,0,34.8
2025-09-20,Station Road,Bikaneri Bhujia,Namkeen,163,324,52812,Saturday,1,0,None,28,0,1,34.8
2025-09-20,Station Road,Aloo Bhujia,Namkeen,57,300,17100,Saturday,1,0,None,28,0,0,34.8
2025-09-21,Station Road,Rasgulla,Sweet,73,280,20440,Sunday,1,0,None,27,0,0,36.8
2025-09-21,Station Road,Gulab Jamun,Sweet,90,300,27000,Sunday,1,0,None,27,0,0,36.8
2025-09-21,Station Road,Kaju Katli,Sweet,51,900,45900,Sunday,1,0,None,27,0,0,36.8
2025-09-21,Station Road,Besan Barfi,Sweet,55,420,23100,Sunday,1,0,None,27,0,0,36.8
2025-09-21,Station Road,Motichoor Laddu,Sweet,59,380,22420,Sunday,1,0,None,27,0,0,36.8
2025-09-21,Station Road,Ghewar,Sweet,28,500,14000,Sunday,1,0,None,27,0,0,36.8
2025-09-21,Station Road,Gajak,Sweet,3,320,960,Sunday,1,0,None,27,0,0,36.8
2025-09-21,Station Road,Soan Papdi,Sweet,42,300,12600,Sunday,1,0,None,27,0,0,36.8
2025-09-21,Station Road,Bikaneri Bhujia,Namkeen,125,360,45000,Sunday,1,0,None,27,0,0,36.8
2025-09-21,Station Road,Aloo Bhujia,Namkeen,86,300,25800,Sunday,1,0,None,27,0,0,36.8
2025-09-22,Station Road,Rasgulla,Sweet,54,280,15120,Monday,0,0,None,26,0,0,32.4
2025-09-22,Station Road,Gulab Jamun,Sweet,45,300,13500,Monday,0,0,None,26,0,0,32.4
2025-09-22,Station Road,Kaju Katli,Sweet,36,900,32400,Monday,0,0,None,26,0,0,32.4
2025-09-22,Station Road,Besan Barfi,Sweet,32,420,13440,Monday,0,0,None,26,0,0,32.4
2025-09-22,Station Road,Motichoor Laddu,Sweet,22,380,8360,Monday,0,0,None,26,0,0,32.4
2025-09-22,Station Road,Ghewar,Sweet,15,500,7500,Monday,0,0,None,26,0,0,32.4
2025-09-22,Station Road,Gajak,Sweet,0,320,0,Monday,0,0,None,26,0,0,32.4
2025-09-22,Station Road,Soan Papdi,Sweet,23,300,6900,Monday,0,0,None,26,0,0,32.4
2025-09-22,Station Road,Bikaneri Bhujia,Namkeen,97,360,34920,Monday,0,0,None,26,0,0,32.4
2025-09-22,Station Road,Aloo Bhujia,Namkeen,44,300,13200,Monday,0,0,None,26,0,0,32.4
2025-09-23,Station Road,Rasgulla,Sweet,42,280,11760,Tuesday,0,0,None,25,0,0,36.1
2025-09-23,Station Road,Gulab Jamun,Sweet,67,270,18090,Tuesday,0,0,None,25,0,1,36.1
2025-09-23,Station Road,Kaju Katli,Sweet,18,900,16200,Tuesday,0,0,None,25,0,0,36.1
2025-09-23,Station Road,Besan Barfi,Sweet,45,378,17010,Tuesday,0,0,None,25,0,1,36.1
2025-09-23,Station Road,Motichoor Laddu,Sweet,34,380,12920,Tuesday,0,0,None,25,0,0,36.1
2025-09-23,Station Road,Ghewar,Sweet,21,500,10500,Tuesday,0,0,None,25,0,0,36.1
2025-09-23,Station Road,Gajak,Sweet,0,320,0,Tuesday,0,0,None,25,0,0,36.1
2025-09-23,Station Road,Soan Papdi,Sweet,22,300,6600,Tuesday,0,0,None,25,0,0,36.1
2025-09-23,Station Road,Bikaneri Bhujia,Namkeen,90,360,32400,Tuesday,0,0,None,25,0,0,36.1
2025-09-23,Station Road,Aloo Bhujia,Namkeen,38,300,11400,Tuesday,0,0,None,25,0,0,36.1
2025-09-24,Station Road,Rasgulla,Sweet,68,280,19040,Wednesday,0,0,None,24,0,0,32.7
2025-09-24,Station Road,Gulab Jamun,Sweet,66,300,19800,Wednesday,0,0,None,24,0,0,32.7
2025-09-24,Station Road,Kaju Katli,Sweet,19,900,17100,Wednesday,0,0,None,24,0,0,32.7
2025-09-24,Station Road,Besan Barfi,Sweet,48,378,18144,Wednesday,0,0,None,24,0,1,32.7
2025-09-24,Station Road,Motichoor Laddu,Sweet,35,380,13300,Wednesday,0,0,None,24,0,0,32.7
2025-09-24,Station Road,Ghewar,Sweet,24,500,12000,Wednesday,0,0,None,24,0,0,32.7
2025-09-24,Station Road,Gajak,Sweet,0,320,0,Wednesday,0,0,None,24,0,0,32.7
2025-09-24,Station Road,Soan Papdi,Sweet,29,300,8700,Wednesday,0,0,None,24,0,0,32.7
2025-09-24,Station Road,Bikaneri Bhujia,Namkeen,102,360,36720,Wednesday,0,0,None,24,0,0,32.7
2025-09-24,Station Road,Aloo Bhujia,Namkeen,56,300,16800,Wednesday,0,0,None,24,0,0,32.7
2025-09-25,Station Road,Rasgulla,Sweet,53,280,14840,Thursday,0,0,None,23,0,0,35.0
2025-09-25,Station Road,Gulab Jamun,Sweet,52,300,15600,Thursday,0,0,None,23,0,0,35.0
2025-09-25,Station Road,Kaju Katli,Sweet,30,900,27000,Thursday,0,0,None,23,0,0,35.0
2025-09-25,Station Road,Besan Barfi,Sweet,35,420,14700,Thursday,0,0,None,23,0,0,35.0
2025-09-25,Station Road,Motichoor Laddu,Sweet,49,380,18620,Thursday,0,0,None,23,0,0,35.0
2025-09-25,Station Road,Ghewar,Sweet,15,500,7500,Thursday,0,0,None,23,0,0,35.0
2025-09-25,Station Road,Gajak,Sweet,3,320,960,Thursday,0,0,None,23,0,0,35.0
2025-09-25,Station Road,Soan Papdi,Sweet,25,300,7500,Thursday,0,0,None,23,0,0,35.0
2025-09-25,Station Road,Bikaneri Bhujia,Namkeen,96,360,34560,Thursday,0,0,None,23,0,0,35.0
2025-09-25,Station Road,Aloo Bhujia,Namkeen,49,300,14700,Thursday,0,0,None,23,0,0,35.0
2025-09-26,Station Road,Rasgulla,Sweet,75,280,21000,Friday,0,0,pre-Dussehra,22,0,0,31.3
2025-09-26,Station Road,Gulab Jamun,Sweet,88,300,26400,Friday,0,0,pre-Dussehra,22,0,0,31.3
2025-09-26,Station Road,Kaju Katli,Sweet,35,900,31500,Friday,0,0,pre-Dussehra,22,0,0,31.3
2025-09-26,Station Road,Besan Barfi,Sweet,52,420,21840,Friday,0,0,pre-Dussehra,22,0,0,31.3
2025-09-26,Station Road,Motichoor Laddu,Sweet,49,380,18620,Friday,0,0,pre-Dussehra,22,0,0,31.3
2025-09-26,Station Road,Ghewar,Sweet,27,500,13500,Friday,0,0,pre-Dussehra,22,0,0,31.3
2025-09-26,Station Road,Gajak,Sweet,4,320,1280,Friday,0,0,pre-Dussehra,22,0,0,31.3
2025-09-26,Station Road,Soan Papdi,Sweet,41,300,12300,Friday,0,0,pre-Dussehra,22,0,0,31.3
2025-09-26,Station Road,Bikaneri Bhujia,Namkeen,129,360,46440,Friday,0,0,pre-Dussehra,22,0,0,31.3
2025-09-26,Station Road,Aloo Bhujia,Namkeen,67,300,20100,Friday,0,0,pre-Dussehra,22,0,0,31.3
2025-09-27,Station Road,Rasgulla,Sweet,103,280,28840,Saturday,1,0,pre-Dussehra,21,0,0,33.2
2025-09-27,Station Road,Gulab Jamun,Sweet,127,300,38100,Saturday,1,0,pre-Dussehra,21,0,0,33.2
2025-09-27,Station Road,Kaju Katli,Sweet,71,900,63900,Saturday,1,0,pre-Dussehra,21,0,0,33.2
2025-09-27,Station Road,Besan Barfi,Sweet,81,420,34020,Saturday,1,0,pre-Dussehra,21,0,0,33.2
2025-09-27,Station Road,Motichoor Laddu,Sweet,73,380,27740,Saturday,1,0,pre-Dussehra,21,0,0,33.2
2025-09-27,Station Road,Ghewar,Sweet,44,500,22000,Saturday,1,0,pre-Dussehra,21,0,0,33.2
2025-09-27,Station Road,Gajak,Sweet,3,320,960,Saturday,1,0,pre-Dussehra,21,0,0,33.2
2025-09-27,Station Road,Soan Papdi,Sweet,57,300,17100,Saturday,1,0,pre-Dussehra,21,0,0,33.2
2025-09-27,Station Road,Bikaneri Bhujia,Namkeen,195,360,70200,Saturday,1,0,pre-Dussehra,21,0,0,33.2
2025-09-27,Station Road,Aloo Bhujia,Namkeen,82,300,24600,Saturday,1,0,pre-Dussehra,21,0,0,33.2
2025-09-28,Station Road,Rasgulla,Sweet,138,280,38640,Sunday,1,0,pre-Dussehra,20,0,0,34.7
2025-09-28,Station Road,Gulab Jamun,Sweet,158,300,47400,Sunday,1,0,pre-Dussehra,20,0,0,34.7
2025-09-28,Station Road,Kaju Katli,Sweet,92,900,82800,Sunday,1,0,pre-Dussehra,20,0,0,34.7
2025-09-28,Station Road,Besan Barfi,Sweet,103,420,43260,Sunday,1,0,pre-Dussehra,20,0,0,34.7
2025-09-28,Station Road,Motichoor Laddu,Sweet,94,380,35720,Sunday,1,0,pre-Dussehra,20,0,0,34.7
2025-09-28,Station Road,Ghewar,Sweet,44,500,22000,Sunday,1,0,pre-Dussehra,20,0,0,34.7
2025-09-28,Station Road,Gajak,Sweet,6,320,1920,Sunday,1,0,pre-Dussehra,20,0,0,34.7
2025-09-28,Station Road,Soan Papdi,Sweet,76,270,20520,Sunday,1,0,pre-Dussehra,20,0,1,34.7
2025-09-28,Station Road,Bikaneri Bhujia,Namkeen,227,360,81720,Sunday,1,0,pre-Dussehra,20,0,0,34.7
2025-09-28,Station Road,Aloo Bhujia,Namkeen,120,300,36000,Sunday,1,0,pre-Dussehra,20,0,0,34.7
2025-09-29,Station Road,Rasgulla,Sweet,114,280,31920,Monday,0,0,pre-Dussehra,19,0,0,33.8
2025-09-29,Station Road,Gulab Jamun,Sweet,123,300,36900,Monday,0,0,pre-Dussehra,19,0,0,33.8
2025-09-29,Station Road,Kaju Katli,Sweet,82,900,73800,Monday,0,0,pre-Dussehra,19,0,0,33.8
2025-09-29,Station Road,Besan Barfi,Sweet,93,420,39060,Monday,0,0,pre-Dussehra,19,0,0,33.8
2025-09-29,Station Road,Motichoor Laddu,Sweet,71,380,26980,Monday,0,0,pre-Dussehra,19,0,0,33.8
2025-09-29,Station Road,Ghewar,Sweet,41,500,20500,Monday,0,0,pre-Dussehra,19,0,0,33.8
2025-09-29,Station Road,Gajak,Sweet,2,320,640,Monday,0,0,pre-Dussehra,19,0,0,33.8
2025-09-29,Station Road,Soan Papdi,Sweet,48,300,14400,Monday,0,0,pre-Dussehra,19,0,0,33.8
2025-09-29,Station Road,Bikaneri Bhujia,Namkeen,198,360,71280,Monday,0,0,pre-Dussehra,19,0,0,33.8
2025-09-29,Station Road,Aloo Bhujia,Namkeen,93,300,27900,Monday,0,0,pre-Dussehra,19,0,0,33.8
2025-09-30,Station Road,Rasgulla,Sweet,132,280,36960,Tuesday,0,0,pre-Dussehra,18,0,0,30.0
2025-09-30,Station Road,Gulab Jamun,Sweet,188,270,50760,Tuesday,0,0,pre-Dussehra,18,0,1,30.0
2025-09-30,Station Road,Kaju Katli,Sweet,92,900,82800,Tuesday,0,0,pre-Dussehra,18,0,0,30.0
2025-09-30,Station Road,Besan Barfi,Sweet,98,420,41160,Tuesday,0,0,pre-Dussehra,18,0,0,30.0
2025-09-30,Station Road,Motichoor Laddu,Sweet,89,380,33820,Tuesday,0,0,pre-Dussehra,18,0,0,30.0
2025-09-30,Station Road,Ghewar,Sweet,33,500,16500,Tuesday,0,0,pre-Dussehra,18,0,0,30.0
2025-09-30,Station Road,Gajak,Sweet,4,320,1280,Tuesday,0,0,pre-Dussehra,18,0,0,30.0
2025-09-30,Station Road,Soan Papdi,Sweet,51,300,15300,Tuesday,0,0,pre-Dussehra,18,0,0,30.0
2025-09-30,Station Road,Bikaneri Bhujia,Namkeen,182,360,65520,Tuesday,0,0,pre-Dussehra,18,0,0,30.0
2025-09-30,Station Road,Aloo Bhujia,Namkeen,86,300,25800,Tuesday,0,0,pre-Dussehra,18,0,0,30.0
2025-10-01,Station Road,Rasgulla,Sweet,142,280,39760,Wednesday,0,0,pre-Dussehra,17,0,0,32.2
2025-10-01,Station Road,Gulab Jamun,Sweet,148,300,44400,Wednesday,0,0,pre-Dussehra,17,0,0,32.2
2025-10-01,Station Road,Kaju Katli,Sweet,96,900,86400,Wednesday,0,0,pre-Dussehra,17,0,0,32.2
2025-10-01,Station Road,Besan Barfi,Sweet,128,420,53760,Wednesday,0,0,pre-Dussehra,17,0,0,32.2
2025-10-01,Station Road,Motichoor Laddu,Sweet,112,380,42560,Wednesday,0,0,pre-Dussehra,17,0,0,32.2
2025-10-01,Station Road,Ghewar,Sweet,4,500,2000,Wednesday,0,0,pre-Dussehra,17,0,0,32.2
2025-10-01,Station Road,Gajak,Sweet,29,320,9280,Wednesday,0,0,pre-Dussehra,17,0,0,32.2
2025-10-01,Station Road,Soan Papdi,Sweet,66,300,19800,Wednesday,0,0,pre-Dussehra,17,0,0,32.2
2025-10-01,Station Road,Bikaneri Bhujia,Namkeen,253,360,91080,Wednesday,0,0,pre-Dussehra,17,0,0,32.2
2025-10-01,Station Road,Aloo Bhujia,Namkeen,97,300,29100,Wednesday,0,0,pre-Dussehra,17,0,0,32.2
2025-10-02,Station Road,Rasgulla,Sweet,247,280,69160,Thursday,0,1,Dussehra,16,0,0,29.1
2025-10-02,Station Road,Gulab Jamun,Sweet,335,300,100500,Thursday,0,1,Dussehra,16,0,0,29.1
2025-10-02,Station Road,Kaju Katli,Sweet,192,900,172800,Thursday,0,1,Dussehra,16,0,0,29.1
2025-10-02,Station Road,Besan Barfi,Sweet,197,420,82740,Thursday,0,1,Dussehra,16,0,0,29.1
2025-10-02,Station Road,Motichoor Laddu,Sweet,189,380,71820,Thursday,0,1,Dussehra,16,0,0,29.1
2025-10-02,Station Road,Ghewar,Sweet,6,500,3000,Thursday,0,1,Dussehra,16,0,0,29.1
2025-10-02,Station Road,Gajak,Sweet,27,320,8640,Thursday,0,1,Dussehra,16,0,0,29.1
2025-10-02,Station Road,Soan Papdi,Sweet,137,300,41100,Thursday,0,1,Dussehra,16,0,0,29.1
2025-10-02,Station Road,Bikaneri Bhujia,Namkeen,414,360,149040,Thursday,0,1,Dussehra,16,0,0,29.1
2025-10-02,Station Road,Aloo Bhujia,Namkeen,182,300,54600,Thursday,0,1,Dussehra,16,0,0,29.1
2025-10-03,Station Road,Rasgulla,Sweet,69,280,19320,Friday,0,0,None,15,0,0,32.7
2025-10-03,Station Road,Gulab Jamun,Sweet,74,300,22200,Friday,0,0,None,15,0,0,32.7
2025-10-03,Station Road,Kaju Katli,Sweet,32,900,28800,Friday,0,0,None,15,0,0,32.7
2025-10-03,Station Road,Besan Barfi,Sweet,46,420,19320,Friday,0,0,None,15,0,0,32.7
2025-10-03,Station Road,Motichoor Laddu,Sweet,24,380,9120,Friday,0,0,None,15,0,0,32.7
2025-10-03,Station Road,Ghewar,Sweet,1,500,500,Friday,0,0,None,15,0,0,32.7
2025-10-03,Station Road,Gajak,Sweet,11,320,3520,Friday,0,0,None,15,0,0,32.7
2025-10-03,Station Road,Soan Papdi,Sweet,27,300,8100,Friday,0,0,None,15,0,0,32.7
2025-10-03,Station Road,Bikaneri Bhujia,Namkeen,117,360,42120,Friday,0,0,None,15,0,0,32.7
2025-10-03,Station Road,Aloo Bhujia,Namkeen,42,300,12600,Friday,0,0,None,15,0,0,32.7
2025-10-04,Station Road,Rasgulla,Sweet,83,280,23240,Saturday,1,0,pre-Karva Chauth,14,0,0,28.0
2025-10-04,Station Road,Gulab Jamun,Sweet,115,300,34500,Saturday,1,0,pre-Karva Chauth,14,0,0,28.0
2025-10-04,Station Road,Kaju Katli,Sweet,49,900,44100,Saturday,1,0,pre-Karva Chauth,14,0,0,28.0
2025-10-04,Station Road,Besan Barfi,Sweet,56,420,23520,Saturday,1,0,pre-Karva Chauth,14,0,0,28.0
2025-10-04,Station Road,Motichoor Laddu,Sweet,64,380,24320,Saturday,1,0,pre-Karva Chauth,14,0,0,28.0
2025-10-04,Station Road,Ghewar,Sweet,1,500,500,Saturday,1,0,pre-Karva Chauth,14,0,0,28.0
2025-10-04,Station Road,Gajak,Sweet,13,320,4160,Saturday,1,0,pre-Karva Chauth,14,0,0,28.0
2025-10-04,Station Road,Soan Papdi,Sweet,35,300,10500,Saturday,1,0,pre-Karva Chauth,14,0,0,28.0
2025-10-04,Station Road,Bikaneri Bhujia,Namkeen,142,360,51120,Saturday,1,0,pre-Karva Chauth,14,0,0,28.0
2025-10-04,Station Road,Aloo Bhujia,Namkeen,66,300,19800,Saturday,1,0,pre-Karva Chauth,14,0,0,28.0
2025-10-05,Station Road,Rasgulla,Sweet,114,280,31920,Sunday,1,0,pre-Karva Chauth,13,0,0,28.9
2025-10-05,Station Road,Gulab Jamun,Sweet,117,300,35100,Sunday,1,0,pre-Karva Chauth,13,0,0,28.9
2025-10-05,Station Road,Kaju Katli,Sweet,80,900,72000,Sunday,1,0,pre-Karva Chauth,13,0,0,28.9
2025-10-05,Station Road,Besan Barfi,Sweet,78,420,32760,Sunday,1,0,pre-Karva Chauth,13,0,0,28.9
2025-10-05,Station Road,Motichoor Laddu,Sweet,68,380,25840,Sunday,1,0,pre-Karva Chauth,13,0,0,28.9
2025-10-05,Station Road,Ghewar,Sweet,7,500,3500,Sunday,1,0,pre-Karva Chauth,13,0,0,28.9
2025-10-05,Station Road,Gajak,Sweet,18,320,5760,Sunday,1,0,pre-Karva Chauth,13,0,0,28.9
2025-10-05,Station Road,Soan Papdi,Sweet,38,300,11400,Sunday,1,0,pre-Karva Chauth,13,0,0,28.9
2025-10-05,Station Road,Bikaneri Bhujia,Namkeen,192,360,69120,Sunday,1,0,pre-Karva Chauth,13,0,0,28.9
2025-10-05,Station Road,Aloo Bhujia,Namkeen,102,300,30600,Sunday,1,0,pre-Karva Chauth,13,0,0,28.9
2025-10-06,Station Road,Rasgulla,Sweet,83,280,23240,Monday,0,0,pre-Karva Chauth,12,0,0,31.1
2025-10-06,Station Road,Gulab Jamun,Sweet,95,300,28500,Monday,0,0,pre-Karva Chauth,12,0,0,31.1
2025-10-06,Station Road,Kaju Katli,Sweet,44,900,39600,Monday,0,0,pre-Karva Chauth,12,0,0,31.1
2025-10-06,Station Road,Besan Barfi,Sweet,66,420,27720,Monday,0,0,pre-Karva Chauth,12,0,0,31.1
2025-10-06,Station Road,Motichoor Laddu,Sweet,73,342,24966,Monday,0,0,pre-Karva Chauth,12,0,1,31.1
2025-10-06,Station Road,Ghewar,Sweet,1,500,500,Monday,0,0,pre-Karva Chauth,12,0,0,31.1
2025-10-06,Station Road,Gajak,Sweet,17,320,5440,Monday,0,0,pre-Karva Chauth,12,0,0,31.1
2025-10-06,Station Road,Soan Papdi,Sweet,36,300,10800,Monday,0,0,pre-Karva Chauth,12,0,0,31.1
2025-10-06,Station Road,Bikaneri Bhujia,Namkeen,143,360,51480,Monday,0,0,pre-Karva Chauth,12,0,0,31.1
2025-10-06,Station Road,Aloo Bhujia,Namkeen,63,300,18900,Monday,0,0,pre-Karva Chauth,12,0,0,31.1
2025-10-07,Station Road,Rasgulla,Sweet,97,280,27160,Tuesday,0,0,pre-Karva Chauth,11,0,0,28.7
2025-10-07,Station Road,Gulab Jamun,Sweet,132,300,39600,Tuesday,0,0,pre-Karva Chauth,11,0,0,28.7
2025-10-07,Station Road,Kaju Katli,Sweet,49,900,44100,Tuesday,0,0,pre-Karva Chauth,11,0,0,28.7
2025-10-07,Station Road,Besan Barfi,Sweet,62,420,26040,Tuesday,0,0,pre-Karva Chauth,11,0,0,28.7
2025-10-07,Station Road,Motichoor Laddu,Sweet,74,380,28120,Tuesday,0,0,pre-Karva Chauth,11,0,0,28.7
2025-10-07,Station Road,Ghewar,Sweet,4,500,2000,Tuesday,0,0,pre-Karva Chauth,11,0,0,28.7
2025-10-07,Station Road,Gajak,Sweet,9,320,2880,Tuesday,0,0,pre-Karva Chauth,11,0,0,28.7
2025-10-07,Station Road,Soan Papdi,Sweet,43,300,12900,Tuesday,0,0,pre-Karva Chauth,11,0,0,28.7
2025-10-07,Station Road,Bikaneri Bhujia,Namkeen,160,360,57600,Tuesday,0,0,pre-Karva Chauth,11,0,0,28.7
2025-10-07,Station Road,Aloo Bhujia,Namkeen,59,300,17700,Tuesday,0,0,pre-Karva Chauth,11,0,0,28.7
2025-10-08,Station Road,Rasgulla,Sweet,107,280,29960,Wednesday,0,0,pre-Karva Chauth,10,0,0,26.9
2025-10-08,Station Road,Gulab Jamun,Sweet,122,300,36600,Wednesday,0,0,pre-Karva Chauth,10,0,0,26.9
2025-10-08,Station Road,Kaju Katli,Sweet,72,900,64800,Wednesday,0,0,pre-Karva Chauth,10,0,0,26.9
2025-10-08,Station Road,Besan Barfi,Sweet,74,420,31080,Wednesday,0,0,pre-Karva Chauth,10,0,0,26.9
2025-10-08,Station Road,Motichoor Laddu,Sweet,61,380,23180,Wednesday,0,0,pre-Karva Chauth,10,0,0,26.9
2025-10-08,Station Road,Ghewar,Sweet,3,500,1500,Wednesday,0,0,pre-Karva Chauth,10,0,0,26.9
2025-10-08,Station Road,Gajak,Sweet,22,320,7040,Wednesday,0,0,pre-Karva Chauth,10,0,0,26.9
2025-10-08,Station Road,Soan Papdi,Sweet,36,300,10800,Wednesday,0,0,pre-Karva Chauth,10,0,0,26.9
2025-10-08,Station Road,Bikaneri Bhujia,Namkeen,190,360,68400,Wednesday,0,0,pre-Karva Chauth,10,0,0,26.9
2025-10-08,Station Road,Aloo Bhujia,Namkeen,85,300,25500,Wednesday,0,0,pre-Karva Chauth,10,0,0,26.9
2025-10-09,Station Road,Rasgulla,Sweet,112,280,31360,Thursday,0,0,pre-Karva Chauth,9,0,0,26.2
2025-10-09,Station Road,Gulab Jamun,Sweet,144,300,43200,Thursday,0,0,pre-Karva Chauth,9,0,0,26.2
2025-10-09,Station Road,Kaju Katli,Sweet,94,900,84600,Thursday,0,0,pre-Karva Chauth,9,0,0,26.2
2025-10-09,Station Road,Besan Barfi,Sweet,93,420,39060,Thursday,0,0,pre-Karva Chauth,9,0,0,26.2
2025-10-09,Station Road,Motichoor Laddu,Sweet,88,380,33440,Thursday,0,0,pre-Karva Chauth,9,0,0,26.2
2025-10-09,Station Road,Ghewar,Sweet,1,500,500,Thursday,0,0,pre-Karva Chauth,9,0,0,26.2
2025-10-09,Station Road,Gajak,Sweet,23,320,7360,Thursday,0,0,pre-Karva Chauth,9,0,0,26.2
2025-10-09,Station Road,Soan Papdi,Sweet,57,300,17100,Thursday,0,0,pre-Karva Chauth,9,0,0,26.2
2025-10-09,Station Road,Bikaneri Bhujia,Namkeen,206,360,74160,Thursday,0,0,pre-Karva Chauth,9,0,0,26.2
2025-10-09,Station Road,Aloo Bhujia,Namkeen,100,300,30000,Thursday,0,0,pre-Karva Chauth,9,0,0,26.2
2025-10-10,Station Road,Rasgulla,Sweet,280,280,78400,Friday,0,1,Karva Chauth,8,0,0,31.5
2025-10-10,Station Road,Gulab Jamun,Sweet,248,300,74400,Friday,0,1,Karva Chauth,8,0,0,31.5
2025-10-10,Station Road,Kaju Katli,Sweet,178,900,160200,Friday,0,1,Karva Chauth,8,0,0,31.5
2025-10-10,Station Road,Besan Barfi,Sweet,174,420,73080,Friday,0,1,Karva Chauth,8,0,0,31.5
2025-10-10,Station Road,Motichoor Laddu,Sweet,182,380,69160,Friday,0,1,Karva Chauth,8,0,0,31.5
2025-10-10,Station Road,Ghewar,Sweet,9,500,4500,Friday,0,1,Karva Chauth,8,0,0,31.5
2025-10-10,Station Road,Gajak,Sweet,30,320,9600,Friday,0,1,Karva Chauth,8,0,0,31.5
2025-10-10,Station Road,Soan Papdi,Sweet,118,300,35400,Friday,0,1,Karva Chauth,8,0,0,31.5
2025-10-10,Station Road,Bikaneri Bhujia,Namkeen,363,360,130680,Friday,0,1,Karva Chauth,8,0,0,31.5
2025-10-10,Station Road,Aloo Bhujia,Namkeen,153,300,45900,Friday,0,1,Karva Chauth,8,0,0,31.5
2025-10-11,Station Road,Rasgulla,Sweet,71,280,19880,Saturday,1,0,None,7,0,0,31.0
2025-10-11,Station Road,Gulab Jamun,Sweet,91,300,27300,Saturday,1,0,None,7,0,0,31.0
2025-10-11,Station Road,Kaju Katli,Sweet,28,900,25200,Saturday,1,0,None,7,0,0,31.0
2025-10-11,Station Road,Besan Barfi,Sweet,48,420,20160,Saturday,1,0,None,7,0,0,31.0
2025-10-11,Station Road,Motichoor Laddu,Sweet,41,380,15580,Saturday,1,0,None,7,0,0,31.0
2025-10-11,Station Road,Ghewar,Sweet,1,500,500,Saturday,1,0,None,7,0,0,31.0
2025-10-11,Station Road,Gajak,Sweet,13,320,4160,Saturday,1,0,None,7,0,0,31.0
2025-10-11,Station Road,Soan Papdi,Sweet,30,300,9000,Saturday,1,0,None,7,0,0,31.0
2025-10-11,Station Road,Bikaneri Bhujia,Namkeen,120,360,43200,Saturday,1,0,None,7,0,0,31.0
2025-10-11,Station Road,Aloo Bhujia,Namkeen,74,300,22200,Saturday,1,0,None,7,0,0,31.0
2025-10-12,Station Road,Rasgulla,Sweet,103,280,28840,Sunday,1,0,pre-Dhanteras,6,0,0,28.8
2025-10-12,Station Road,Gulab Jamun,Sweet,124,300,37200,Sunday,1,0,pre-Dhanteras,6,0,0,28.8
2025-10-12,Station Road,Kaju Katli,Sweet,72,900,64800,Sunday,1,0,pre-Dhanteras,6,0,0,28.8
2025-10-12,Station Road,Besan Barfi,Sweet,78,420,32760,Sunday,1,0,pre-Dhanteras,6,0,0,28.8
2025-10-12,Station Road,Motichoor Laddu,Sweet,79,380,30020,Sunday,1,0,pre-Dhanteras,6,0,0,28.8
2025-10-12,Station Road,Ghewar,Sweet,5,500,2500,Sunday,1,0,pre-Dhanteras,6,0,0,28.8
2025-10-12,Station Road,Gajak,Sweet,15,288,4320,Sunday,1,0,pre-Dhanteras,6,0,1,28.8
2025-10-12,Station Road,Soan Papdi,Sweet,60,300,18000,Sunday,1,0,pre-Dhanteras,6,0,0,28.8
2025-10-12,Station Road,Bikaneri Bhujia,Namkeen,163,360,58680,Sunday,1,0,pre-Dhanteras,6,0,0,28.8
2025-10-12,Station Road,Aloo Bhujia,Namkeen,104,300,31200,Sunday,1,0,pre-Dhanteras,6,0,0,28.8
2025-10-13,Station Road,Rasgulla,Sweet,98,280,27440,Monday,0,0,pre-Dhanteras,5,0,0,32.0
2025-10-13,Station Road,Gulab Jamun,Sweet,115,300,34500,Monday,0,0,pre-Dhanteras,5,0,0,32.0
2025-10-13,Station Road,Kaju Katli,Sweet,54,900,48600,Monday,0,0,pre-Dhanteras,5,0,0,32.0
2025-10-13,Station Road,Besan Barfi,Sweet,65,420,27300,Monday,0,0,pre-Dhanteras,5,0,0,32.0
2025-10-13,Station Road,Motichoor Laddu,Sweet,61,380,23180,Monday,0,0,pre-Dhanteras,5,0,0,32.0
2025-10-13,Station Road,Ghewar,Sweet,3,500,1500,Monday,0,0,pre-Dhanteras,5,0,0,32.0
2025-10-13,Station Road,Gajak,Sweet,23,288,6624,Monday,0,0,pre-Dhanteras,5,0,1,32.0
2025-10-13,Station Road,Soan Papdi,Sweet,43,300,12900,Monday,0,0,pre-Dhanteras,5,0,0,32.0
2025-10-13,Station Road,Bikaneri Bhujia,Namkeen,148,360,53280,Monday,0,0,pre-Dhanteras,5,0,0,32.0
2025-10-13,Station Road,Aloo Bhujia,Namkeen,74,300,22200,Monday,0,0,pre-Dhanteras,5,0,0,32.0
2025-10-14,Station Road,Rasgulla,Sweet,155,280,43400,Tuesday,0,0,pre-Dhanteras,4,0,0,28.6
2025-10-14,Station Road,Gulab Jamun,Sweet,183,300,54900,Tuesday,0,0,pre-Dhanteras,4,0,0,28.6
2025-10-14,Station Road,Kaju Katli,Sweet,136,900,122400,Tuesday,0,0,pre-Dhanteras,4,0,0,28.6
2025-10-14,Station Road,Besan Barfi,Sweet,127,420,53340,Tuesday,0,0,pre-Dhanteras,4,0,0,28.6
2025-10-14,Station Road,Motichoor Laddu,Sweet,120,380,45600,Tuesday,0,0,pre-Dhanteras,4,0,0,28.6
2025-10-14,Station Road,Ghewar,Sweet,3,500,1500,Tuesday,0,0,pre-Dhanteras,4,0,0,28.6
2025-10-14,Station Road,Gajak,Sweet,19,320,6080,Tuesday,0,0,pre-Dhanteras,4,0,0,28.6
2025-10-14,Station Road,Soan Papdi,Sweet,77,300,23100,Tuesday,0,0,pre-Dhanteras,4,0,0,28.6
2025-10-14,Station Road,Bikaneri Bhujia,Namkeen,279,360,100440,Tuesday,0,0,pre-Dhanteras,4,0,0,28.6
2025-10-14,Station Road,Aloo Bhujia,Namkeen,114,300,34200,Tuesday,0,0,pre-Dhanteras,4,0,0,28.6
2025-10-15,Station Road,Rasgulla,Sweet,296,280,82880,Wednesday,0,0,pre-Dhanteras,3,0,0,28.0
2025-10-15,Station Road,Gulab Jamun,Sweet,316,300,94800,Wednesday,0,0,pre-Dhanteras,3,0,0,28.0
2025-10-15,Station Road,Kaju Katli,Sweet,217,900,195300,Wednesday,0,0,pre-Dhanteras,3,0,0,28.0
2025-10-15,Station Road,Besan Barfi,Sweet,216,420,90720,Wednesday,0,0,pre-Dhanteras,3,0,0,28.0
2025-10-15,Station Road,Motichoor Laddu,Sweet,247,380,93860,Wednesday,0,0,pre-Dhanteras,3,0,0,28.0
2025-10-15,Station Road,Ghewar,Sweet,6,500,3000,Wednesday,0,0,pre-Dhanteras,3,0,0,28.0
2025-10-15,Station Road,Gajak,Sweet,32,320,10240,Wednesday,0,0,pre-Dhanteras,3,0,0,28.0
2025-10-15,Station Road,Soan Papdi,Sweet,126,300,37800,Wednesday,0,0,pre-Dhanteras,3,0,0,28.0
2025-10-15,Station Road,Bikaneri Bhujia,Namkeen,397,360,142920,Wednesday,0,0,pre-Dhanteras,3,0,0,28.0
2025-10-15,Station Road,Aloo Bhujia,Namkeen,167,300,50100,Wednesday,0,0,pre-Dhanteras,3,0,0,28.0
2025-10-16,Station Road,Rasgulla,Sweet,342,280,95760,Thursday,0,0,pre-Dhanteras,2,0,0,25.4
2025-10-16,Station Road,Gulab Jamun,Sweet,493,300,147900,Thursday,0,0,pre-Dhanteras,2,0,0,25.4
2025-10-16,Station Road,Kaju Katli,Sweet,337,900,303300,Thursday,0,0,pre-Dhanteras,2,0,0,25.4
2025-10-16,Station Road,Besan Barfi,Sweet,341,420,143220,Thursday,0,0,pre-Dhanteras,2,0,0,25.4
2025-10-16,Station Road,Motichoor Laddu,Sweet,320,380,121600,Thursday,0,0,pre-Dhanteras,2,0,0,25.4
2025-10-16,Station Road,Ghewar,Sweet,9,500,4500,Thursday,0,0,pre-Dhanteras,2,0,0,25.4
2025-10-16,Station Road,Gajak,Sweet,51,320,16320,Thursday,0,0,pre-Dhanteras,2,0,0,25.4
2025-10-16,Station Road,Soan Papdi,Sweet,183,300,54900,Thursday,0,0,pre-Dhanteras,2,0,0,25.4
2025-10-16,Station Road,Bikaneri Bhujia,Namkeen,537,360,193320,Thursday,0,0,pre-Dhanteras,2,0,0,25.4
2025-10-16,Station Road,Aloo Bhujia,Namkeen,243,300,72900,Thursday,0,0,pre-Dhanteras,2,0,0,25.4
2025-10-17,Station Road,Rasgulla,Sweet,720,280,201600,Friday,0,0,pre-Dhanteras,1,0,0,24.8
2025-10-17,Station Road,Gulab Jamun,Sweet,1032,300,309600,Friday,0,0,pre-Dhanteras,1,0,0,24.8
2025-10-17,Station Road,Kaju Katli,Sweet,754,900,678600,Friday,0,0,pre-Dhanteras,1,0,0,24.8
2025-10-17,Station Road,Besan Barfi,Sweet,737,420,309540,Friday,0,0,pre-Dhanteras,1,0,0,24.8
2025-10-17,Station Road,Motichoor Laddu,Sweet,758,380,288040,Friday,0,0,pre-Dhanteras,1,0,0,24.8
2025-10-17,Station Road,Ghewar,Sweet,12,500,6000,Friday,0,0,pre-Dhanteras,1,0,0,24.8
2025-10-17,Station Road,Gajak,Sweet,60,320,19200,Friday,0,0,pre-Dhanteras,1,0,0,24.8
2025-10-17,Station Road,Soan Papdi,Sweet,471,300,141300,Friday,0,0,pre-Dhanteras,1,0,0,24.8
2025-10-17,Station Road,Bikaneri Bhujia,Namkeen,1027,360,369720,Friday,0,0,pre-Dhanteras,1,0,0,24.8
2025-10-17,Station Road,Aloo Bhujia,Namkeen,383,300,114900,Friday,0,0,pre-Dhanteras,1,0,0,24.8
2025-10-18,Station Road,Rasgulla,Sweet,2362,280,661360,Saturday,1,1,Dhanteras,0,0,0,28.6
2025-10-18,Station Road,Gulab Jamun,Sweet,3531,300,1059300,Saturday,1,1,Dhanteras,0,0,0,28.6
2025-10-18,Station Road,Kaju Katli,Sweet,2732,900,2458800,Saturday,1,1,Dhanteras,0,0,0,28.6
2025-10-18,Station Road,Besan Barfi,Sweet,2658,420,1116360,Saturday,1,1,Dhanteras,0,0,0,28.6
2025-10-18,Station Road,Motichoor Laddu,Sweet,2740,380,1041200,Saturday,1,1,Dhanteras,0,0,0,28.6
2025-10-18,Station Road,Ghewar,Sweet,40,500,20000,Saturday,1,1,Dhanteras,0,0,0,28.6
2025-10-18,Station Road,Gajak,Sweet,164,320,52480,Saturday,1,1,Dhanteras,0,0,0,28.6
2025-10-18,Station Road,Soan Papdi,Sweet,1594,300,478200,Saturday,1,1,Dhanteras,0,0,0,28.6
2025-10-18,Station Road,Bikaneri Bhujia,Namkeen,3175,360,1143000,Saturday,1,1,Dhanteras,0,0,0,28.6
2025-10-18,Station Road,Aloo Bhujia,Namkeen,1102,300,330600,Saturday,1,1,Dhanteras,0,0,0,28.6
2025-10-19,Station Road,Rasgulla,Sweet,523,280,146440,Sunday,1,0,pre-Diwali,1,0,0,31.0
2025-10-19,Station Road,Gulab Jamun,Sweet,741,300,222300,Sunday,1,0,pre-Diwali,1,0,0,31.0
2025-10-19,Station Road,Kaju Katli,Sweet,484,900,435600,Sunday,1,0,pre-Diwali,1,0,0,31.0
2025-10-19,Station Road,Besan Barfi,Sweet,491,420,206220,Sunday,1,0,pre-Diwali,1,0,0,31.0
2025-10-19,Station Road,Motichoor Laddu,Sweet,490,380,186200,Sunday,1,0,pre-Diwali,1,0,0,31.0
2025-10-19,Station Road,Ghewar,Sweet,26,450,11700,Sunday,1,0,pre-Diwali,1,0,1,31.0
2025-10-19,Station Road,Gajak,Sweet,67,320,21440,Sunday,1,0,pre-Diwali,1,0,0,31.0
2025-10-19,Station Road,Soan Papdi,Sweet,307,300,92100,Sunday,1,0,pre-Diwali,1,0,0,31.0
2025-10-19,Station Road,Bikaneri Bhujia,Namkeen,798,360,287280,Sunday,1,0,pre-Diwali,1,0,0,31.0
2025-10-19,Station Road,Aloo Bhujia,Namkeen,322,300,96600,Sunday,1,0,pre-Diwali,1,0,0,31.0
2025-10-20,Station Road,Rasgulla,Sweet,863,280,241640,Monday,0,1,Diwali,0,0,0,29.0
2025-10-20,Station Road,Gulab Jamun,Sweet,1141,300,342300,Monday,0,1,Diwali,0,0,0,29.0
2025-10-20,Station Road,Kaju Katli,Sweet,757,900,681300,Monday,0,1,Diwali,0,0,0,29.0
2025-10-20,Station Road,Besan Barfi,Sweet,764,420,320880,Monday,0,1,Diwali,0,0,0,29.0
2025-10-20,Station Road,Motichoor Laddu,Sweet,807,380,306660,Monday,0,1,Diwali,0,0,0,29.0
2025-10-20,Station Road,Ghewar,Sweet,20,500,10000,Monday,0,1,Diwali,0,0,0,29.0
2025-10-20,Station Road,Gajak,Sweet,79,320,25280,Monday,0,1,Diwali,0,0,0,29.0
2025-10-20,Station Road,Soan Papdi,Sweet,465,300,139500,Monday,0,1,Diwali,0,0,0,29.0
2025-10-20,Station Road,Bikaneri Bhujia,Namkeen,1168,360,420480,Monday,0,1,Diwali,0,0,0,29.0
2025-10-20,Station Road,Aloo Bhujia,Namkeen,460,300,138000,Monday,0,1,Diwali,0,0,0,29.0
2025-10-21,Station Road,Rasgulla,Sweet,138,280,38640,Tuesday,0,0,pre-Bhai Dooj,60,0,0,29.1
2025-10-21,Station Road,Gulab Jamun,Sweet,144,300,43200,Tuesday,0,0,pre-Bhai Dooj,60,0,0,29.1
2025-10-21,Station Road,Kaju Katli,Sweet,88,900,79200,Tuesday,0,0,pre-Bhai Dooj,60,0,0,29.1
2025-10-21,Station Road,Besan Barfi,Sweet,80,420,33600,Tuesday,0,0,pre-Bhai Dooj,60,0,0,29.1
2025-10-21,Station Road,Motichoor Laddu,Sweet,95,380,36100,Tuesday,0,0,pre-Bhai Dooj,60,0,0,29.1
2025-10-21,Station Road,Ghewar,Sweet,1,500,500,Tuesday,0,0,pre-Bhai Dooj,60,0,0,29.1
2025-10-21,Station Road,Gajak,Sweet,14,320,4480,Tuesday,0,0,pre-Bhai Dooj,60,0,0,29.1
2025-10-21,Station Road,Soan Papdi,Sweet,54,300,16200,Tuesday,0,0,pre-Bhai Dooj,60,0,0,29.1
2025-10-21,Station Road,Bikaneri Bhujia,Namkeen,177,360,63720,Tuesday,0,0,pre-Bhai Dooj,60,0,0,29.1
2025-10-21,Station Road,Aloo Bhujia,Namkeen,88,300,26400,Tuesday,0,0,pre-Bhai Dooj,60,0,0,29.1
2025-10-22,Station Road,Rasgulla,Sweet,158,280,44240,Wednesday,0,0,pre-Bhai Dooj,60,0,0,27.0
2025-10-22,Station Road,Gulab Jamun,Sweet,185,300,55500,Wednesday,0,0,pre-Bhai Dooj,60,0,0,27.0
2025-10-22,Station Road,Kaju Katli,Sweet,102,900,91800,Wednesday,0,0,pre-Bhai Dooj,60,0,0,27.0
2025-10-22,Station Road,Besan Barfi,Sweet,116,420,48720,Wednesday,0,0,pre-Bhai Dooj,60,0,0,27.0
2025-10-22,Station Road,Motichoor Laddu,Sweet,111,380,42180,Wednesday,0,0,pre-Bhai Dooj,60,0,0,27.0
2025-10-22,Station Road,Ghewar,Sweet,2,450,900,Wednesday,0,0,pre-Bhai Dooj,60,0,1,27.0
2025-10-22,Station Road,Gajak,Sweet,18,320,5760,Wednesday,0,0,pre-Bhai Dooj,60,0,0,27.0
2025-10-22,Station Road,Soan Papdi,Sweet,77,300,23100,Wednesday,0,0,pre-Bhai Dooj,60,0,0,27.0
2025-10-22,Station Road,Bikaneri Bhujia,Namkeen,244,360,87840,Wednesday,0,0,pre-Bhai Dooj,60,0,0,27.0
2025-10-22,Station Road,Aloo Bhujia,Namkeen,112,300,33600,Wednesday,0,0,pre-Bhai Dooj,60,0,0,27.0
2025-10-23,Station Road,Rasgulla,Sweet,281,280,78680,Thursday,0,1,Bhai Dooj,60,0,0,26.0
2025-10-23,Station Road,Gulab Jamun,Sweet,343,300,102900,Thursday,0,1,Bhai Dooj,60,0,0,26.0
2025-10-23,Station Road,Kaju Katli,Sweet,188,900,169200,Thursday,0,1,Bhai Dooj,60,0,0,26.0
2025-10-23,Station Road,Besan Barfi,Sweet,236,420,99120,Thursday,0,1,Bhai Dooj,60,0,0,26.0
2025-10-23,Station Road,Motichoor Laddu,Sweet,227,380,86260,Thursday,0,1,Bhai Dooj,60,0,0,26.0
2025-10-23,Station Road,Ghewar,Sweet,7,500,3500,Thursday,0,1,Bhai Dooj,60,0,0,26.0
2025-10-23,Station Road,Gajak,Sweet,40,288,11520,Thursday,0,1,Bhai Dooj,60,0,1,26.0
2025-10-23,Station Road,Soan Papdi,Sweet,140,300,42000,Thursday,0,1,Bhai Dooj,60,0,0,26.0
2025-10-23,Station Road,Bikaneri Bhujia,Namkeen,462,360,166320,Thursday,0,1,Bhai Dooj,60,0,0,26.0
2025-10-23,Station Road,Aloo Bhujia,Namkeen,187,300,56100,Thursday,0,1,Bhai Dooj,60,0,0,26.0
2025-10-24,Station Road,Rasgulla,Sweet,68,252,17136,Friday,0,0,None,60,0,1,27.3
2025-10-24,Station Road,Gulab Jamun,Sweet,79,300,23700,Friday,0,0,None,60,0,0,27.3
2025-10-24,Station Road,Kaju Katli,Sweet,36,900,32400,Friday,0,0,None,60,0,0,27.3
2025-10-24,Station Road,Besan Barfi,Sweet,39,420,16380,Friday,0,0,None,60,0,0,27.3
2025-10-24,Station Road,Motichoor Laddu,Sweet,26,380,9880,Friday,0,0,None,60,0,0,27.3
2025-10-24,Station Road,Ghewar,Sweet,1,500,500,Friday,0,0,None,60,0,0,27.3
2025-10-24,Station Road,Gajak,Sweet,10,320,3200,Friday,0,0,None,60,0,0,27.3
2025-10-24,Station Road,Soan Papdi,Sweet,27,270,7290,Friday,0,0,None,60,0,1,27.3
2025-10-24,Station Road,Bikaneri Bhujia,Namkeen,113,360,40680,Friday,0,0,None,60,0,0,27.3
2025-10-24,Station Road,Aloo Bhujia,Namkeen,57,300,17100,Friday,0,0,None,60,0,0,27.3
2025-10-25,Station Road,Rasgulla,Sweet,66,280,18480,Saturday,1,0,None,60,0,0,32.9
2025-10-25,Station Road,Gulab Jamun,Sweet,96,300,28800,Saturday,1,0,None,60,0,0,32.9
2025-10-25,Station Road,Kaju Katli,Sweet,42,900,37800,Saturday,1,0,None,60,0,0,32.9
2025-10-25,Station Road,Besan Barfi,Sweet,53,420,22260,Saturday,1,0,None,60,0,0,32.9
2025-10-25,Station Road,Motichoor Laddu,Sweet,65,342,22230,Saturday,1,0,None,60,0,1,32.9
2025-10-25,Station Road,Ghewar,Sweet,1,500,500,Saturday,1,0,None,60,0,0,32.9
2025-10-25,Station Road,Gajak,Sweet,8,320,2560,Saturday,1,0,None,60,0,0,32.9
2025-10-25,Station Road,Soan Papdi,Sweet,30,300,9000,Saturday,1,0,None,60,0,0,32.9
2025-10-25,Station Road,Bikaneri Bhujia,Namkeen,138,360,49680,Saturday,1,0,None,60,0,0,32.9
2025-10-25,Station Road,Aloo Bhujia,Namkeen,69,300,20700,Saturday,1,0,None,60,0,0,32.9
2025-10-26,Station Road,Rasgulla,Sweet,85,280,23800,Sunday,1,0,None,60,0,0,28.8
2025-10-26,Station Road,Gulab Jamun,Sweet,63,300,18900,Sunday,1,0,None,60,0,0,28.8
2025-10-26,Station Road,Kaju Katli,Sweet,50,900,45000,Sunday,1,0,None,60,0,0,28.8
2025-10-26,Station Road,Besan Barfi,Sweet,54,420,22680,Sunday,1,0,None,60,0,0,28.8
2025-10-26,Station Road,Motichoor Laddu,Sweet,56,380,21280,Sunday,1,0,None,60,0,0,28.8
2025-10-26,Station Road,Ghewar,Sweet,3,500,1500,Sunday,1,0,None,60,0,0,28.8
2025-10-26,Station Road,Gajak,Sweet,21,320,6720,Sunday,1,0,None,60,0,0,28.8
2025-10-26,Station Road,Soan Papdi,Sweet,27,300,8100,Sunday,1,0,None,60,0,0,28.8
2025-10-26,Station Road,Bikaneri Bhujia,Namkeen,113,360,40680,Sunday,1,0,None,60,0,0,28.8
2025-10-26,Station Road,Aloo Bhujia,Namkeen,89,300,26700,Sunday,1,0,None,60,0,0,28.8
2025-10-27,Station Road,Rasgulla,Sweet,51,280,14280,Monday,0,0,None,60,0,0,29.3
2025-10-27,Station Road,Gulab Jamun,Sweet,72,300,21600,Monday,0,0,None,60,0,0,29.3
2025-10-27,Station Road,Kaju Katli,Sweet,28,900,25200,Monday,0,0,None,60,0,0,29.3
2025-10-27,Station Road,Besan Barfi,Sweet,37,420,15540,Monday,0,0,None,60,0,0,29.3
2025-10-27,Station Road,Motichoor Laddu,Sweet,32,380,12160,Monday,0,0,None,60,0,0,29.3
2025-10-27,Station Road,Ghewar,Sweet,1,500,500,Monday,0,0,None,60,0,0,29.3
2025-10-27,Station Road,Gajak,Sweet,12,320,3840,Monday,0,0,None,60,0,0,29.3
2025-10-27,Station Road,Soan Papdi,Sweet,22,300,6600,Monday,0,0,None,60,0,0,29.3
2025-10-27,Station Road,Bikaneri Bhujia,Namkeen,86,360,30960,Monday,0,0,None,60,0,0,29.3
2025-10-27,Station Road,Aloo Bhujia,Namkeen,56,300,16800,Monday,0,0,None,60,0,0,29.3
2025-10-28,Station Road,Rasgulla,Sweet,42,280,11760,Tuesday,0,0,None,60,0,0,29.3
2025-10-28,Station Road,Gulab Jamun,Sweet,50,300,15000,Tuesday,0,0,None,60,0,0,29.3
2025-10-28,Station Road,Kaju Katli,Sweet,25,900,22500,Tuesday,0,0,None,60,0,0,29.3
2025-10-28,Station Road,Besan Barfi,Sweet,37,420,15540,Tuesday,0,0,None,60,0,0,29.3
2025-10-28,Station Road,Motichoor Laddu,Sweet,36,380,13680,Tuesday,0,0,None,60,0,0,29.3
2025-10-28,Station Road,Ghewar,Sweet,1,500,500,Tuesday,0,0,None,60,0,0,29.3
2025-10-28,Station Road,Gajak,Sweet,11,320,3520,Tuesday,0,0,None,60,0,0,29.3
2025-10-28,Station Road,Soan Papdi,Sweet,20,300,6000,Tuesday,0,0,None,60,0,0,29.3
2025-10-28,Station Road,Bikaneri Bhujia,Namkeen,94,360,33840,Tuesday,0,0,None,60,0,0,29.3
2025-10-28,Station Road,Aloo Bhujia,Namkeen,47,300,14100,Tuesday,0,0,None,60,0,0,29.3
2025-10-29,Station Road,Rasgulla,Sweet,51,280,14280,Wednesday,0,0,None,60,0,0,29.4
2025-10-29,Station Road,Gulab Jamun,Sweet,60,300,18000,Wednesday,0,0,None,60,0,0,29.4
2025-10-29,Station Road,Kaju Katli,Sweet,28,900,25200,Wednesday,0,0,None,60,0,0,29.4
2025-10-29,Station Road,Besan Barfi,Sweet,36,420,15120,Wednesday,0,0,None,60,0,0,29.4
2025-10-29,Station Road,Motichoor Laddu,Sweet,47,380,17860,Wednesday,0,0,None,60,0,0,29.4
2025-10-29,Station Road,Ghewar,Sweet,0,500,0,Wednesday,0,0,None,60,0,0,29.4
2025-10-29,Station Road,Gajak,Sweet,11,320,3520,Wednesday,0,0,None,60,0,0,29.4
2025-10-29,Station Road,Soan Papdi,Sweet,23,300,6900,Wednesday,0,0,None,60,0,0,29.4
2025-10-29,Station Road,Bikaneri Bhujia,Namkeen,97,360,34920,Wednesday,0,0,None,60,0,0,29.4
2025-10-29,Station Road,Aloo Bhujia,Namkeen,53,270,14310,Wednesday,0,0,None,60,0,1,29.4
2025-10-30,Station Road,Rasgulla,Sweet,47,280,13160,Thursday,0,0,None,60,0,0,26.4
2025-10-30,Station Road,Gulab Jamun,Sweet,53,300,15900,Thursday,0,0,None,60,0,0,26.4
2025-10-30,Station Road,Kaju Katli,Sweet,38,900,34200,Thursday,0,0,None,60,0,0,26.4
2025-10-30,Station Road,Besan Barfi,Sweet,35,420,14700,Thursday,0,0,None,60,0,0,26.4
2025-10-30,Station Road,Motichoor Laddu,Sweet,31,380,11780,Thursday,0,0,None,60,0,0,26.4
2025-10-30,Station Road,Ghewar,Sweet,2,500,1000,Thursday,0,0,None,60,0,0,26.4
2025-10-30,Station Road,Gajak,Sweet,11,320,3520,Thursday,0,0,None,60,0,0,26.4
2025-10-30,Station Road,Soan Papdi,Sweet,18,300,5400,Thursday,0,0,None,60,0,0,26.4
2025-10-30,Station Road,Bikaneri Bhujia,Namkeen,109,360,39240,Thursday,0,0,None,60,0,0,26.4
2025-10-30,Station Road,Aloo Bhujia,Namkeen,48,300,14400,Thursday,0,0,None,60,0,0,26.4
2025-10-31,Station Road,Rasgulla,Sweet,54,280,15120,Friday,0,0,None,60,0,0,31.1
2025-10-31,Station Road,Gulab Jamun,Sweet,76,300,22800,Friday,0,0,None,60,0,0,31.1
2025-10-31,Station Road,Kaju Katli,Sweet,40,900,36000,Friday,0,0,None,60,0,0,31.1
2025-10-31,Station Road,Besan Barfi,Sweet,43,420,18060,Friday,0,0,None,60,0,0,31.1
2025-10-31,Station Road,Motichoor Laddu,Sweet,52,342,17784,Friday,0,0,None,60,0,1,31.1
2025-10-31,Station Road,Ghewar,Sweet,1,500,500,Friday,0,0,None,60,0,0,31.1
2025-10-31,Station Road,Gajak,Sweet,14,320,4480,Friday,0,0,None,60,0,0,31.1
2025-10-31,Station Road,Soan Papdi,Sweet,25,300,7500,Friday,0,0,None,60,0,0,31.1
2025-10-31,Station Road,Bikaneri Bhujia,Namkeen,125,360,45000,Friday,0,0,None,60,0,0,31.1
2025-10-31,Station Road,Aloo Bhujia,Namkeen,69,270,18630,Friday,0,0,None,60,0,1,31.1
2025-11-01,Station Road,Rasgulla,Sweet,93,280,26040,Saturday,1,0,None,60,1,0,22.8
2025-11-01,Station Road,Gulab Jamun,Sweet,88,300,26400,Saturday,1,0,None,60,1,0,22.8
2025-11-01,Station Road,Kaju Katli,Sweet,49,900,44100,Saturday,1,0,None,60,1,0,22.8
2025-11-01,Station Road,Besan Barfi,Sweet,65,420,27300,Saturday,1,0,None,60,1,0,22.8
2025-11-01,Station Road,Motichoor Laddu,Sweet,57,380,21660,Saturday,1,0,None,60,1,0,22.8
2025-11-01,Station Road,Ghewar,Sweet,1,500,500,Saturday,1,0,None,60,1,0,22.8
2025-11-01,Station Road,Gajak,Sweet,36,320,11520,Saturday,1,0,None,60,1,0,22.8
2025-11-01,Station Road,Soan Papdi,Sweet,37,300,11100,Saturday,1,0,None,60,1,0,22.8
2025-11-01,Station Road,Bikaneri Bhujia,Namkeen,186,360,66960,Saturday,1,0,None,60,1,0,22.8
2025-11-01,Station Road,Aloo Bhujia,Namkeen,68,300,20400,Saturday,1,0,None,60,1,0,22.8
2025-11-02,Station Road,Rasgulla,Sweet,90,280,25200,Sunday,1,0,None,60,1,0,26.3
2025-11-02,Station Road,Gulab Jamun,Sweet,97,300,29100,Sunday,1,0,None,60,1,0,26.3
2025-11-02,Station Road,Kaju Katli,Sweet,65,900,58500,Sunday,1,0,None,60,1,0,26.3
2025-11-02,Station Road,Besan Barfi,Sweet,76,420,31920,Sunday,1,0,None,60,1,0,26.3
2025-11-02,Station Road,Motichoor Laddu,Sweet,66,380,25080,Sunday,1,0,None,60,1,0,26.3
2025-11-02,Station Road,Ghewar,Sweet,4,500,2000,Sunday,1,0,None,60,1,0,26.3
2025-11-02,Station Road,Gajak,Sweet,45,320,14400,Sunday,1,0,None,60,1,0,26.3
2025-11-02,Station Road,Soan Papdi,Sweet,39,300,11700,Sunday,1,0,None,60,1,0,26.3
2025-11-02,Station Road,Bikaneri Bhujia,Namkeen,182,360,65520,Sunday,1,0,None,60,1,0,26.3
2025-11-02,Station Road,Aloo Bhujia,Namkeen,57,300,17100,Sunday,1,0,None,60,1,0,26.3
2025-11-03,Station Road,Rasgulla,Sweet,52,280,14560,Monday,0,0,None,60,1,0,22.5
2025-11-03,Station Road,Gulab Jamun,Sweet,61,300,18300,Monday,0,0,None,60,1,0,22.5
2025-11-03,Station Road,Kaju Katli,Sweet,45,900,40500,Monday,0,0,None,60,1,0,22.5
2025-11-03,Station Road,Besan Barfi,Sweet,64,378,24192,Monday,0,0,None,60,1,1,22.5
2025-11-03,Station Road,Motichoor Laddu,Sweet,44,380,16720,Monday,0,0,None,60,1,0,22.5
2025-11-03,Station Road,Ghewar,Sweet,1,500,500,Monday,0,0,None,60,1,0,22.5
2025-11-03,Station Road,Gajak,Sweet,39,320,12480,Monday,0,0,None,60,1,0,22.5
2025-11-03,Station Road,Soan Papdi,Sweet,31,300,9300,Monday,0,0,None,60,1,0,22.5
2025-11-03,Station Road,Bikaneri Bhujia,Namkeen,129,360,46440,Monday,0,0,None,60,1,0,22.5
2025-11-03,Station Road,Aloo Bhujia,Namkeen,57,300,17100,Monday,0,0,None,60,1,0,22.5
2025-11-04,Station Road,Rasgulla,Sweet,35,280,9800,Tuesday,0,0,None,60,1,0,20.6
2025-11-04,Station Road,Gulab Jamun,Sweet,68,300,20400,Tuesday,0,0,None,60,1,0,20.6
2025-11-04,Station Road,Kaju Katli,Sweet,33,900,29700,Tuesday,0,0,None,60,1,0,20.6
2025-11-04,Station Road,Besan Barfi,Sweet,44,420,18480,Tuesday,0,0,None,60,1,0,20.6
2025-11-04,Station Road,Motichoor Laddu,Sweet,33,380,12540,Tuesday,0,0,None,60,1,0,20.6
2025-11-04,Station Road,Ghewar,Sweet,2,500,1000,Tuesday,0,0,None,60,1,0,20.6
2025-11-04,Station Road,Gajak,Sweet,44,288,12672,Tuesday,0,0,None,60,1,1,20.6
2025-11-04,Station Road,Soan Papdi,Sweet,32,300,9600,Tuesday,0,0,None,60,1,0,20.6
2025-11-04,Station Road,Bikaneri Bhujia,Namkeen,122,360,43920,Tuesday,0,0,None,60,1,0,20.6
2025-11-04,Station Road,Aloo Bhujia,Namkeen,47,300,14100,Tuesday,0,0,None,60,1,0,20.6
2025-11-05,Station Road,Rasgulla,Sweet,43,280,12040,Wednesday,0,0,None,60,1,0,24.2
2025-11-05,Station Road,Gulab Jamun,Sweet,62,300,18600,Wednesday,0,0,None,60,1,0,24.2
2025-11-05,Station Road,Kaju Katli,Sweet,39,900,35100,Wednesday,0,0,None,60,1,0,24.2
2025-11-05,Station Road,Besan Barfi,Sweet,42,420,17640,Wednesday,0,0,None,60,1,0,24.2
2025-11-05,Station Road,Motichoor Laddu,Sweet,41,380,15580,Wednesday,0,0,None,60,1,0,24.2
2025-11-05,Station Road,Ghewar,Sweet,4,500,2000,Wednesday,0,0,None,60,1,0,24.2
2025-11-05,Station Road,Gajak,Sweet,34,320,10880,Wednesday,0,0,None,60,1,0,24.2
2025-11-05,Station Road,Soan Papdi,Sweet,27,300,8100,Wednesday,0,0,None,60,1,0,24.2
2025-11-05,Station Road,Bikaneri Bhujia,Namkeen,144,360,51840,Wednesday,0,0,None,60,1,0,24.2
2025-11-05,Station Road,Aloo Bhujia,Namkeen,52,300,15600,Wednesday,0,0,None,60,1,0,24.2
2025-11-06,Station Road,Rasgulla,Sweet,71,280,19880,Thursday,0,0,None,60,1,0,21.6
2025-11-06,Station Road,Gulab Jamun,Sweet,60,300,18000,Thursday,0,0,None,60,1,0,21.6
2025-11-06,Station Road,Kaju Katli,Sweet,43,900,38700,Thursday,0,0,None,60,1,0,21.6
2025-11-06,Station Road,Besan Barfi,Sweet,45,420,18900,Thursday,0,0,None,60,1,0,21.6
2025-11-06,Station Road,Motichoor Laddu,Sweet,45,380,17100,Thursday,0,0,None,60,1,0,21.6
2025-11-06,Station Road,Ghewar,Sweet,1,500,500,Thursday,0,0,None,60,1,0,21.6
2025-11-06,Station Road,Gajak,Sweet,37,320,11840,Thursday,0,0,None,60,1,0,21.6
2025-11-06,Station Road,Soan Papdi,Sweet,28,300,8400,Thursday,0,0,None,60,1,0,21.6
2025-11-06,Station Road,Bikaneri Bhujia,Namkeen,142,360,51120,Thursday,0,0,None,60,1,0,21.6
2025-11-06,Station Road,Aloo Bhujia,Namkeen,56,300,16800,Thursday,0,0,None,60,1,0,21.6
2025-11-07,Station Road,Rasgulla,Sweet,63,280,17640,Friday,0,0,None,60,1,0,20.9
2025-11-07,Station Road,Gulab Jamun,Sweet,87,270,23490,Friday,0,0,None,60,1,1,20.9
2025-11-07,Station Road,Kaju Katli,Sweet,40,900,36000,Friday,0,0,None,60,1,0,20.9
2025-11-07,Station Road,Besan Barfi,Sweet,65,420,27300,Friday,0,0,None,60,1,0,20.9
2025-11-07,Station Road,Motichoor Laddu,Sweet,45,380,17100,Friday,0,0,None,60,1,0,20.9
2025-11-07,Station Road,Ghewar,Sweet,3,500,1500,Friday,0,0,None,60,1,0,20.9
2025-11-07,Station Road,Gajak,Sweet,35,320,11200,Friday,0,0,None,60,1,0,20.9
2025-11-07,Station Road,Soan Papdi,Sweet,40,300,12000,Friday,0,0,None,60,1,0,20.9
2025-11-07,Station Road,Bikaneri Bhujia,Namkeen,148,360,53280,Friday,0,0,None,60,1,0,20.9
2025-11-07,Station Road,Aloo Bhujia,Namkeen,69,300,20700,Friday,0,0,None,60,1,0,20.9
2025-11-08,Station Road,Rasgulla,Sweet,77,280,21560,Saturday,1,0,None,60,1,0,19.1
2025-11-08,Station Road,Gulab Jamun,Sweet,84,300,25200,Saturday,1,0,None,60,1,0,19.1
2025-11-08,Station Road,Kaju Katli,Sweet,60,900,54000,Saturday,1,0,None,60,1,0,19.1
2025-11-08,Station Road,Besan Barfi,Sweet,67,378,25326,Saturday,1,0,None,60,1,1,19.1
2025-11-08,Station Road,Motichoor Laddu,Sweet,49,380,18620,Saturday,1,0,None,60,1,0,19.1
2025-11-08,Station Road,Ghewar,Sweet,3,500,1500,Saturday,1,0,None,60,1,0,19.1
2025-11-08,Station Road,Gajak,Sweet,40,320,12800,Saturday,1,0,None,60,1,0,19.1
2025-11-08,Station Road,Soan Papdi,Sweet,37,300,11100,Saturday,1,0,None,60,1,0,19.1
2025-11-08,Station Road,Bikaneri Bhujia,Namkeen,161,360,57960,Saturday,1,0,None,60,1,0,19.1
2025-11-08,Station Road,Aloo Bhujia,Namkeen,74,300,22200,Saturday,1,0,None,60,1,0,19.1
2025-11-09,Station Road,Rasgulla,Sweet,75,280,21000,Sunday,1,0,None,60,1,0,25.8
2025-11-09,Station Road,Gulab Jamun,Sweet,102,270,27540,Sunday,1,0,None,60,1,1,25.8
2025-11-09,Station Road,Kaju Katli,Sweet,58,900,52200,Sunday,1,0,None,60,1,0,25.8
2025-11-09,Station Road,Besan Barfi,Sweet,76,420,31920,Sunday,1,0,None,60,1,0,25.8
2025-11-09,Station Road,Motichoor Laddu,Sweet,81,380,30780,Sunday,1,0,None,60,1,0,25.8
2025-11-09,Station Road,Ghewar,Sweet,1,500,500,Sunday,1,0,None,60,1,0,25.8
2025-11-09,Station Road,Gajak,Sweet,68,320,21760,Sunday,1,0,None,60,1,0,25.8
2025-11-09,Station Road,Soan Papdi,Sweet,48,300,14400,Sunday,1,0,None,60,1,0,25.8
2025-11-09,Station Road,Bikaneri Bhujia,Namkeen,181,360,65160,Sunday,1,0,None,60,1,0,25.8
2025-11-09,Station Road,Aloo Bhujia,Namkeen,62,300,18600,Sunday,1,0,None,60,1,0,25.8
2025-11-10,Station Road,Rasgulla,Sweet,49,280,13720,Monday,0,0,None,60,1,0,21.2
2025-11-10,Station Road,Gulab Jamun,Sweet,72,300,21600,Monday,0,0,None,60,1,0,21.2
2025-11-10,Station Road,Kaju Katli,Sweet,46,900,41400,Monday,0,0,None,60,1,0,21.2
2025-11-10,Station Road,Besan Barfi,Sweet,46,420,19320,Monday,0,0,None,60,1,0,21.2
2025-11-10,Station Road,Motichoor Laddu,Sweet,50,380,19000,Monday,0,0,None,60,1,0,21.2
2025-11-10,Station Road,Ghewar,Sweet,1,500,500,Monday,0,0,None,60,1,0,21.2
2025-11-10,Station Road,Gajak,Sweet,34,320,10880,Monday,0,0,None,60,1,0,21.2
2025-11-10,Station Road,Soan Papdi,Sweet,25,300,7500,Monday,0,0,None,60,1,0,21.2
2025-11-10,Station Road,Bikaneri Bhujia,Namkeen,122,360,43920,Monday,0,0,None,60,1,0,21.2
2025-11-10,Station Road,Aloo Bhujia,Namkeen,49,300,14700,Monday,0,0,None,60,1,0,21.2
2025-11-11,Station Road,Rasgulla,Sweet,57,280,15960,Tuesday,0,0,None,60,1,0,23.1
2025-11-11,Station Road,Gulab Jamun,Sweet,70,300,21000,Tuesday,0,0,None,60,1,0,23.1
2025-11-11,Station Road,Kaju Katli,Sweet,38,900,34200,Tuesday,0,0,None,60,1,0,23.1
2025-11-11,Station Road,Besan Barfi,Sweet,48,420,20160,Tuesday,0,0,None,60,1,0,23.1
2025-11-11,Station Road,Motichoor Laddu,Sweet,31,380,11780,Tuesday,0,0,None,60,1,0,23.1
2025-11-11,Station Road,Ghewar,Sweet,3,500,1500,Tuesday,0,0,None,60,1,0,23.1
2025-11-11,Station Road,Gajak,Sweet,35,320,11200,Tuesday,0,0,None,60,1,0,23.1
2025-11-11,Station Road,Soan Papdi,Sweet,25,300,7500,Tuesday,0,0,None,60,1,0,23.1
2025-11-11,Station Road,Bikaneri Bhujia,Namkeen,153,360,55080,Tuesday,0,0,None,60,1,0,23.1
2025-11-11,Station Road,Aloo Bhujia,Namkeen,44,300,13200,Tuesday,0,0,None,60,1,0,23.1
2025-11-12,Station Road,Rasgulla,Sweet,39,280,10920,Wednesday,0,0,None,60,1,0,27.4
2025-11-12,Station Road,Gulab Jamun,Sweet,55,300,16500,Wednesday,0,0,None,60,1,0,27.4
2025-11-12,Station Road,Kaju Katli,Sweet,44,900,39600,Wednesday,0,0,None,60,1,0,27.4
2025-11-12,Station Road,Besan Barfi,Sweet,48,420,20160,Wednesday,0,0,None,60,1,0,27.4
2025-11-12,Station Road,Motichoor Laddu,Sweet,51,380,19380,Wednesday,0,0,None,60,1,0,27.4
2025-11-12,Station Road,Ghewar,Sweet,4,500,2000,Wednesday,0,0,None,60,1,0,27.4
2025-11-12,Station Road,Gajak,Sweet,35,320,11200,Wednesday,0,0,None,60,1,0,27.4
2025-11-12,Station Road,Soan Papdi,Sweet,33,300,9900,Wednesday,0,0,None,60,1,0,27.4
2025-11-12,Station Road,Bikaneri Bhujia,Namkeen,137,360,49320,Wednesday,0,0,None,60,1,0,27.4
2025-11-12,Station Road,Aloo Bhujia,Namkeen,52,300,15600,Wednesday,0,0,None,60,1,0,27.4
2025-11-13,Station Road,Rasgulla,Sweet,68,280,19040,Thursday,0,0,None,60,1,0,26.0
2025-11-13,Station Road,Gulab Jamun,Sweet,60,300,18000,Thursday,0,0,None,60,1,0,26.0
2025-11-13,Station Road,Kaju Katli,Sweet,46,900,41400,Thursday,0,0,None,60,1,0,26.0
2025-11-13,Station Road,Besan Barfi,Sweet,46,420,19320,Thursday,0,0,None,60,1,0,26.0
2025-11-13,Station Road,Motichoor Laddu,Sweet,58,380,22040,Thursday,0,0,None,60,1,0,26.0
2025-11-13,Station Road,Ghewar,Sweet,2,500,1000,Thursday,0,0,None,60,1,0,26.0
2025-11-13,Station Road,Gajak,Sweet,52,320,16640,Thursday,0,0,None,60,1,0,26.0
2025-11-13,Station Road,Soan Papdi,Sweet,24,300,7200,Thursday,0,0,None,60,1,0,26.0
2025-11-13,Station Road,Bikaneri Bhujia,Namkeen,159,360,57240,Thursday,0,0,None,60,1,0,26.0
2025-11-13,Station Road,Aloo Bhujia,Namkeen,38,300,11400,Thursday,0,0,None,60,1,0,26.0
2025-11-14,Station Road,Rasgulla,Sweet,71,280,19880,Friday,0,0,None,60,1,0,18.9
2025-11-14,Station Road,Gulab Jamun,Sweet,91,270,24570,Friday,0,0,None,60,1,1,18.9
2025-11-14,Station Road,Kaju Katli,Sweet,47,900,42300,Friday,0,0,None,60,1,0,18.9
2025-11-14,Station Road,Besan Barfi,Sweet,68,420,28560,Friday,0,0,None,60,1,0,18.9
2025-11-14,Station Road,Motichoor Laddu,Sweet,40,380,15200,Friday,0,0,None,60,1,0,18.9
2025-11-14,Station Road,Ghewar,Sweet,2,500,1000,Friday,0,0,None,60,1,0,18.9
2025-11-14,Station Road,Gajak,Sweet,57,288,16416,Friday,0,0,None,60,1,1,18.9
2025-11-14,Station Road,Soan Papdi,Sweet,35,300,10500,Friday,0,0,None,60,1,0,18.9
2025-11-14,Station Road,Bikaneri Bhujia,Namkeen,133,360,47880,Friday,0,0,None,60,1,0,18.9
2025-11-14,Station Road,Aloo Bhujia,Namkeen,57,300,17100,Friday,0,0,None,60,1,0,18.9
2025-11-15,Station Road,Rasgulla,Sweet,90,280,25200,Saturday,1,0,None,60,1,0,23.2
2025-11-15,Station Road,Gulab Jamun,Sweet,88,300,26400,Saturday,1,0,None,60,1,0,23.2
2025-11-15,Station Road,Kaju Katli,Sweet,44,900,39600,Saturday,1,0,None,60,1,0,23.2
2025-11-15,Station Road,Besan Barfi,Sweet,66,420,27720,Saturday,1,0,None,60,1,0,23.2
2025-11-15,Station Road,Motichoor Laddu,Sweet,88,342,30096,Saturday,1,0,None,60,1,1,23.2
2025-11-15,Station Road,Ghewar,Sweet,3,500,1500,Saturday,1,0,None,60,1,0,23.2
2025-11-15,Station Road,Gajak,Sweet,35,320,11200,Saturday,1,0,None,60,1,0,23.2
2025-11-15,Station Road,Soan Papdi,Sweet,48,300,14400,Saturday,1,0,None,60,1,0,23.2
2025-11-15,Station Road,Bikaneri Bhujia,Namkeen,178,360,64080,Saturday,1,0,None,60,1,0,23.2
2025-11-15,Station Road,Aloo Bhujia,Namkeen,69,300,20700,Saturday,1,0,None,60,1,0,23.2
2025-11-16,Station Road,Rasgulla,Sweet,100,280,28000,Sunday,1,0,None,60,1,0,22.5
2025-11-16,Station Road,Gulab Jamun,Sweet,84,300,25200,Sunday,1,0,None,60,1,0,22.5
2025-11-16,Station Road,Kaju Katli,Sweet,53,900,47700,Sunday,1,0,None,60,1,0,22.5
2025-11-16,Station Road,Besan Barfi,Sweet,69,420,28980,Sunday,1,0,None,60,1,0,22.5
2025-11-16,Station Road,Motichoor Laddu,Sweet,60,380,22800,Sunday,1,0,None,60,1,0,22.5
2025-11-16,Station Road,Ghewar,Sweet,4,500,2000,Sunday,1,0,None,60,1,0,22.5
2025-11-16,Station Road,Gajak,Sweet,48,320,15360,Sunday,1,0,None,60,1,0,22.5
2025-11-16,Station Road,Soan Papdi,Sweet,39,300,11700,Sunday,1,0,None,60,1,0,22.5
2025-11-16,Station Road,Bikaneri Bhujia,Namkeen,172,360,61920,Sunday,1,0,None,60,1,0,22.5
2025-11-16,Station Road,Aloo Bhujia,Namkeen,71,300,21300,Sunday,1,0,None,60,1,0,22.5
2025-11-17,Station Road,Rasgulla,Sweet,44,280,12320,Monday,0,0,None,60,1,0,19.7
2025-11-17,Station Road,Gulab Jamun,Sweet,63,300,18900,Monday,0,0,None,60,1,0,19.7
2025-11-17,Station Road,Kaju Katli,Sweet,50,900,45000,Monday,0,0,None,60,1,0,19.7
2025-11-17,Station Road,Besan Barfi,Sweet,37,420,15540,Monday,0,0,None,60,1,0,19.7
2025-11-17,Station Road,Motichoor Laddu,Sweet,43,380,16340,Monday,0,0,None,60,1,0,19.7
2025-11-17,Station Road,Ghewar,Sweet,1,500,500,Monday,0,0,None,60,1,0,19.7
2025-11-17,Station Road,Gajak,Sweet,25,320,8000,Monday,0,0,None,60,1,0,19.7
2025-11-17,Station Road,Soan Papdi,Sweet,31,300,9300,Monday,0,0,None,60,1,0,19.7
2025-11-17,Station Road,Bikaneri Bhujia,Namkeen,119,360,42840,Monday,0,0,None,60,1,0,19.7
2025-11-17,Station Road,Aloo Bhujia,Namkeen,42,300,12600,Monday,0,0,None,60,1,0,19.7
2025-11-18,Station Road,Rasgulla,Sweet,46,280,12880,Tuesday,0,0,None,60,1,0,22.9
2025-11-18,Station Road,Gulab Jamun,Sweet,57,300,17100,Tuesday,0,0,None,60,1,0,22.9
2025-11-18,Station Road,Kaju Katli,Sweet,27,900,24300,Tuesday,0,0,None,60,1,0,22.9
2025-11-18,Station Road,Besan Barfi,Sweet,48,420,20160,Tuesday,0,0,None,60,1,0,22.9
2025-11-18,Station Road,Motichoor Laddu,Sweet,42,380,15960,Tuesday,0,0,None,60,1,0,22.9
2025-11-18,Station Road,Ghewar,Sweet,0,500,0,Tuesday,0,0,None,60,1,0,22.9
2025-11-18,Station Road,Gajak,Sweet,23,320,7360,Tuesday,0,0,None,60,1,0,22.9
2025-11-18,Station Road,Soan Papdi,Sweet,25,300,7500,Tuesday,0,0,None,60,1,0,22.9
2025-11-18,Station Road,Bikaneri Bhujia,Namkeen,120,360,43200,Tuesday,0,0,None,60,1,0,22.9
2025-11-18,Station Road,Aloo Bhujia,Namkeen,44,300,13200,Tuesday,0,0,None,60,1,0,22.9
2025-11-19,Station Road,Rasgulla,Sweet,56,280,15680,Wednesday,0,0,None,60,1,0,23.2
2025-11-19,Station Road,Gulab Jamun,Sweet,61,300,18300,Wednesday,0,0,None,60,1,0,23.2
2025-11-19,Station Road,Kaju Katli,Sweet,37,900,33300,Wednesday,0,0,None,60,1,0,23.2
2025-11-19,Station Road,Besan Barfi,Sweet,48,420,20160,Wednesday,0,0,None,60,1,0,23.2
2025-11-19,Station Road,Motichoor Laddu,Sweet,38,380,14440,Wednesday,0,0,None,60,1,0,23.2
2025-11-19,Station Road,Ghewar,Sweet,5,500,2500,Wednesday,0,0,None,60,1,0,23.2
2025-11-19,Station Road,Gajak,Sweet,39,320,12480,Wednesday,0,0,None,60,1,0,23.2
2025-11-19,Station Road,Soan Papdi,Sweet,30,300,9000,Wednesday,0,0,None,60,1,0,23.2
2025-11-19,Station Road,Bikaneri Bhujia,Namkeen,125,360,45000,Wednesday,0,0,None,60,1,0,23.2
2025-11-19,Station Road,Aloo Bhujia,Namkeen,53,300,15900,Wednesday,0,0,None,60,1,0,23.2
2025-11-20,Station Road,Rasgulla,Sweet,54,280,15120,Thursday,0,0,None,60,1,0,24.6
2025-11-20,Station Road,Gulab Jamun,Sweet,70,300,21000,Thursday,0,0,None,60,1,0,24.6
2025-11-20,Station Road,Kaju Katli,Sweet,42,900,37800,Thursday,0,0,None,60,1,0,24.6
2025-11-20,Station Road,Besan Barfi,Sweet,58,420,24360,Thursday,0,0,None,60,1,0,24.6
2025-11-20,Station Road,Motichoor Laddu,Sweet,49,380,18620,Thursday,0,0,None,60,1,0,24.6
2025-11-20,Station Road,Ghewar,Sweet,2,500,1000,Thursday,0,0,None,60,1,0,24.6
2025-11-20,Station Road,Gajak,Sweet,41,320,13120,Thursday,0,0,None,60,1,0,24.6
2025-11-20,Station Road,Soan Papdi,Sweet,22,300,6600,Thursday,0,0,None,60,1,0,24.6
2025-11-20,Station Road,Bikaneri Bhujia,Namkeen,128,360,46080,Thursday,0,0,None,60,1,0,24.6
2025-11-20,Station Road,Aloo Bhujia,Namkeen,60,300,18000,Thursday,0,0,None,60,1,0,24.6
2025-11-21,Station Road,Rasgulla,Sweet,72,280,20160,Friday,0,0,None,60,1,0,26.7
2025-11-21,Station Road,Gulab Jamun,Sweet,78,300,23400,Friday,0,0,None,60,1,0,26.7
2025-11-21,Station Road,Kaju Katli,Sweet,50,900,45000,Friday,0,0,None,60,1,0,26.7
2025-11-21,Station Road,Besan Barfi,Sweet,59,420,24780,Friday,0,0,None,60,1,0,26.7
2025-11-21,Station Road,Motichoor Laddu,Sweet,53,380,20140,Friday,0,0,None,60,1,0,26.7
2025-11-21,Station Road,Ghewar,Sweet,2,500,1000,Friday,0,0,None,60,1,0,26.7
2025-11-21,Station Road,Gajak,Sweet,36,320,11520,Friday,0,0,None,60,1,0,26.7
2025-11-21,Station Road,Soan Papdi,Sweet,33,300,9900,Friday,0,0,None,60,1,0,26.7
2025-11-21,Station Road,Bikaneri Bhujia,Namkeen,163,360,58680,Friday,0,0,None,60,1,0,26.7
2025-11-21,Station Road,Aloo Bhujia,Namkeen,54,300,16200,Friday,0,0,None,60,1,0,26.7
2025-11-22,Station Road,Rasgulla,Sweet,63,280,17640,Saturday,1,0,None,60,1,0,25.5
2025-11-22,Station Road,Gulab Jamun,Sweet,76,300,22800,Saturday,1,0,None,60,1,0,25.5
2025-11-22,Station Road,Kaju Katli,Sweet,45,900,40500,Saturday,1,0,None,60,1,0,25.5
2025-11-22,Station Road,Besan Barfi,Sweet,62,420,26040,Saturday,1,0,None,60,1,0,25.5
2025-11-22,Station Road,Motichoor Laddu,Sweet,50,380,19000,Saturday,1,0,None,60,1,0,25.5
2025-11-22,Station Road,Ghewar,Sweet,1,500,500,Saturday,1,0,None,60,1,0,25.5
2025-11-22,Station Road,Gajak,Sweet,46,320,14720,Saturday,1,0,None,60,1,0,25.5
2025-11-22,Station Road,Soan Papdi,Sweet,49,300,14700,Saturday,1,0,None,60,1,0,25.5
2025-11-22,Station Road,Bikaneri Bhujia,Namkeen,191,360,68760,Saturday,1,0,None,60,1,0,25.5
2025-11-22,Station Road,Aloo Bhujia,Namkeen,76,300,22800,Saturday,1,0,None,60,1,0,25.5
2025-11-23,Station Road,Rasgulla,Sweet,85,280,23800,Sunday,1,0,None,60,1,0,27.2
2025-11-23,Station Road,Gulab Jamun,Sweet,95,300,28500,Sunday,1,0,None,60,1,0,27.2
2025-11-23,Station Road,Kaju Katli,Sweet,63,900,56700,Sunday,1,0,None,60,1,0,27.2
2025-11-23,Station Road,Besan Barfi,Sweet,68,420,28560,Sunday,1,0,None,60,1,0,27.2
2025-11-23,Station Road,Motichoor Laddu,Sweet,66,380,25080,Sunday,1,0,None,60,1,0,27.2
2025-11-23,Station Road,Ghewar,Sweet,0,500,0,Sunday,1,0,None,60,1,0,27.2
2025-11-23,Station Road,Gajak,Sweet,60,320,19200,Sunday,1,0,None,60,1,0,27.2
2025-11-23,Station Road,Soan Papdi,Sweet,45,300,13500,Sunday,1,0,None,60,1,0,27.2
2025-11-23,Station Road,Bikaneri Bhujia,Namkeen,198,360,71280,Sunday,1,0,None,60,1,0,27.2
2025-11-23,Station Road,Aloo Bhujia,Namkeen,68,300,20400,Sunday,1,0,None,60,1,0,27.2
2025-11-24,Station Road,Rasgulla,Sweet,53,280,14840,Monday,0,0,None,60,1,0,22.5
2025-11-24,Station Road,Gulab Jamun,Sweet,57,300,17100,Monday,0,0,None,60,1,0,22.5
2025-11-24,Station Road,Kaju Katli,Sweet,40,900,36000,Monday,0,0,None,60,1,0,22.5
2025-11-24,Station Road,Besan Barfi,Sweet,40,420,16800,Monday,0,0,None,60,1,0,22.5
2025-11-24,Station Road,Motichoor Laddu,Sweet,38,380,14440,Monday,0,0,None,60,1,0,22.5
2025-11-24,Station Road,Ghewar,Sweet,1,500,500,Monday,0,0,None,60,1,0,22.5
2025-11-24,Station Road,Gajak,Sweet,29,320,9280,Monday,0,0,None,60,1,0,22.5
2025-11-24,Station Road,Soan Papdi,Sweet,24,300,7200,Monday,0,0,None,60,1,0,22.5
2025-11-24,Station Road,Bikaneri Bhujia,Namkeen,120,360,43200,Monday,0,0,None,60,1,0,22.5
2025-11-24,Station Road,Aloo Bhujia,Namkeen,45,300,13500,Monday,0,0,None,60,1,0,22.5
2025-11-25,Station Road,Rasgulla,Sweet,55,280,15400,Tuesday,0,0,None,60,1,0,21.0
2025-11-25,Station Road,Gulab Jamun,Sweet,61,300,18300,Tuesday,0,0,None,60,1,0,21.0
2025-11-25,Station Road,Kaju Katli,Sweet,41,900,36900,Tuesday,0,0,None,60,1,0,21.0
2025-11-25,Station Road,Besan Barfi,Sweet,56,378,21168,Tuesday,0,0,None,60,1,1,21.0
2025-11-25,Station Road,Motichoor Laddu,Sweet,35,380,13300,Tuesday,0,0,None,60,1,0,21.0
2025-11-25,Station Road,Ghewar,Sweet,1,500,500,Tuesday,0,0,None,60,1,0,21.0
2025-11-25,Station Road,Gajak,Sweet,22,320,7040,Tuesday,0,0,None,60,1,0,21.0
2025-11-25,Station Road,Soan Papdi,Sweet,21,300,6300,Tuesday,0,0,None,60,1,0,21.0
2025-11-25,Station Road,Bikaneri Bhujia,Namkeen,117,360,42120,Tuesday,0,0,None,60,1,0,21.0
2025-11-25,Station Road,Aloo Bhujia,Namkeen,51,300,15300,Tuesday,0,0,None,60,1,0,21.0
2025-11-26,Station Road,Rasgulla,Sweet,59,280,16520,Wednesday,0,0,None,60,1,0,24.5
2025-11-26,Station Road,Gulab Jamun,Sweet,71,300,21300,Wednesday,0,0,None,60,1,0,24.5
2025-11-26,Station Road,Kaju Katli,Sweet,43,900,38700,Wednesday,0,0,None,60,1,0,24.5
2025-11-26,Station Road,Besan Barfi,Sweet,43,420,18060,Wednesday,0,0,None,60,1,0,24.5
2025-11-26,Station Road,Motichoor Laddu,Sweet,35,380,13300,Wednesday,0,0,None,60,1,0,24.5
2025-11-26,Station Road,Ghewar,Sweet,3,500,1500,Wednesday,0,0,None,60,1,0,24.5
2025-11-26,Station Road,Gajak,Sweet,26,320,8320,Wednesday,0,0,None,60,1,0,24.5
2025-11-26,Station Road,Soan Papdi,Sweet,22,300,6600,Wednesday,0,0,None,60,1,0,24.5
2025-11-26,Station Road,Bikaneri Bhujia,Namkeen,124,360,44640,Wednesday,0,0,None,60,1,0,24.5
2025-11-26,Station Road,Aloo Bhujia,Namkeen,63,300,18900,Wednesday,0,0,None,60,1,0,24.5
2025-11-27,Station Road,Rasgulla,Sweet,56,280,15680,Thursday,0,0,None,60,1,0,25.1
2025-11-27,Station Road,Gulab Jamun,Sweet,66,300,19800,Thursday,0,0,None,60,1,0,25.1
2025-11-27,Station Road,Kaju Katli,Sweet,46,900,41400,Thursday,0,0,None,60,1,0,25.1
2025-11-27,Station Road,Besan Barfi,Sweet,42,420,17640,Thursday,0,0,None,60,1,0,25.1
2025-11-27,Station Road,Motichoor Laddu,Sweet,49,380,18620,Thursday,0,0,None,60,1,0,25.1
2025-11-27,Station Road,Ghewar,Sweet,4,500,2000,Thursday,0,0,None,60,1,0,25.1
2025-11-27,Station Road,Gajak,Sweet,32,320,10240,Thursday,0,0,None,60,1,0,25.1
2025-11-27,Station Road,Soan Papdi,Sweet,43,270,11610,Thursday,0,0,None,60,1,1,25.1
2025-11-27,Station Road,Bikaneri Bhujia,Namkeen,137,360,49320,Thursday,0,0,None,60,1,0,25.1
2025-11-27,Station Road,Aloo Bhujia,Namkeen,53,300,15900,Thursday,0,0,None,60,1,0,25.1
2025-11-28,Station Road,Rasgulla,Sweet,62,280,17360,Friday,0,0,None,60,1,0,22.0
2025-11-28,Station Road,Gulab Jamun,Sweet,84,300,25200,Friday,0,0,None,60,1,0,22.0
2025-11-28,Station Road,Kaju Katli,Sweet,42,900,37800,Friday,0,0,None,60,1,0,22.0
2025-11-28,Station Road,Besan Barfi,Sweet,56,420,23520,Friday,0,0,None,60,1,0,22.0
2025-11-28,Station Road,Motichoor Laddu,Sweet,42,380,15960,Friday,0,0,None,60,1,0,22.0
2025-11-28,Station Road,Ghewar,Sweet,2,500,1000,Friday,0,0,None,60,1,0,22.0
2025-11-28,Station Road,Gajak,Sweet,42,320,13440,Friday,0,0,None,60,1,0,22.0
2025-11-28,Station Road,Soan Papdi,Sweet,40,300,12000,Friday,0,0,None,60,1,0,22.0
2025-11-28,Station Road,Bikaneri Bhujia,Namkeen,178,324,57672,Friday,0,0,None,60,1,1,22.0
2025-11-28,Station Road,Aloo Bhujia,Namkeen,61,300,18300,Friday,0,0,None,60,1,0,22.0
2025-11-29,Station Road,Rasgulla,Sweet,73,280,20440,Saturday,1,0,None,60,1,0,23.7
2025-11-29,Station Road,Gulab Jamun,Sweet,92,300,27600,Saturday,1,0,None,60,1,0,23.7
2025-11-29,Station Road,Kaju Katli,Sweet,62,900,55800,Saturday,1,0,None,60,1,0,23.7
2025-11-29,Station Road,Besan Barfi,Sweet,62,420,26040,Saturday,1,0,None,60,1,0,23.7
2025-11-29,Station Road,Motichoor Laddu,Sweet,58,380,22040,Saturday,1,0,None,60,1,0,23.7
2025-11-29,Station Road,Ghewar,Sweet,2,500,1000,Saturday,1,0,None,60,1,0,23.7
2025-11-29,Station Road,Gajak,Sweet,59,320,18880,Saturday,1,0,None,60,1,0,23.7
2025-11-29,Station Road,Soan Papdi,Sweet,28,300,8400,Saturday,1,0,None,60,1,0,23.7
2025-11-29,Station Road,Bikaneri Bhujia,Namkeen,174,360,62640,Saturday,1,0,None,60,1,0,23.7
2025-11-29,Station Road,Aloo Bhujia,Namkeen,60,300,18000,Saturday,1,0,None,60,1,0,23.7
2025-11-30,Station Road,Rasgulla,Sweet,89,280,24920,Sunday,1,0,None,60,1,0,28.9
2025-11-30,Station Road,Gulab Jamun,Sweet,103,300,30900,Sunday,1,0,None,60,1,0,28.9
2025-11-30,Station Road,Kaju Katli,Sweet,49,900,44100,Sunday,1,0,None,60,1,0,28.9
2025-11-30,Station Road,Besan Barfi,Sweet,73,420,30660,Sunday,1,0,None,60,1,0,28.9
2025-11-30,Station Road,Motichoor Laddu,Sweet,62,380,23560,Sunday,1,0,None,60,1,0,28.9
2025-11-30,Station Road,Ghewar,Sweet,2,500,1000,Sunday,1,0,None,60,1,0,28.9
2025-11-30,Station Road,Gajak,Sweet,49,320,15680,Sunday,1,0,None,60,1,0,28.9
2025-11-30,Station Road,Soan Papdi,Sweet,37,300,11100,Sunday,1,0,None,60,1,0,28.9
2025-11-30,Station Road,Bikaneri Bhujia,Namkeen,194,360,69840,Sunday,1,0,None,60,1,0,28.9
2025-11-30,Station Road,Aloo Bhujia,Namkeen,75,300,22500,Sunday,1,0,None,60,1,0,28.9
2025-12-01,Station Road,Rasgulla,Sweet,61,280,17080,Monday,0,0,None,60,1,0,18.7
2025-12-01,Station Road,Gulab Jamun,Sweet,60,300,18000,Monday,0,0,None,60,1,0,18.7
2025-12-01,Station Road,Kaju Katli,Sweet,42,900,37800,Monday,0,0,None,60,1,0,18.7
2025-12-01,Station Road,Besan Barfi,Sweet,51,420,21420,Monday,0,0,None,60,1,0,18.7
2025-12-01,Station Road,Motichoor Laddu,Sweet,30,380,11400,Monday,0,0,None,60,1,0,18.7
2025-12-01,Station Road,Ghewar,Sweet,0,500,0,Monday,0,0,None,60,1,0,18.7
2025-12-01,Station Road,Gajak,Sweet,47,320,15040,Monday,0,0,None,60,1,0,18.7
2025-12-01,Station Road,Soan Papdi,Sweet,25,300,7500,Monday,0,0,None,60,1,0,18.7
2025-12-01,Station Road,Bikaneri Bhujia,Namkeen,137,360,49320,Monday,0,0,None,60,1,0,18.7
2025-12-01,Station Road,Aloo Bhujia,Namkeen,50,300,15000,Monday,0,0,None,60,1,0,18.7
2025-12-02,Station Road,Rasgulla,Sweet,56,280,15680,Tuesday,0,0,None,60,1,0,15.7
2025-12-02,Station Road,Gulab Jamun,Sweet,77,270,20790,Tuesday,0,0,None,60,1,1,15.7
2025-12-02,Station Road,Kaju Katli,Sweet,39,900,35100,Tuesday,0,0,None,60,1,0,15.7
2025-12-02,Station Road,Besan Barfi,Sweet,55,420,23100,Tuesday,0,0,None,60,1,0,15.7
2025-12-02,Station Road,Motichoor Laddu,Sweet,39,380,14820,Tuesday,0,0,None,60,1,0,15.7
2025-12-02,Station Road,Ghewar,Sweet,0,500,0,Tuesday,0,0,None,60,1,0,15.7
2025-12-02,Station Road,Gajak,Sweet,44,320,14080,Tuesday,0,0,None,60,1,0,15.7
2025-12-02,Station Road,Soan Papdi,Sweet,31,300,9300,Tuesday,0,0,None,60,1,0,15.7
2025-12-02,Station Road,Bikaneri Bhujia,Namkeen,120,360,43200,Tuesday,0,0,None,60,1,0,15.7
2025-12-02,Station Road,Aloo Bhujia,Namkeen,48,300,14400,Tuesday,0,0,None,60,1,0,15.7
2025-12-03,Station Road,Rasgulla,Sweet,46,280,12880,Wednesday,0,0,None,60,1,0,18.6
2025-12-03,Station Road,Gulab Jamun,Sweet,68,300,20400,Wednesday,0,0,None,60,1,0,18.6
2025-12-03,Station Road,Kaju Katli,Sweet,47,900,42300,Wednesday,0,0,None,60,1,0,18.6
2025-12-03,Station Road,Besan Barfi,Sweet,46,420,19320,Wednesday,0,0,None,60,1,0,18.6
2025-12-03,Station Road,Motichoor Laddu,Sweet,41,380,15580,Wednesday,0,0,None,60,1,0,18.6
2025-12-03,Station Road,Ghewar,Sweet,1,500,500,Wednesday,0,0,None,60,1,0,18.6
2025-12-03,Station Road,Gajak,Sweet,47,320,15040,Wednesday,0,0,None,60,1,0,18.6
2025-12-03,Station Road,Soan Papdi,Sweet,26,300,7800,Wednesday,0,0,None,60,1,0,18.6
2025-12-03,Station Road,Bikaneri Bhujia,Namkeen,125,360,45000,Wednesday,0,0,None,60,1,0,18.6
2025-12-03,Station Road,Aloo Bhujia,Namkeen,56,300,16800,Wednesday,0,0,None,60,1,0,18.6
2025-12-04,Station Road,Rasgulla,Sweet,64,280,17920,Thursday,0,0,None,60,1,0,17.9
2025-12-04,Station Road,Gulab Jamun,Sweet,67,300,20100,Thursday,0,0,None,60,1,0,17.9
2025-12-04,Station Road,Kaju Katli,Sweet,38,900,34200,Thursday,0,0,None,60,1,0,17.9
2025-12-04,Station Road,Besan Barfi,Sweet,43,420,18060,Thursday,0,0,None,60,1,0,17.9
2025-12-04,Station Road,Motichoor Laddu,Sweet,48,380,18240,Thursday,0,0,None,60,1,0,17.9
2025-12-04,Station Road,Ghewar,Sweet,6,500,3000,Thursday,0,0,None,60,1,0,17.9
2025-12-04,Station Road,Gajak,Sweet,58,320,18560,Thursday,0,0,None,60,1,0,17.9
2025-12-04,Station Road,Soan Papdi,Sweet,28,300,8400,Thursday,0,0,None,60,1,0,17.9
2025-12-04,Station Road,Bikaneri Bhujia,Namkeen,158,360,56880,Thursday,0,0,None,60,1,0,17.9
2025-12-04,Station Road,Aloo Bhujia,Namkeen,59,300,17700,Thursday,0,0,None,60,1,0,17.9
2025-12-05,Station Road,Rasgulla,Sweet,75,280,21000,Friday,0,0,None,60,1,0,18.3
2025-12-05,Station Road,Gulab Jamun,Sweet,68,300,20400,Friday,0,0,None,60,1,0,18.3
2025-12-05,Station Road,Kaju Katli,Sweet,43,900,38700,Friday,0,0,None,60,1,0,18.3
2025-12-05,Station Road,Besan Barfi,Sweet,50,420,21000,Friday,0,0,None,60,1,0,18.3
2025-12-05,Station Road,Motichoor Laddu,Sweet,55,380,20900,Friday,0,0,None,60,1,0,18.3
2025-12-05,Station Road,Ghewar,Sweet,0,500,0,Friday,0,0,None,60,1,0,18.3
2025-12-05,Station Road,Gajak,Sweet,69,320,22080,Friday,0,0,None,60,1,0,18.3
2025-12-05,Station Road,Soan Papdi,Sweet,33,300,9900,Friday,0,0,None,60,1,0,18.3
2025-12-05,Station Road,Bikaneri Bhujia,Namkeen,147,360,52920,Friday,0,0,None,60,1,0,18.3
2025-12-05,Station Road,Aloo Bhujia,Namkeen,54,300,16200,Friday,0,0,None,60,1,0,18.3
2025-12-06,Station Road,Rasgulla,Sweet,82,280,22960,Saturday,1,0,None,60,1,0,18.4
2025-12-06,Station Road,Gulab Jamun,Sweet,80,300,24000,Saturday,1,0,None,60,1,0,18.4
2025-12-06,Station Road,Kaju Katli,Sweet,56,900,50400,Saturday,1,0,None,60,1,0,18.4
2025-12-06,Station Road,Besan Barfi,Sweet,76,420,31920,Saturday,1,0,None,60,1,0,18.4
2025-12-06,Station Road,Motichoor Laddu,Sweet,60,380,22800,Saturday,1,0,None,60,1,0,18.4
2025-12-06,Station Road,Ghewar,Sweet,5,500,2500,Saturday,1,0,None,60,1,0,18.4
2025-12-06,Station Road,Gajak,Sweet,100,288,28800,Saturday,1,0,None,60,1,1,18.4
2025-12-06,Station Road,Soan Papdi,Sweet,30,300,9000,Saturday,1,0,None,60,1,0,18.4
2025-12-06,Station Road,Bikaneri Bhujia,Namkeen,176,360,63360,Saturday,1,0,None,60,1,0,18.4
2025-12-06,Station Road,Aloo Bhujia,Namkeen,62,300,18600,Saturday,1,0,None,60,1,0,18.4
2025-12-07,Station Road,Rasgulla,Sweet,85,280,23800,Sunday,1,0,None,60,1,0,17.1
2025-12-07,Station Road,Gulab Jamun,Sweet,85,300,25500,Sunday,1,0,None,60,1,0,17.1
2025-12-07,Station Road,Kaju Katli,Sweet,65,900,58500,Sunday,1,0,None,60,1,0,17.1
2025-12-07,Station Road,Besan Barfi,Sweet,59,420,24780,Sunday,1,0,None,60,1,0,17.1
2025-12-07,Station Road,Motichoor Laddu,Sweet,46,380,17480,Sunday,1,0,None,60,1,0,17.1
2025-12-07,Station Road,Ghewar,Sweet,3,500,1500,Sunday,1,0,None,60,1,0,17.1
2025-12-07,Station Road,Gajak,Sweet,92,320,29440,Sunday,1,0,None,60,1,0,17.1
2025-12-07,Station Road,Soan Papdi,Sweet,47,300,14100,Sunday,1,0,None,60,1,0,17.1
2025-12-07,Station Road,Bikaneri Bhujia,Namkeen,193,360,69480,Sunday,1,0,None,60,1,0,17.1
2025-12-07,Station Road,Aloo Bhujia,Namkeen,92,300,27600,Sunday,1,0,None,60,1,0,17.1
2025-12-08,Station Road,Rasgulla,Sweet,52,280,14560,Monday,0,0,None,60,1,0,15.7
2025-12-08,Station Road,Gulab Jamun,Sweet,49,300,14700,Monday,0,0,None,60,1,0,15.7
2025-12-08,Station Road,Kaju Katli,Sweet,43,900,38700,Monday,0,0,None,60,1,0,15.7
2025-12-08,Station Road,Besan Barfi,Sweet,52,420,21840,Monday,0,0,None,60,1,0,15.7
2025-12-08,Station Road,Motichoor Laddu,Sweet,42,380,15960,Monday,0,0,None,60,1,0,15.7
2025-12-08,Station Road,Ghewar,Sweet,1,500,500,Monday,0,0,None,60,1,0,15.7
2025-12-08,Station Road,Gajak,Sweet,54,320,17280,Monday,0,0,None,60,1,0,15.7
2025-12-08,Station Road,Soan Papdi,Sweet,25,300,7500,Monday,0,0,None,60,1,0,15.7
2025-12-08,Station Road,Bikaneri Bhujia,Namkeen,120,360,43200,Monday,0,0,None,60,1,0,15.7
2025-12-08,Station Road,Aloo Bhujia,Namkeen,61,300,18300,Monday,0,0,None,60,1,0,15.7
2025-12-09,Station Road,Rasgulla,Sweet,57,280,15960,Tuesday,0,0,None,60,1,0,15.0
2025-12-09,Station Road,Gulab Jamun,Sweet,60,300,18000,Tuesday,0,0,None,60,1,0,15.0
2025-12-09,Station Road,Kaju Katli,Sweet,35,900,31500,Tuesday,0,0,None,60,1,0,15.0
2025-12-09,Station Road,Besan Barfi,Sweet,38,420,15960,Tuesday,0,0,None,60,1,0,15.0
2025-12-09,Station Road,Motichoor Laddu,Sweet,44,380,16720,Tuesday,0,0,None,60,1,0,15.0
2025-12-09,Station Road,Ghewar,Sweet,0,500,0,Tuesday,0,0,None,60,1,0,15.0
2025-12-09,Station Road,Gajak,Sweet,37,320,11840,Tuesday,0,0,None,60,1,0,15.0
2025-12-09,Station Road,Soan Papdi,Sweet,27,300,8100,Tuesday,0,0,None,60,1,0,15.0
2025-12-09,Station Road,Bikaneri Bhujia,Namkeen,138,360,49680,Tuesday,0,0,None,60,1,0,15.0
2025-12-09,Station Road,Aloo Bhujia,Namkeen,43,300,12900,Tuesday,0,0,None,60,1,0,15.0
2025-12-10,Station Road,Rasgulla,Sweet,78,280,21840,Wednesday,0,0,None,60,1,0,17.4
2025-12-10,Station Road,Gulab Jamun,Sweet,70,300,21000,Wednesday,0,0,None,60,1,0,17.4
2025-12-10,Station Road,Kaju Katli,Sweet,32,900,28800,Wednesday,0,0,None,60,1,0,17.4
2025-12-10,Station Road,Besan Barfi,Sweet,50,420,21000,Wednesday,0,0,None,60,1,0,17.4
2025-12-10,Station Road,Motichoor Laddu,Sweet,56,342,19152,Wednesday,0,0,None,60,1,1,17.4
2025-12-10,Station Road,Ghewar,Sweet,1,500,500,Wednesday,0,0,None,60,1,0,17.4
2025-12-10,Station Road,Gajak,Sweet,50,320,16000,Wednesday,0,0,None,60,1,0,17.4
2025-12-10,Station Road,Soan Papdi,Sweet,29,300,8700,Wednesday,0,0,None,60,1,0,17.4
2025-12-10,Station Road,Bikaneri Bhujia,Namkeen,145,360,52200,Wednesday,0,0,None,60,1,0,17.4
2025-12-10,Station Road,Aloo Bhujia,Namkeen,52,300,15600,Wednesday,0,0,None,60,1,0,17.4
2025-12-11,Station Road,Rasgulla,Sweet,76,280,21280,Thursday,0,0,None,60,1,0,18.6
2025-12-11,Station Road,Gulab Jamun,Sweet,85,300,25500,Thursday,0,0,None,60,1,0,18.6
2025-12-11,Station Road,Kaju Katli,Sweet,32,900,28800,Thursday,0,0,None,60,1,0,18.6
2025-12-11,Station Road,Besan Barfi,Sweet,51,420,21420,Thursday,0,0,None,60,1,0,18.6
2025-12-11,Station Road,Motichoor Laddu,Sweet,37,380,14060,Thursday,0,0,None,60,1,0,18.6
2025-12-11,Station Road,Ghewar,Sweet,3,500,1500,Thursday,0,0,None,60,1,0,18.6
2025-12-11,Station Road,Gajak,Sweet,58,320,18560,Thursday,0,0,None,60,1,0,18.6
2025-12-11,Station Road,Soan Papdi,Sweet,29,300,8700,Thursday,0,0,None,60,1,0,18.6
2025-12-11,Station Road,Bikaneri Bhujia,Namkeen,134,360,48240,Thursday,0,0,None,60,1,0,18.6
2025-12-11,Station Road,Aloo Bhujia,Namkeen,68,300,20400,Thursday,0,0,None,60,1,0,18.6
2025-12-12,Station Road,Rasgulla,Sweet,70,280,19600,Friday,0,0,None,60,1,0,19.4
2025-12-12,Station Road,Gulab Jamun,Sweet,71,300,21300,Friday,0,0,None,60,1,0,19.4
2025-12-12,Station Road,Kaju Katli,Sweet,60,810,48600,Friday,0,0,None,60,1,1,19.4
2025-12-12,Station Road,Besan Barfi,Sweet,53,420,22260,Friday,0,0,None,60,1,0,19.4
2025-12-12,Station Road,Motichoor Laddu,Sweet,64,380,24320,Friday,0,0,None,60,1,0,19.4
2025-12-12,Station Road,Ghewar,Sweet,3,500,1500,Friday,0,0,None,60,1,0,19.4
2025-12-12,Station Road,Gajak,Sweet,61,320,19520,Friday,0,0,None,60,1,0,19.4
2025-12-12,Station Road,Soan Papdi,Sweet,32,300,9600,Friday,0,0,None,60,1,0,19.4
2025-12-12,Station Road,Bikaneri Bhujia,Namkeen,153,360,55080,Friday,0,0,None,60,1,0,19.4
2025-12-12,Station Road,Aloo Bhujia,Namkeen,52,300,15600,Friday,0,0,None,60,1,0,19.4
2025-12-13,Station Road,Rasgulla,Sweet,70,280,19600,Saturday,1,0,None,60,1,0,15.4
2025-12-13,Station Road,Gulab Jamun,Sweet,102,300,30600,Saturday,1,0,None,60,1,0,15.4
2025-12-13,Station Road,Kaju Katli,Sweet,47,900,42300,Saturday,1,0,None,60,1,0,15.4
2025-12-13,Station Road,Besan Barfi,Sweet,66,420,27720,Saturday,1,0,None,60,1,0,15.4
2025-12-13,Station Road,Motichoor Laddu,Sweet,48,380,18240,Saturday,1,0,None,60,1,0,15.4
2025-12-13,Station Road,Ghewar,Sweet,3,500,1500,Saturday,1,0,None,60,1,0,15.4
2025-12-13,Station Road,Gajak,Sweet,92,320,29440,Saturday,1,0,None,60,1,0,15.4
2025-12-13,Station Road,Soan Papdi,Sweet,40,270,10800,Saturday,1,0,None,60,1,1,15.4
2025-12-13,Station Road,Bikaneri Bhujia,Namkeen,193,360,69480,Saturday,1,0,None,60,1,0,15.4
2025-12-13,Station Road,Aloo Bhujia,Namkeen,90,270,24300,Saturday,1,0,None,60,1,1,15.4
2025-12-14,Station Road,Rasgulla,Sweet,100,280,28000,Sunday,1,0,None,60,1,0,18.7
2025-12-14,Station Road,Gulab Jamun,Sweet,110,300,33000,Sunday,1,0,None,60,1,0,18.7
2025-12-14,Station Road,Kaju Katli,Sweet,48,900,43200,Sunday,1,0,None,60,1,0,18.7
2025-12-14,Station Road,Besan Barfi,Sweet,69,420,28980,Sunday,1,0,None,60,1,0,18.7
2025-12-14,Station Road,Motichoor Laddu,Sweet,69,380,26220,Sunday,1,0,None,60,1,0,18.7
2025-12-14,Station Road,Ghewar,Sweet,3,500,1500,Sunday,1,0,None,60,1,0,18.7
2025-12-14,Station Road,Gajak,Sweet,94,320,30080,Sunday,1,0,None,60,1,0,18.7
2025-12-14,Station Road,Soan Papdi,Sweet,44,300,13200,Sunday,1,0,None,60,1,0,18.7
2025-12-14,Station Road,Bikaneri Bhujia,Namkeen,189,360,68040,Sunday,1,0,None,60,1,0,18.7
2025-12-14,Station Road,Aloo Bhujia,Namkeen,77,300,23100,Sunday,1,0,None,60,1,0,18.7
2025-12-15,Station Road,Rasgulla,Sweet,49,280,13720,Monday,0,0,None,60,1,0,16.5
2025-12-15,Station Road,Gulab Jamun,Sweet,63,300,18900,Monday,0,0,None,60,1,0,16.5
2025-12-15,Station Road,Kaju Katli,Sweet,32,900,28800,Monday,0,0,None,60,1,0,16.5
2025-12-15,Station Road,Besan Barfi,Sweet,48,420,20160,Monday,0,0,None,60,1,0,16.5
2025-12-15,Station Road,Motichoor Laddu,Sweet,39,380,14820,Monday,0,0,None,60,1,0,16.5
2025-12-15,Station Road,Ghewar,Sweet,0,500,0,Monday,0,0,None,60,1,0,16.5
2025-12-15,Station Road,Gajak,Sweet,48,320,15360,Monday,0,0,None,60,1,0,16.5
2025-12-15,Station Road,Soan Papdi,Sweet,25,300,7500,Monday,0,0,None,60,1,0,16.5
2025-12-15,Station Road,Bikaneri Bhujia,Namkeen,124,360,44640,Monday,0,0,None,60,1,0,16.5
2025-12-15,Station Road,Aloo Bhujia,Namkeen,50,300,15000,Monday,0,0,None,60,1,0,16.5
2025-12-16,Station Road,Rasgulla,Sweet,57,280,15960,Tuesday,0,0,None,60,1,0,15.2
2025-12-16,Station Road,Gulab Jamun,Sweet,61,300,18300,Tuesday,0,0,None,60,1,0,15.2
2025-12-16,Station Road,Kaju Katli,Sweet,42,900,37800,Tuesday,0,0,None,60,1,0,15.2
2025-12-16,Station Road,Besan Barfi,Sweet,49,420,20580,Tuesday,0,0,None,60,1,0,15.2
2025-12-16,Station Road,Motichoor Laddu,Sweet,49,380,18620,Tuesday,0,0,None,60,1,0,15.2
2025-12-16,Station Road,Ghewar,Sweet,0,500,0,Tuesday,0,0,None,60,1,0,15.2
2025-12-16,Station Road,Gajak,Sweet,52,320,16640,Tuesday,0,0,None,60,1,0,15.2
2025-12-16,Station Road,Soan Papdi,Sweet,28,300,8400,Tuesday,0,0,None,60,1,0,15.2
2025-12-16,Station Road,Bikaneri Bhujia,Namkeen,117,360,42120,Tuesday,0,0,None,60,1,0,15.2
2025-12-16,Station Road,Aloo Bhujia,Namkeen,45,300,13500,Tuesday,0,0,None,60,1,0,15.2
2025-12-17,Station Road,Rasgulla,Sweet,61,280,17080,Wednesday,0,0,None,60,1,0,21.8
2025-12-17,Station Road,Gulab Jamun,Sweet,65,300,19500,Wednesday,0,0,None,60,1,0,21.8
2025-12-17,Station Road,Kaju Katli,Sweet,44,900,39600,Wednesday,0,0,None,60,1,0,21.8
2025-12-17,Station Road,Besan Barfi,Sweet,52,420,21840,Wednesday,0,0,None,60,1,0,21.8
2025-12-17,Station Road,Motichoor Laddu,Sweet,39,380,14820,Wednesday,0,0,None,60,1,0,21.8
2025-12-17,Station Road,Ghewar,Sweet,2,500,1000,Wednesday,0,0,None,60,1,0,21.8
2025-12-17,Station Road,Gajak,Sweet,56,288,16128,Wednesday,0,0,None,60,1,1,21.8
2025-12-17,Station Road,Soan Papdi,Sweet,20,300,6000,Wednesday,0,0,None,60,1,0,21.8
2025-12-17,Station Road,Bikaneri Bhujia,Namkeen,144,360,51840,Wednesday,0,0,None,60,1,0,21.8
2025-12-17,Station Road,Aloo Bhujia,Namkeen,57,300,17100,Wednesday,0,0,None,60,1,0,21.8
2025-12-18,Station Road,Rasgulla,Sweet,76,280,21280,Thursday,0,0,None,60,1,0,18.5
2025-12-18,Station Road,Gulab Jamun,Sweet,51,300,15300,Thursday,0,0,None,60,1,0,18.5
2025-12-18,Station Road,Kaju Katli,Sweet,49,900,44100,Thursday,0,0,None,60,1,0,18.5
2025-12-18,Station Road,Besan Barfi,Sweet,49,420,20580,Thursday,0,0,None,60,1,0,18.5
2025-12-18,Station Road,Motichoor Laddu,Sweet,35,380,13300,Thursday,0,0,None,60,1,0,18.5
2025-12-18,Station Road,Ghewar,Sweet,5,500,2500,Thursday,0,0,None,60,1,0,18.5
2025-12-18,Station Road,Gajak,Sweet,64,320,20480,Thursday,0,0,None,60,1,0,18.5
2025-12-18,Station Road,Soan Papdi,Sweet,20,300,6000,Thursday,0,0,None,60,1,0,18.5
2025-12-18,Station Road,Bikaneri Bhujia,Namkeen,134,360,48240,Thursday,0,0,None,60,1,0,18.5
2025-12-18,Station Road,Aloo Bhujia,Namkeen,59,300,17700,Thursday,0,0,None,60,1,0,18.5
2025-12-19,Station Road,Rasgulla,Sweet,84,280,23520,Friday,0,0,pre-Christmas/NY,60,1,0,19.5
2025-12-19,Station Road,Gulab Jamun,Sweet,87,300,26100,Friday,0,0,pre-Christmas/NY,60,1,0,19.5
2025-12-19,Station Road,Kaju Katli,Sweet,60,900,54000,Friday,0,0,pre-Christmas/NY,60,1,0,19.5
2025-12-19,Station Road,Besan Barfi,Sweet,75,420,31500,Friday,0,0,pre-Christmas/NY,60,1,0,19.5
2025-12-19,Station Road,Motichoor Laddu,Sweet,51,380,19380,Friday,0,0,pre-Christmas/NY,60,1,0,19.5
2025-12-19,Station Road,Ghewar,Sweet,1,500,500,Friday,0,0,pre-Christmas/NY,60,1,0,19.5
2025-12-19,Station Road,Gajak,Sweet,83,320,26560,Friday,0,0,pre-Christmas/NY,60,1,0,19.5
2025-12-19,Station Road,Soan Papdi,Sweet,45,300,13500,Friday,0,0,pre-Christmas/NY,60,1,0,19.5
2025-12-19,Station Road,Bikaneri Bhujia,Namkeen,151,360,54360,Friday,0,0,pre-Christmas/NY,60,1,0,19.5
2025-12-19,Station Road,Aloo Bhujia,Namkeen,61,300,18300,Friday,0,0,pre-Christmas/NY,60,1,0,19.5
2025-12-20,Station Road,Rasgulla,Sweet,112,280,31360,Saturday,1,0,pre-Christmas/NY,60,1,0,19.0
2025-12-20,Station Road,Gulab Jamun,Sweet,127,300,38100,Saturday,1,0,pre-Christmas/NY,60,1,0,19.0
2025-12-20,Station Road,Kaju Katli,Sweet,72,900,64800,Saturday,1,0,pre-Christmas/NY,60,1,0,19.0
2025-12-20,Station Road,Besan Barfi,Sweet,100,420,42000,Saturday,1,0,pre-Christmas/NY,60,1,0,19.0
2025-12-20,Station Road,Motichoor Laddu,Sweet,103,380,39140,Saturday,1,0,pre-Christmas/NY,60,1,0,19.0
2025-12-20,Station Road,Ghewar,Sweet,5,500,2500,Saturday,1,0,pre-Christmas/NY,60,1,0,19.0
2025-12-20,Station Road,Gajak,Sweet,105,320,33600,Saturday,1,0,pre-Christmas/NY,60,1,0,19.0
2025-12-20,Station Road,Soan Papdi,Sweet,68,300,20400,Saturday,1,0,pre-Christmas/NY,60,1,0,19.0
2025-12-20,Station Road,Bikaneri Bhujia,Namkeen,226,360,81360,Saturday,1,0,pre-Christmas/NY,60,1,0,19.0
2025-12-20,Station Road,Aloo Bhujia,Namkeen,104,300,31200,Saturday,1,0,pre-Christmas/NY,60,1,0,19.0
2025-12-21,Station Road,Rasgulla,Sweet,149,280,41720,Sunday,1,0,pre-Christmas/NY,60,1,0,18.9
2025-12-21,Station Road,Gulab Jamun,Sweet,161,300,48300,Sunday,1,0,pre-Christmas/NY,60,1,0,18.9
2025-12-21,Station Road,Kaju Katli,Sweet,101,900,90900,Sunday,1,0,pre-Christmas/NY,60,1,0,18.9
2025-12-21,Station Road,Besan Barfi,Sweet,129,420,54180,Sunday,1,0,pre-Christmas/NY,60,1,0,18.9
2025-12-21,Station Road,Motichoor Laddu,Sweet,119,380,45220,Sunday,1,0,pre-Christmas/NY,60,1,0,18.9
2025-12-21,Station Road,Ghewar,Sweet,5,500,2500,Sunday,1,0,pre-Christmas/NY,60,1,0,18.9
2025-12-21,Station Road,Gajak,Sweet,119,320,38080,Sunday,1,0,pre-Christmas/NY,60,1,0,18.9
2025-12-21,Station Road,Soan Papdi,Sweet,90,300,27000,Sunday,1,0,pre-Christmas/NY,60,1,0,18.9
2025-12-21,Station Road,Bikaneri Bhujia,Namkeen,273,360,98280,Sunday,1,0,pre-Christmas/NY,60,1,0,18.9
2025-12-21,Station Road,Aloo Bhujia,Namkeen,127,270,34290,Sunday,1,0,pre-Christmas/NY,60,1,1,18.9
2025-12-22,Station Road,Rasgulla,Sweet,121,252,30492,Monday,0,0,pre-Christmas/NY,60,1,1,15.6
2025-12-22,Station Road,Gulab Jamun,Sweet,99,300,29700,Monday,0,0,pre-Christmas/NY,60,1,0,15.6
2025-12-22,Station Road,Kaju Katli,Sweet,82,900,73800,Monday,0,0,pre-Christmas/NY,60,1,0,15.6
2025-12-22,Station Road,Besan Barfi,Sweet,99,420,41580,Monday,0,0,pre-Christmas/NY,60,1,0,15.6
2025-12-22,Station Road,Motichoor Laddu,Sweet,91,380,34580,Monday,0,0,pre-Christmas/NY,60,1,0,15.6
2025-12-22,Station Road,Ghewar,Sweet,5,500,2500,Monday,0,0,pre-Christmas/NY,60,1,0,15.6
2025-12-22,Station Road,Gajak,Sweet,69,320,22080,Monday,0,0,pre-Christmas/NY,60,1,0,15.6
2025-12-22,Station Road,Soan Papdi,Sweet,43,300,12900,Monday,0,0,pre-Christmas/NY,60,1,0,15.6
2025-12-22,Station Road,Bikaneri Bhujia,Namkeen,187,360,67320,Monday,0,0,pre-Christmas/NY,60,1,0,15.6
2025-12-22,Station Road,Aloo Bhujia,Namkeen,67,300,20100,Monday,0,0,pre-Christmas/NY,60,1,0,15.6
2025-12-23,Station Road,Rasgulla,Sweet,97,280,27160,Tuesday,0,0,pre-Christmas/NY,60,1,0,18.4
2025-12-23,Station Road,Gulab Jamun,Sweet,124,300,37200,Tuesday,0,0,pre-Christmas/NY,60,1,0,18.4
2025-12-23,Station Road,Kaju Katli,Sweet,74,900,66600,Tuesday,0,0,pre-Christmas/NY,60,1,0,18.4
2025-12-23,Station Road,Besan Barfi,Sweet,116,420,48720,Tuesday,0,0,pre-Christmas/NY,60,1,0,18.4
2025-12-23,Station Road,Motichoor Laddu,Sweet,89,380,33820,Tuesday,0,0,pre-Christmas/NY,60,1,0,18.4
2025-12-23,Station Road,Ghewar,Sweet,3,500,1500,Tuesday,0,0,pre-Christmas/NY,60,1,0,18.4
2025-12-23,Station Road,Gajak,Sweet,72,320,23040,Tuesday,0,0,pre-Christmas/NY,60,1,0,18.4
2025-12-23,Station Road,Soan Papdi,Sweet,59,300,17700,Tuesday,0,0,pre-Christmas/NY,60,1,0,18.4
2025-12-23,Station Road,Bikaneri Bhujia,Namkeen,228,360,82080,Tuesday,0,0,pre-Christmas/NY,60,1,0,18.4
2025-12-23,Station Road,Aloo Bhujia,Namkeen,76,300,22800,Tuesday,0,0,pre-Christmas/NY,60,1,0,18.4
2025-12-24,Station Road,Rasgulla,Sweet,119,280,33320,Wednesday,0,0,pre-Christmas/NY,60,1,0,19.4
2025-12-24,Station Road,Gulab Jamun,Sweet,149,300,44700,Wednesday,0,0,pre-Christmas/NY,60,1,0,19.4
2025-12-24,Station Road,Kaju Katli,Sweet,117,900,105300,Wednesday,0,0,pre-Christmas/NY,60,1,0,19.4
2025-12-24,Station Road,Besan Barfi,Sweet,117,420,49140,Wednesday,0,0,pre-Christmas/NY,60,1,0,19.4
2025-12-24,Station Road,Motichoor Laddu,Sweet,94,380,35720,Wednesday,0,0,pre-Christmas/NY,60,1,0,19.4
2025-12-24,Station Road,Ghewar,Sweet,4,500,2000,Wednesday,0,0,pre-Christmas/NY,60,1,0,19.4
2025-12-24,Station Road,Gajak,Sweet,96,320,30720,Wednesday,0,0,pre-Christmas/NY,60,1,0,19.4
2025-12-24,Station Road,Soan Papdi,Sweet,55,300,16500,Wednesday,0,0,pre-Christmas/NY,60,1,0,19.4
2025-12-24,Station Road,Bikaneri Bhujia,Namkeen,248,360,89280,Wednesday,0,0,pre-Christmas/NY,60,1,0,19.4
2025-12-24,Station Road,Aloo Bhujia,Namkeen,100,300,30000,Wednesday,0,0,pre-Christmas/NY,60,1,0,19.4
2025-12-25,Station Road,Rasgulla,Sweet,271,252,68292,Thursday,0,1,Christmas/NY,60,1,1,16.6
2025-12-25,Station Road,Gulab Jamun,Sweet,233,300,69900,Thursday,0,1,Christmas/NY,60,1,0,16.6
2025-12-25,Station Road,Kaju Katli,Sweet,167,900,150300,Thursday,0,1,Christmas/NY,60,1,0,16.6
2025-12-25,Station Road,Besan Barfi,Sweet,213,420,89460,Thursday,0,1,Christmas/NY,60,1,0,16.6
2025-12-25,Station Road,Motichoor Laddu,Sweet,195,380,74100,Thursday,0,1,Christmas/NY,60,1,0,16.6
2025-12-25,Station Road,Ghewar,Sweet,4,500,2000,Thursday,0,1,Christmas/NY,60,1,0,16.6
2025-12-25,Station Road,Gajak,Sweet,121,320,38720,Thursday,0,1,Christmas/NY,60,1,0,16.6
2025-12-25,Station Road,Soan Papdi,Sweet,111,300,33300,Thursday,0,1,Christmas/NY,60,1,0,16.6
2025-12-25,Station Road,Bikaneri Bhujia,Namkeen,415,360,149400,Thursday,0,1,Christmas/NY,60,1,0,16.6
2025-12-25,Station Road,Aloo Bhujia,Namkeen,142,300,42600,Thursday,0,1,Christmas/NY,60,1,0,16.6
2025-12-26,Station Road,Rasgulla,Sweet,66,280,18480,Friday,0,0,None,60,1,0,20.2
2025-12-26,Station Road,Gulab Jamun,Sweet,76,300,22800,Friday,0,0,None,60,1,0,20.2
2025-12-26,Station Road,Kaju Katli,Sweet,51,900,45900,Friday,0,0,None,60,1,0,20.2
2025-12-26,Station Road,Besan Barfi,Sweet,56,420,23520,Friday,0,0,None,60,1,0,20.2
2025-12-26,Station Road,Motichoor Laddu,Sweet,66,380,25080,Friday,0,0,None,60,1,0,20.2
2025-12-26,Station Road,Ghewar,Sweet,4,450,1800,Friday,0,0,None,60,1,1,20.2
2025-12-26,Station Road,Gajak,Sweet,77,320,24640,Friday,0,0,None,60,1,0,20.2
2025-12-26,Station Road,Soan Papdi,Sweet,34,300,10200,Friday,0,0,None,60,1,0,20.2
2025-12-26,Station Road,Bikaneri Bhujia,Namkeen,144,360,51840,Friday,0,0,None,60,1,0,20.2
2025-12-26,Station Road,Aloo Bhujia,Namkeen,60,300,18000,Friday,0,0,None,60,1,0,20.2
2025-12-27,Station Road,Rasgulla,Sweet,70,280,19600,Saturday,1,0,None,60,1,0,16.4
2025-12-27,Station Road,Gulab Jamun,Sweet,102,300,30600,Saturday,1,0,None,60,1,0,16.4
2025-12-27,Station Road,Kaju Katli,Sweet,45,900,40500,Saturday,1,0,None,60,1,0,16.4
2025-12-27,Station Road,Besan Barfi,Sweet,64,420,26880,Saturday,1,0,None,60,1,0,16.4
2025-12-27,Station Road,Motichoor Laddu,Sweet,62,380,23560,Saturday,1,0,None,60,1,0,16.4
2025-12-27,Station Road,Ghewar,Sweet,0,500,0,Saturday,1,0,None,60,1,0,16.4
2025-12-27,Station Road,Gajak,Sweet,81,320,25920,Saturday,1,0,None,60,1,0,16.4
2025-12-27,Station Road,Soan Papdi,Sweet,40,300,12000,Saturday,1,0,None,60,1,0,16.4
2025-12-27,Station Road,Bikaneri Bhujia,Namkeen,173,360,62280,Saturday,1,0,None,60,1,0,16.4
2025-12-27,Station Road,Aloo Bhujia,Namkeen,74,300,22200,Saturday,1,0,None,60,1,0,16.4
2025-12-28,Station Road,Rasgulla,Sweet,73,280,20440,Sunday,1,0,None,60,1,0,19.4
2025-12-28,Station Road,Gulab Jamun,Sweet,93,300,27900,Sunday,1,0,None,60,1,0,19.4
2025-12-28,Station Road,Kaju Katli,Sweet,79,900,71100,Sunday,1,0,None,60,1,0,19.4
2025-12-28,Station Road,Besan Barfi,Sweet,67,420,28140,Sunday,1,0,None,60,1,0,19.4
2025-12-28,Station Road,Motichoor Laddu,Sweet,53,380,20140,Sunday,1,0,None,60,1,0,19.4
2025-12-28,Station Road,Ghewar,Sweet,0,500,0,Sunday,1,0,None,60,1,0,19.4
2025-12-28,Station Road,Gajak,Sweet,93,320,29760,Sunday,1,0,None,60,1,0,19.4
2025-12-28,Station Road,Soan Papdi,Sweet,52,300,15600,Sunday,1,0,None,60,1,0,19.4
2025-12-28,Station Road,Bikaneri Bhujia,Namkeen,208,360,74880,Sunday,1,0,None,60,1,0,19.4
2025-12-28,Station Road,Aloo Bhujia,Namkeen,78,300,23400,Sunday,1,0,None,60,1,0,19.4
2025-12-29,Station Road,Rasgulla,Sweet,44,280,12320,Monday,0,0,None,60,1,0,20.6
2025-12-29,Station Road,Gulab Jamun,Sweet,59,300,17700,Monday,0,0,None,60,1,0,20.6
2025-12-29,Station Road,Kaju Katli,Sweet,39,900,35100,Monday,0,0,None,60,1,0,20.6
2025-12-29,Station Road,Besan Barfi,Sweet,65,378,24570,Monday,0,0,None,60,1,1,20.6
2025-12-29,Station Road,Motichoor Laddu,Sweet,46,380,17480,Monday,0,0,None,60,1,0,20.6
2025-12-29,Station Road,Ghewar,Sweet,2,500,1000,Monday,0,0,None,60,1,0,20.6
2025-12-29,Station Road,Gajak,Sweet,66,320,21120,Monday,0,0,None,60,1,0,20.6
2025-12-29,Station Road,Soan Papdi,Sweet,31,300,9300,Monday,0,0,None,60,1,0,20.6
2025-12-29,Station Road,Bikaneri Bhujia,Namkeen,124,360,44640,Monday,0,0,None,60,1,0,20.6
2025-12-29,Station Road,Aloo Bhujia,Namkeen,46,300,13800,Monday,0,0,None,60,1,0,20.6
2025-12-30,Station Road,Rasgulla,Sweet,60,252,15120,Tuesday,0,0,None,60,1,1,18.9
2025-12-30,Station Road,Gulab Jamun,Sweet,58,300,17400,Tuesday,0,0,None,60,1,0,18.9
2025-12-30,Station Road,Kaju Katli,Sweet,36,900,32400,Tuesday,0,0,None,60,1,0,18.9
2025-12-30,Station Road,Besan Barfi,Sweet,45,420,18900,Tuesday,0,0,None,60,1,0,18.9
2025-12-30,Station Road,Motichoor Laddu,Sweet,49,380,18620,Tuesday,0,0,None,60,1,0,18.9
2025-12-30,Station Road,Ghewar,Sweet,2,500,1000,Tuesday,0,0,None,60,1,0,18.9
2025-12-30,Station Road,Gajak,Sweet,55,320,17600,Tuesday,0,0,None,60,1,0,18.9
2025-12-30,Station Road,Soan Papdi,Sweet,29,300,8700,Tuesday,0,0,None,60,1,0,18.9
2025-12-30,Station Road,Bikaneri Bhujia,Namkeen,114,360,41040,Tuesday,0,0,None,60,1,0,18.9
2025-12-30,Station Road,Aloo Bhujia,Namkeen,61,270,16470,Tuesday,0,0,None,60,1,1,18.9
2025-12-31,Station Road,Rasgulla,Sweet,50,280,14000,Wednesday,0,0,None,60,1,0,16.8
2025-12-31,Station Road,Gulab Jamun,Sweet,70,300,21000,Wednesday,0,0,None,60,1,0,16.8
2025-12-31,Station Road,Kaju Katli,Sweet,39,900,35100,Wednesday,0,0,None,60,1,0,16.8
2025-12-31,Station Road,Besan Barfi,Sweet,38,420,15960,Wednesday,0,0,None,60,1,0,16.8
2025-12-31,Station Road,Motichoor Laddu,Sweet,52,380,19760,Wednesday,0,0,None,60,1,0,16.8
2025-12-31,Station Road,Ghewar,Sweet,3,500,1500,Wednesday,0,0,None,60,1,0,16.8
2025-12-31,Station Road,Gajak,Sweet,60,320,19200,Wednesday,0,0,None,60,1,0,16.8
2025-12-31,Station Road,Soan Papdi,Sweet,26,300,7800,Wednesday,0,0,None,60,1,0,16.8
2025-12-31,Station Road,Bikaneri Bhujia,Namkeen,130,360,46800,Wednesday,0,0,None,60,1,0,16.8
2025-12-31,Station Road,Aloo Bhujia,Namkeen,61,300,18300,Wednesday,0,0,None,60,1,0,16.8
